Price,Close,High,Low,Open,Volume
Ticker,AAPL,AAPL,AAPL,AAPL,AAPL
Date,,,,,
2020-01-02,72.53852081298828,72.59889913772518,71.29231130597061,71.5458973217052,135480400
2020-01-03,71.83328247070312,72.59404771603535,71.6086769224392,71.76565905712691,146322800
2020-01-06,72.40567016601562,72.4443131708714,70.70300468370534,70.95418053006813,118387200
2020-01-07,72.0651626586914,72.67135607636844,71.84538465436648,72.41535254834196,108872000
2020-01-08,73.22440338134766,73.5262949460089,71.76807876823776,71.76807876823776,132079200
2020-01-09,74.77974700927734,74.97295465655091,73.95135835025293,74.20252681762871,170108400
2020-01-10,74.94880676269531,75.51395427727236,74.446462424671,75.01402005997716,140644800
2020-01-13,76.550048828125,76.57661912211044,75.14685723047293,75.26520375211625,121532000
2020-01-14,75.5163803100586,76.69738393857047,75.39321353332888,76.48726853727727,161954400
2020-01-15,75.1927490234375,76.19744522367158,74.7604381579808,75.3159231634684,121923600
2020-01-16,76.1346435546875,76.24574496948411,75.3738782015038,75.73614811924845,108829200
2020-01-17,76.97749328613281,76.97990340589892,76.07664653257878,76.38336559700218,137816400
2020-01-21,76.45586395263672,77.04756709065205,76.31819960849738,76.6056010131108,110843200
2020-01-22,76.72876739501953,77.28182746630861,76.63457368368562,76.94129287751667,101832400
2020-01-23,77.09830474853516,77.17800090627688,76.23368287998045,76.78192286864785,104472000
2020-01-24,76.87609100341797,78.08848500678306,76.68529344990502,77.34462735281411,146537600
2020-01-27,74.61553192138672,75.29659377968004,73.63257108817264,74.88360812840847,161940000
2020-01-28,76.72636413574219,76.89783652233591,75.39804092914581,75.49706227081296,162234000
2020-01-29,78.33240509033203,79.18011893979981,77.61752794800897,78.35897537992071,216229200
2020-01-30,78.21891021728516,78.27204343737134,76.98236331753509,77.41467418230894,126743200
2020-01-31,74.75078582763672,77.9315119457232,74.456139298992,77.50886365949354,199588400
2020-02-03,74.54547882080078,75.71198454702287,72.99013293890515,73.49247724374133,173788400
2020-02-04,77.00650787353516,77.19730542119127,75.74580830506335,76.151548831137,136616400
2020-02-05,77.63444519042969,78.43385354098093,77.03066200298008,78.13437206813377,118826800
2020-02-06,78.54253387451172,78.544951365906,77.34704752803583,77.90494263047137,105425600
2020-02-07,77.47492218017578,78.2907522912515,76.98348700831134,78.04140355652011,117684000
2020-02-10,77.8428955078125,77.8428955078125,75.97883426440146,76.05871954270658,109348800
2020-02-11,77.37325286865234,78.41180589004748,77.15537652396827,78.33918290445037,94323200
2020-02-12,79.21068572998047,79.21552479911539,77.8235277760248,77.8235277760248,113730400
2020-02-13,78.64661407470703,78.97343221924942,78.27864537598826,78.481997082219,94747600
2020-02-14,78.66600036621094,78.91534913157656,78.15761730819476,78.61515688888446,80113600
2020-02-18,77.22557830810547,77.40714314738784,76.16281523598434,76.34438007526671,152531200
2020-02-19,78.34400939941406,78.57399446337855,77.46765770370357,77.46765770370357,93984000
2020-02-20,77.54027557373047,78.59335295390206,77.0343158542038,78.1043410564765,100566000
2020-02-21,75.78516387939453,77.57660960627356,75.1678463572217,77.13358724414647,129554000
2020-02-24,72.1853256225586,73.63784411599852,70.01865663591204,71.96261025745015,222195200
2020-02-25,69.7402572631836,73.23840922009403,69.26819314550896,72.8559159017165,230673600
2020-02-26,70.84661102294922,72.11272604677254,69.35778056176747,69.36504286107494,198054800
2020-02-27,66.21548461914062,69.23672624207228,66.07991679515257,68.05050408823062,320605600
2020-02-28,66.1767578125,67.3992989911438,62.0637108077199,62.27917132496963,426510000
2020-03-02,72.33783721923828,72.97452563881295,67.23223588558308,68.33614928810904,341397200
2020-03-03,70.04044342041016,73.59427022253612,69.18829451063576,73.51438495619033,319475600
2020-03-04,73.28926086425781,73.44903883256075,70.962813265488,71.76411894811032,219178400
2020-03-05,70.9119873046875,72.51701474039015,70.54643429218783,71.5414063518363,187572800
2020-03-06,69.97024536132812,70.40358216932741,68.08197403311165,68.26837793734198,226176800
2020-03-09,64.43616485595703,67.32183170470427,63.66874742529087,63.8503122943744,286744800
2020-03-10,69.07695770263672,69.34325431741347,65.21083618798149,67.09185293080515,285290000
2020-03-11,66.67787170410156,68.0795543718944,65.81362127140751,67.15236648355659,255598800
2020-03-12,60.0931282043457,65.36335211068649,60.037449346112034,61.95961666217629,418474000
2020-03-13,67.29278564453125,67.76485728131117,61.23578029525555,64.12629743078345,370732000
2020-03-16,58.63575744628906,62.71975075656297,58.10074479595678,58.572812608634756,322423600
2020-03-17,61.2139778137207,62.36388471818226,57.71340624039025,59.91881387267281,324056000
2020-03-18,59.71546173095703,60.52161001969285,57.403535489415574,58.04506677199188,300233600
2020-03-19,59.2579231262207,61.209139394324836,58.73259595357314,59.88976893183757,271857200
2020-03-20,55.495906829833984,60.96463960776638,55.195718260351654,59.838935242667574,401693200
2020-03-23,54.31694030761719,55.31675861475192,51.47000473892812,55.21508274022157,336752800
2020-03-24,59.76631164550781,59.962401104198456,56.72086326951332,57.21956082962695,287531200
2020-03-25,59.43706512451172,62.51882454095762,59.14171936553053,60.703176199981115,303602000
2020-03-26,62.5648193359375,62.62291771666115,59.64041473526395,59.6791494517103,252087200
2020-03-27,59.97449493408203,61.942655145225594,59.80745470235101,61.18734664760273,204216800
2020-03-30,61.68605041503906,61.85793342734731,60.376361777058186,60.700760441559225,167976400
2020-03-31,61.56016540527344,63.54527367451045,61.005789027148815,61.87730177654374,197002000
2020-04-01,58.32105255126953,60.211747296676954,57.890138928877285,59.67431503612997,176218400
2020-04-02,59.29424285888672,59.34750218277398,57.35028861884206,58.18306674441,165934000
2020-04-03,58.44209671020508,59.48064606073332,57.851405121245946,58.77859676208636,129880000
2020-04-06,63.540428161621094,63.69535964141811,60.37151755059765,60.73948627952092,201820400
2020-04-07,62.804481506347656,65.77488676591214,62.70038611330759,65.55700306601591,202887200
2020-04-08,64.41194915771484,64.72665861508077,63.240251523791564,63.605797071493534,168895200
2020-04-09,64.87675476074219,65.38029878683781,64.080295544256,65.04864148440106,161834800
2020-04-13,66.15013122558594,66.25907309767462,64.35384627795469,64.95422341312944,131022800
2020-04-14,69.49091339111328,69.78142008992293,67.31213531371759,67.78420685231022,194994800
2020-04-15,68.85665130615234,69.31661411100032,67.93672569645638,68.365216078865,131154400
2020-04-16,69.40377044677734,69.76932337939922,68.35311605698439,69.57081070155868,157125200
2020-04-17,68.46206665039062,69.46673164438027,67.02407209381113,68.9196137310725,215250000
2020-04-20,67.0409927368164,68.1909032698828,67.02162907324754,67.28792562164121,130015200
2020-04-21,64.96875,67.11847920865577,64.25701512989387,66.88365501834329,180991600
2020-04-22,66.84008026123047,67.27583298086698,65.89594444342251,66.23727988733161,116862400
2020-04-23,66.5810546875,68.20787638244808,66.54231995810906,66.78440647588174,124814400
2020-04-24,68.50320434570312,68.51288987249583,67.05794791639367,67.10636816246496,126161200
2020-04-27,68.5516128540039,68.88327005791642,67.77209430824026,68.21994826220036,117087600
2020-04-28,67.44044494628906,69.19557183776718,67.3484582943587,69.01400698692461,112004800
2020-04-29,69.65555572509766,70.12520415593382,68.72594439265023,68.92929617900803,137280800
2020-04-30,71.125,71.30172577794379,69.80563320705274,70.19538886698345,183064000
2020-05-01,69.97992706298828,72.38384357310822,69.20040845206991,69.29724154783354,240616800
2020-05-04,70.9700927734375,71.09839834741294,69.3142216839093,70.00416981818648,133568000
2020-05-05,72.0352554321289,72.86803354943969,71.28478583493806,71.43003920663523,147751200
2020-05-06,72.7784652709961,73.41030748628177,72.3523906692474,72.73730731555251,142333600
2020-05-07,73.53131866455078,73.87750782142626,73.10282840847145,73.40543639979904,115215200
2020-05-08,75.28150939941406,75.33491288731747,73.86389829348582,74.19160117798899,133838400
2020-05-11,76.46607971191406,76.96126753964525,74.57997160607404,74.78873335955656,145946400
2020-05-12,75.59221649169922,77.60211807775983,75.47084560508229,77.15061452744153,162301200
2020-05-13,74.67949676513672,76.69425770409393,73.6017228189693,75.77183462345045,200622400
2020-05-14,75.13829803466797,75.19898348401253,73.19393386714296,73.91730709017112,158929200
2020-05-15,74.69405364990234,74.74017516998981,72.87349072399537,72.90747812106594,166348400
2020-05-18,76.45394897460938,76.8277733901168,75.3276309672179,76.01944652197729,135178400
2020-05-19,76.01217651367188,77.31812127307398,75.9806188920403,76.47095469800648,101729600
2020-05-20,77.49046325683594,77.56085304131686,76.83262768101243,76.8714672558423,111504800
2020-05-21,76.9127426147461,77.89342158394717,76.67485297832786,77.3521046904153,102688800
2020-05-22,77.4079360961914,77.49046741917871,76.54862805066547,76.65057545816492,81803200
2020-05-26,76.88362121582031,78.7066072917133,76.82778792899896,78.52698071099894,125522000
2020-05-27,77.21858215332031,77.36422869926452,76.00002111496565,76.74038797022739,112945200
2020-05-28,77.25257873535156,78.51240928442117,76.6165963973256,76.8933182003932,133560800
2020-05-29,77.17732238769531,77.9565214299296,76.82049167356892,77.49531352794295,153532400
2020-06-01,78.1264419555664,78.24781284336196,77.00011656103608,77.13119919406478,80791200
2020-06-02,78.48812103271484,78.5123966906775,77.41762896521124,77.85942075330303,87642800
2020-06-03,78.9201889038086,79.18235411674509,78.23565545745059,78.808529783871,104491200
2020-06-04,78.24053955078125,79.04158453578323,77.8667151007641,78.74301685979307,87560400
2020-06-05,80.46891021728516,80.5295956699377,78.46143811037989,78.49056594239036,137250400
2020-06-08,80.94467163085938,80.97865903574063,79.45424095843477,80.16547259371143,95654400
2020-06-09,83.500732421875,83.89397287260105,80.59269099061473,80.62424860345651,147712400
2020-06-10,85.64901733398438,86.11750723835495,84.01051015507953,84.44987222819896,166651600
2020-06-11,81.53697204589844,85.21693875406713,81.43502463468259,84.79214058891952,201662400
2020-06-12,82.24092102050781,84.42559727745287,81.12916680700161,83.6779557734375,200146000
2020-06-15,83.25799560546875,83.91097154593938,80.73105294291301,80.8936931849323,138808800
2020-06-16,85.46454620361328,85.73642329479243,83.67796976608146,85.3140474437867,165428800
2020-06-17,85.34557342529297,86.27041892651324,85.22420254683476,86.20973348728414,114406400
2020-06-18,85.37956237792969,85.79707850372552,84.77027818647716,85.3018832364117,96820400
2020-06-19,84.89165496826172,86.55200784219969,83.7823232639959,86.08594777647562,264476000
2020-06-22,87.11273956298828,87.25595632121572,85.23877276466217,85.2848942945191,135445200
2020-06-23,88.97215270996094,90.39219373833417,87.93807025920542,88.35801624501319,212155600
2020-06-24,87.40160369873047,89.520742080351,87.02777928766403,88.60074867063001,192623200
2020-06-25,88.56192016601562,88.6007597441656,86.79718989219901,87.5569729349939,137522400
2020-06-26,85.84078216552734,88.67843434218518,85.6927058184488,88.45753841975109,205256800
2020-06-29,87.81912994384766,87.91380280361521,85.27034099055639,85.74854264287053,130646000
2020-06-30,88.55220794677734,88.83864890811773,87.3870502400666,87.4064663250919,140223200
2020-07-01,88.38469696044922,89.17360766512026,88.33615305412683,88.6298685038104,110737200
2020-07-02,88.38469696044922,89.92853837615466,88.27061544704088,89.29255616257464,114041600
2020-07-06,90.7490005493164,91.21749032739643,89.78288576186722,89.81444337317966,118655600
2020-07-07,90.46745300292969,91.90691027355584,90.35579383560182,91.12771107529522,112424400
2020-07-08,92.57442474365234,92.60598235802769,91.35828614347145,91.4456770300409,117092000
2020-07-09,92.97252655029297,93.52111790635368,91.92388033894679,93.46771442129742,125642800
2020-07-10,93.13516998291016,93.19343305098592,91.95544841683225,92.56715507244024,90257200
2020-07-13,92.70551300048828,97.0530191182004,92.49189905133328,94.44111522553601,191649200
2020-07-14,94.23966217041016,94.4314228800724,91.15198583441334,92.08653594212218,170989200
2020-07-15,94.88777160644531,96.3660683335281,93.68862647798679,96.11604456670572,153198000
2020-07-16,93.72018432617188,94.57706261725646,93.12061176048546,93.75902390463283,110577600
2020-07-17,93.53082275390625,94.3270153946456,93.057473380001,94.17166452732319,92186800
2020-07-20,95.50190734863281,95.64027195651475,93.27353933830152,93.61823596370867,90318000
2020-07-21,94.18380737304688,96.36848331726704,93.9337836446351,96.2932339607085,103433200
2020-07-22,94.44841003417969,95.1305139281555,93.7978637607901,93.88524725666684,89001600
2020-07-23,90.1494369506836,94.25905321228731,89.33868035280699,94.18137407038651,197004400
2020-07-24,89.92610931396484,90.27080586872148,86.55685253817205,88.34586551167968,185438800
2020-07-27,92.057373046875,92.14961609127305,90.76599264897189,90.98931089635573,121214000
2020-07-28,90.54511260986328,91.80494302513247,90.54025303327292,91.62773886108056,103625600
2020-07-29,92.28069305419922,92.46517913170402,90.9917351151661,91.02814489154484,90329200
2020-07-30,93.39734649658203,93.50172370292267,91.04517763130927,91.45298211740241,158130000
2020-07-31,103.17497253417969,103.32547125877302,97.89776098025088,99.897958367961,374336800
2020-08-03,105.77473449707031,108.39634285363456,104.76007559751676,105.05864325676774,308151200
2020-08-04,106.48113250732422,107.57347074715165,105.24071789843816,105.9640912218764,173071600
2020-08-05,106.86708068847656,107.18750165208057,105.73590297725057,106.20197050684659,121776800
2020-08-06,110.5955810546875,111.09077637005811,106.60976509533027,107.19962585470167,202428800
2020-08-07,108.08112335205078,110.57371303352541,107.28349495082885,110.11653442162098,198045600
2020-08-10,109.65204620361328,110.67096868829299,106.99895752533313,109.52802230986417,212403600
2020-08-11,106.39099884033203,109.41371732342775,106.13079507349751,108.91520246878905,187902400
2020-08-12,109.92684936523438,110.18461900895711,107.2883506394418,107.48289124635573,165598000
2020-08-13,111.87226867675781,112.87660092461535,110.81929757369635,111.30809060988061,210082000
2020-08-14,111.77256774902344,111.86254295487012,109.96087794353791,111.69718271594931,165565200
2020-08-17,111.48075103759766,112.92037661537533,110.85335133570575,112.89605718665909,119561600
2020-08-18,112.40970611572266,112.83527017348905,110.89712956784018,111.2327184122214,105633600
2020-08-19,112.55073547363281,113.96604157696903,112.45589935232542,112.8182343383738,145538000
2020-08-20,115.04820251464844,115.16249715621257,112.5750641732495,112.59208851632775,126907200
2020-08-21,120.9769058227539,121.46083051491364,115.99658841174927,116.008744414782,338054800
2020-08-24,122.42383575439453,125.27147262052793,120.55621925237116,125.18635090264807,345937600
2020-08-25,121.41950225830078,121.76482035926398,119.69536076539771,121.29548577928259,211495600
2020-08-26,123.07068634033203,123.52786489142996,121.66997034058484,122.73753168290901,163022400
2020-08-27,121.59945678710938,124.00693190797273,120.45407621046918,123.67377724193759,155552400
2020-08-28,121.40247344970703,122.9928616302125,121.1787451014989,122.57459270019099,187630000
2020-08-31,125.51950073242188,127.42603418683149,122.56244509573105,124.09934102961832,225702700
2020-09-01,130.51930236816406,131.12239765919617,126.96888738067553,129.13804450192882,151948100
2020-09-02,127.81510925292969,134.21559397124165,123.53515699483128,133.83623463401244,200119000
2020-09-03,117.58210754394531,125.32493919241067,117.21247750644518,123.44760124139313,257599600
2020-09-04,117.65992736816406,120.32517168099601,107.86466082006315,116.7942092436904,332607200
2020-09-08,109.74201965332031,115.74368657539894,109.60583975780702,110.84118807317701,231366600
2020-09-09,114.11923217773438,115.88957796939238,112.11543623257383,114.06087149467038,176940500
2020-09-10,110.39371490478516,117.21246714617547,109.43072658875303,117.07628728012027,182274400
2020-09-11,108.94438934326172,112.08627097984936,106.9989538192749,111.44427369473487,180860300
2020-09-14,112.21273803710938,112.76718694572703,109.72258257682635,111.59019917203862,140150100
2020-09-15,112.38780975341797,115.58805204226122,110.51046419860256,115.10169316714062,184642000
2020-09-16,109.07083892822266,112.83525930246253,108.98329789268679,112.08626989830371,154679000
2020-09-17,107.32965850830078,109.13891387317258,105.74413146112666,106.72657833417449,178011000
2020-09-18,103.9251708984375,107.85495187903756,103.19563251538361,107.38805146978207,287104900
2020-09-21,107.07676696777344,107.18376650924331,100.28719410755745,101.68790998043804,195713800
2020-09-22,108.75957489013672,109.78093154907663,106.18187865602258,109.60584204815116,183055400
2020-09-23,104.19754028320312,109.05140034753937,103.8570830937395,108.574770672038,150718700
2020-09-24,105.26751708984375,107.24213295365429,102.13536471776598,102.30072495573343,167743300
2020-09-25,109.21674346923828,109.37238186529035,104.73251422513682,105.4717817638898,149981400
2020-09-28,111.8236312866211,112.17381026918468,109.70310630165157,111.87227014246227,137672400
2020-09-29,110.97736358642578,112.16408041867875,110.47155362609944,111.42482027829774,99382200
2020-09-30,112.65044403076172,114.0608892683136,110.52019713326597,110.68555737521241,142675200
2020-10-01,113.60371398925781,114.50834184995564,112.66990578164197,114.430522644009,116120400
2020-10-02,109.93656158447266,112.22245433262894,109.15839180363562,109.81011094316419,144712000
2020-10-05,113.32160949707031,113.46751863303267,110.4520953152141,110.80227427302496,106243800
2020-10-06,110.07276916503906,112.95201346876634,109.18759224919344,112.54346628078035,161498200
2020-10-07,111.94034576416016,112.39752423407646,111.0162595701548,111.49289654841667,96849000
2020-10-08,111.8333740234375,113.22436086595617,111.46373648547903,113.0784517020909,83477200
2020-10-09,113.77879333496094,113.80797367927401,111.78471903276535,112.13489800701674,100506900
2020-10-12,121.00607299804688,121.76479155165035,116.0257561290457,116.78447468264919,240226800
2020-10-13,117.79612731933594,121.96908768608209,116.38568943923732,121.85235887523848,262330500
2020-10-14,117.88368225097656,119.67347958796176,116.35651547623975,117.69886347897865,150712000
2020-10-15,117.41676330566406,117.89339294386203,114.92660814304054,115.48105698538242,112559200
2020-10-16,115.77288055419922,118.23386306147651,115.56861068687554,117.97122507402565,115393800
2020-10-19,112.81581115722656,117.1346730450766,112.50454176511802,116.68722375774855,120639300
2020-10-20,114.3040771484375,115.73397358180452,112.4753628325675,113.02981171272529,124423700
2020-10-21,113.68152618408203,115.47132328298426,113.27297908868262,113.48697818121386,89946000
2020-10-22,112.59208679199219,114.81961147307034,111.4637305673421,114.24570410467129,101988000
2020-10-23,111.9014663696289,113.37027245377989,111.16219869915412,113.21463402999635,82572600
2020-10-26,111.91117858886719,113.37025519408711,109.80037545983436,110.89955125203169,111850700
2020-10-27,113.41889190673828,114.08034029540528,111.41509565044463,112.3391745749253,92276800
2020-10-28,108.16621398925781,112.28081345722651,108.06894369566764,111.9111833730848,143937800
2020-10-29,112.173828125,113.73990454040626,109.13894560010584,109.30431328354058,146129200
2020-10-30,105.89006042480469,108.93466447069503,104.78116272521534,108.03003661879342,190272600
2020-11-02,105.8025131225586,107.6604077052679,104.39207526396882,106.1332410376146,122866900
2020-11-03,107.42695617675781,108.44830541372347,105.7636096297727,106.66823748036964,107624400
2020-11-04,111.81391143798828,112.43645025464208,109.2848465676762,111.02601237155882,138235500
2020-11-05,115.7825927734375,116.35650010587017,113.68152628924997,114.73205582071998,126387100
2020-11-06,115.65106201171875,116.14799861229584,113.15660323122867,115.2905328204704,114457900
2020-11-09,113.34172058105469,118.86654305221815,113.07863698273503,117.41469537353174,154515300
2020-11-10,113.00068664550781,114.57920314699663,111.20779443592696,112.5914421772737,138023400
2020-11-11,116.43055725097656,116.56697207433398,113.4586543889182,114.18945127149735,112295000
2020-11-12,116.1577377319336,117.44394006005354,115.5341249324846,116.55724363092018,103162300
2020-11-13,116.20646667480469,116.60596516096147,114.85205685711352,116.38185824859463,81581900
2020-11-16,117.21984100341797,117.89216918384535,115.12488813037272,115.87516977446028,91183000
2020-11-17,116.3331298828125,117.58035548799745,115.91413933412841,116.48903680048612,74271000
2020-11-18,115.00796508789062,116.75213491699658,114.9787343957129,115.57311658349965,76322100
2020-11-19,115.60232543945312,116.01156992074252,113.81917921291296,114.57920680217912,74113000
2020-11-20,114.33562469482422,115.72901129196754,114.28690935456355,115.60234248642783,73604300
2020-11-23,110.93497467041016,114.60845147390663,110.83753656463605,114.17971488763942,127959300
2020-11-24,112.2211685180664,112.88375799495019,109.70722543512055,110.99343509676294,113874200
2020-11-25,113.05916595458984,113.76073225947121,112.22118480532058,112.59146004070323,76499200
2020-11-27,113.60482025146484,114.48177809334693,113.24429850772803,113.58533560344574,46691300
2020-11-30,116.00182342529297,117.87266158456667,113.81917147209029,113.97507836905477,169410200
2020-12-01,119.57787322998047,120.30867019893745,116.93726107423544,117.91165703284473,127728200
2020-12-02,119.92864990234375,120.21122560718797,117.79472048917064,118.89578518676296,89004200
2020-12-03,119.79224395751953,120.61073301099076,119.08093162233982,120.3573879750848,78967600
2020-12-04,119.1198959350586,119.71427801461196,118.40858367403467,119.46093300511777,78260400
2020-12-07,120.58148956298828,121.38049388333657,119.11989575010358,119.17835712372279,86712000
2020-12-08,121.19536590576172,121.78000942455122,119.93839423484614,121.18562729875275,82225500
2020-12-09,118.66193389892578,122.72516309946796,117.90190627108922,121.34152267781417,115089200
2020-12-10,120.08456420898438,120.69843846339406,117.07368405582885,117.41472117824993,81312200
2020-12-11,119.27581024169922,119.61684733291102,117.46343320377245,119.29529488946088,86939800
2020-12-14,118.66193389892578,120.19173519532912,118.42808095975704,119.46093825563229,79184500
2020-12-15,124.60575866699219,124.62525075019607,120.95177364167792,121.15639591100933,157243700
2020-12-16,124.53753662109375,125.083195941908,123.31954175566861,124.14778421139826,98208600
2020-12-17,125.40476989746094,126.26224318770603,124.76166492977711,125.59964613576102,94359800
2020-12-18,123.4169921875,125.79452063801119,122.89081749267945,125.6581058023967,192541500
2020-12-21,124.94679260253906,125.0247460652675,120.28918099826035,121.81898239256174,121251600
2020-12-22,128.5033416748047,130.96856222026736,126.33042801765606,128.2402506072199,168904800
2020-12-23,127.60692596435547,129.0392746219151,127.43152692646524,128.77619836723767,88223700
2020-12-24,128.59104919433594,130.04290467587725,127.74332938014881,127.95769770274158,54930100
2020-12-28,133.19020080566406,133.82355230210814,130.09161358052606,130.55933439782117,124486200
2020-12-29,131.4167938232422,135.23642465149393,130.90036509315357,134.51538107187807,121047300
2020-12-30,130.29624938964844,132.50813272871576,129.98443549687033,132.1086267541331,96452100
2020-12-31,129.2926025390625,131.2901172342019,128.34743726674927,130.6470123311244,99116600
2021-01-04,126.09656524658203,130.18902467191572,123.51441486519408,130.10133261742502,143301900
2021-01-05,127.65559387207031,128.3669135415631,125.14165081624391,125.58987944540236,97664900
2021-01-06,123.3585205078125,127.69458676031306,123.1441522185317,124.4498466014008,155088000
2021-01-07,127.56790924072266,128.25973687058584,124.58626017036609,125.0734581195904,109578200
2021-01-08,128.66896057128906,129.23411188523488,126.89555318600054,129.0392208425577,105158200
2021-01-11,125.67758178710938,126.83711531254554,125.2098759078761,125.88221147258122,100384500
2021-01-12,125.50218963623047,126.3694013561782,123.61185929052172,125.20986790485577,91951100
2021-01-13,127.53868103027344,128.08434036510624,125.20013677581811,125.46321296847564,88636800
2021-01-14,125.609375,127.64585879719884,125.46320669883724,127.45098259708287,90221800
2021-01-15,123.88468933105469,126.88583037094017,123.74827450506447,125.48269795041179,111598500
2021-01-19,124.5570297241211,125.41450287420925,123.68981796754613,124.508306955484,90757300
2021-01-20,128.64952087402344,129.09774963934194,125.25862647781936,125.36581064769301,104319500
2021-01-21,133.3655548095703,136.09386615455463,130.16953762113462,130.37416729095122,120150900
2021-01-22,135.50926208496094,136.26928979361904,131.56295521732648,132.79068885405798,114459400
2021-01-25,139.2606964111328,141.3751342790999,133.04404419681762,139.406864754955,157611700
2021-01-26,139.49453735351562,140.60534821810342,137.75036015705467,139.92327397986588,98390600
2021-01-27,138.4226837158203,140.60533595593498,136.81493637532154,139.7576013848175,140843800
2021-01-28,133.57994079589844,138.35448999967483,133.19992695994156,135.9477307492471,142621100
2021-01-29,128.58132934570312,133.23894200137332,126.8761359923647,132.35223788929187,177523800
2021-02-01,130.70547485351562,131.91373120913244,127.5776572470742,130.32546101984542,106239800
2021-02-02,131.53370666503906,132.8199015096137,131.16343146870483,132.2547501087198,83305400
2021-02-03,130.5106201171875,132.29376682043633,130.1890676099028,132.2840133435427,89880900
2021-02-04,133.8722381591797,133.88197676464856,131.1439269498007,132.81015030717464,84183100
2021-02-05,133.45751953125,134.1015854508509,132.57925865202728,134.033283551068,75693800
2021-02-08,133.6038818359375,133.6526774070411,131.6619312724292,132.745127433531,71297200
2021-02-09,132.72561645507812,134.55046970081816,132.56949146196018,133.32088673165194,76774200
2021-02-10,132.12059020996094,133.68195923048688,131.15449145334966,133.18426522390598,73046600
2021-02-11,131.86688232421875,133.09645045385943,130.53972304081887,132.61827762495054,64280000
2021-02-12,132.1011199951172,132.25725993550554,130.46169529201237,131.10576137837108,60145100
2021-02-16,129.97373962402344,132.7256347192669,129.58338986171597,132.21820236374853,80576300
2021-02-17,127.68046569824219,129.02714615555675,126.34355329024206,128.0805685718384,97918500
2021-02-18,126.57775115966797,126.86074164698687,124.3332889063116,126.08005718186494,96856700
2021-02-19,126.7339096069336,127.55363670145083,125.6897555852295,127.09498501546292,87668800
2021-02-22,122.95735931396484,126.5875301611266,122.56701700171384,124.91881659012454,103916400
2021-02-23,122.82073211669922,123.65020481957035,115.53111655663116,120.77144442573531,158273000
2021-02-24,122.32302856445312,122.52795656063304,119.27837554102709,121.92293317529008,111039900
2021-02-25,118.06832885742188,123.40624037390658,117.62919844492515,121.66922504247013,148199500
2021-02-26,118.33182525634766,121.83513064841705,118.2732690688628,119.62970286388716,164560400
2021-03-01,124.70413970947266,124.84075840671721,119.82487925027971,120.76169636502549,116307900
2021-03-02,122.09860229492188,125.61166793035277,121.99125798161717,125.30915619930848,102260900
2021-03-03,119.11250305175781,122.67436464921909,118.89781440194187,121.79609628413596,112966300
2021-03-04,117.22911071777344,120.61531871405342,115.75557939943269,118.80999380846009,178155000
2021-03-05,118.48795318603516,118.99540041730722,114.73092431231343,118.05858335014369,153766600
2021-03-08,113.55015563964844,118.07810897497683,113.40377632957288,118.00979962296303,154376600
2021-03-09,118.16590881347656,119.11248639429279,115.92145380009946,116.1556561829824,129525800
2021-03-10,117.08273315429688,119.21984409787017,116.5655253098007,118.75143927948164,111943300
2021-03-11,119.01490783691406,120.23472282472085,118.33181442180619,119.58090377809478,103026500
2021-03-12,118.10736846923828,118.24398715605516,116.28252996168703,117.4925843785623,88105100
2021-03-15,120.99588775634766,121.00564836102156,117.51209640376013,118.47819524715763,92403800
2021-03-16,122.5377426147461,124.1478999993401,121.7082698545493,122.6646007020175,115227900
2021-03-17,121.7472915649414,122.82072722265787,119.38572418377375,121.05443757273207,111932600
2021-03-18,117.61944580078125,120.20545520924264,117.41451776473627,119.91269661765824,121229700
2021-03-19,117.09248352050781,118.49771283246503,116.78997177230154,117.00466041109058,185549500
2021-03-22,120.4103775024414,120.87878973760397,117.35596342731434,117.42427276940472,111912300
2021-03-23,119.5809097290039,121.23985521691415,119.19056742444849,120.35183373308179,95467100
2021-03-24,117.19005584716797,119.93220486001856,117.17054208424707,119.8541349180161,88530500
2021-03-25,117.677978515625,118.72214720900618,116.12637754894163,116.65333847493577,98844700
2021-03-26,118.28302001953125,118.5465042288051,116.04831804624526,117.44378670396847,94071200
2021-03-29,118.45867919921875,119.61994551573255,117.81462072071783,118.7124028156756,80819200
2021-03-30,117.00464630126953,117.49257225961915,115.98975941448322,117.20957431035725,85671900
2021-03-31,119.20032501220703,120.53723750663126,118.22447299809998,118.7123990051535,118323800
2021-04-01,120.0298080444336,121.18131381778825,119.53212138984829,120.67387400273938,75089100
2021-04-05,122.8597640991211,123.11348769511308,120.09810124646425,120.87878579790437,88651200
2021-04-06,123.16229248046875,124.06007462441202,122.61581768766165,123.44529048250403,80171300
2021-04-07,124.81146240234375,124.83097616492763,122.11810901104752,122.79144922016141,83466700
2021-04-08,127.21208190917969,127.24135628131242,125.41651759687218,125.83612685765557,88844600
2021-04-09,129.78831481933594,129.82734234724018,126.34355848189794,126.66559142580684,106686700
2021-04-12,128.07081604003906,129.6419382844939,127.47554575138676,129.31990535224077,91420000
2021-04-13,131.1837921142578,131.40824882078488,128.74416183713194,129.2418559434714,91266500
2021-04-14,128.8417510986328,131.74003301621525,128.48069058786155,131.68148427288168,87222800
2021-04-15,131.25210571289062,131.74003175643296,130.41287232238494,130.58853344102718,89347100
2021-04-16,130.92030334472656,131.41798248691907,130.06154884966244,131.05692202436683,84922400
2021-04-19,131.58387756347656,132.1986690764981,130.12009959176393,130.2859926417197,94264200
2021-04-20,129.89561462402344,132.25717384649195,128.62700449220097,131.75949486206875,94812300
2021-04-21,130.27627563476562,130.5202386977521,128.1294036585496,129.16380466316036,68847100
2021-04-22,128.75390625,130.91053068046259,128.2367059174283,129.82733444067082,84566500
2021-04-23,131.0764617919922,131.85713156314563,128.96861767310645,128.96861767310645,78657500
2021-04-26,131.466796875,131.79858301727063,130.33480485867753,131.57414120224303,66905100
2021-04-27,131.1447296142578,132.14010267121745,130.8714922872991,131.7497529967639,66015800
2021-04-28,130.3543243408203,131.75955373687952,129.8663982944287,131.06669219926212,107760100
2021-04-29,130.25672912597656,133.7600493468008,129.25160269288304,133.174532153205,151101000
2021-04-30,128.2854766845703,130.33475641064965,127.90489510041873,128.5977414993613,109839500
2021-05-03,129.33941650390625,130.83248375117557,128.64656992797262,128.85149050777056,75135100
2021-05-04,124.7626724243164,128.3147804318186,123.64044117384255,128.0220218638134,137564700
2021-05-05,125.00663757324219,127.29988066325254,124.87977205806523,126.08006575676235,84000900
2021-05-06,126.6070785522461,126.61683171440498,124.06009609316986,124.801745901152,78128300
2021-05-07,127.28152465820312,128.307897749906,126.56793194976201,127.90713017156261,78973300
2021-05-10,123.99707794189453,126.62657341198205,123.95797666716017,126.49950732025513,88071200
2021-05-11,123.07823944091797,123.43013604181222,120.0088523827375,120.72243768449367,126142800
2021-05-12,120.00883483886719,121.83678024001635,119.50053319383292,120.62467058046893,112172300
2021-05-13,122.15938568115234,123.3128473997713,121.46535470454872,121.77815750326876,105861300
2021-05-14,124.58358764648438,125.013694229742,123.01957387710111,123.4105791838984,81918000
2021-05-17,123.43014526367188,124.07530523876078,122.3548860963308,123.96777857624596,74244600
2021-05-18,122.04206085205078,124.13393060717105,121.97363548465174,123.71360121948956,63342900
2021-05-19,121.88567352294922,122.1104965529405,120.09682917810171,120.39008503908883,92612000
2021-05-20,124.44673919677734,124.84752169451296,122.2864439727993,122.41352498808429,76857100
2021-05-21,122.60904693603516,125.12124666848861,122.3939936000745,124.94529461704875,79295400
2021-05-24,124.241455078125,125.06256693036593,123.10754794421824,123.17597331042118,63092900
2021-05-25,124.04593658447266,125.43400551349096,123.4789793780993,124.94524338628973,72009500
2021-05-26,123.99707794189453,124.52493396410016,123.57674856075704,124.10460458296265,56575900
2021-05-27,122.46240234375,124.7693256123678,122.26690340551721,123.5963170673582,94625600
2021-05-28,121.8074722290039,122.9707110430963,121.74882403932074,122.74588055296678,71311100
2021-06-01,121.4848861694336,122.53082109382872,121.15253650084358,122.2668967957017,67637100
2021-06-02,122.2473373413086,122.42328935200692,121.26005810254007,121.48488111421776,59278900
2021-06-03,120.76152801513672,122.04206311064841,120.36074552880676,121.87588828071905,76229200
2021-06-04,123.05868530273438,123.32261707615766,121.0645647856299,121.27961809499506,75169300
2021-06-07,123.06845092773438,123.47900313915719,122.02251603226817,123.33237521856165,71057600
2021-06-08,123.88956451416016,125.57088967583601,123.37148561983427,123.75271376689696,74403800
2021-06-09,124.27079772949219,124.87685639052275,123.67451625303815,124.34900029049098,56877900
2021-06-10,123.27373504638672,125.30695678436511,123.10756020588629,124.16326489562331,71186400
2021-06-11,124.48583984375,124.57381958141005,123.26395290484824,123.68428231014268,53522400
2021-06-14,127.54542541503906,127.6040735939575,124.21212215861955,124.94525422632002,96906500
2021-06-15,126.72434997558594,127.66276579909551,126.47997256396104,127.01760585265852,62746300
2021-06-16,127.22286224365234,127.9462246818499,125.57088362966448,127.43791553837022,91815000
2021-06-17,128.82595825195312,129.56887494764572,126.73408871652109,126.88072407701245,96721700
2021-06-18,127.52590942382812,128.55228257491908,127.31085611782875,127.7702868246808,108953300
2021-06-21,129.3245086669922,129.43203530764706,126.304007918975,127.36948968462076,79663300
2021-06-22,130.96670532226562,131.0644622285742,128.65978254011517,129.1583218804352,74783600
2021-06-23,130.69305419921875,131.2991204035654,130.2336234107885,130.76148704310285,60214200
2021-06-24,130.40956115722656,131.6118938058328,129.9403458033597,131.42616459271213,68711000
2021-06-25,130.1162567138672,130.87871273473812,129.82300095608434,130.45839091721507,70783700
2021-06-28,131.74876403808594,132.2081948177629,130.35093224313096,130.40958044213394,62111300
2021-06-29,133.26390075683594,133.42030589042128,131.32843570446462,131.76831209151067,64556100
2021-06-30,133.8797149658203,134.319591281627,132.81421821699357,133.1074740660687,63261400
2021-07-01,134.18275451660156,134.24140270940268,132.70670539157666,133.52782483763312,52485800
2021-07-02,136.81224060058594,136.85133441897935,134.65193797296,134.79855843644995,78852600
2021-07-06,138.82591247558594,139.9304881404482,136.91977180863466,136.91977180863466,108181800
2021-07-07,141.31857299804688,141.6313683204944,139.45152604310684,140.3117243665474,104911600
2021-07-08,140.01846313476562,140.8200131513889,137.50625661436462,138.39579381995796,105575500
2021-07-09,141.84640502929688,142.3742535997312,139.44172508137947,139.53948199823574,99890800
2021-07-12,141.25013732910156,143.02921196222175,140.76138252865485,142.92168530949897,76299700
2021-07-13,142.36451721191406,144.14359208914843,140.39972801414208,140.79072594190478,100827100
2021-07-14,145.79551696777344,146.20608403003186,144.35857699669697,144.7691440589554,127050800
2021-07-15,145.14064025878906,146.62645922194355,143.7819023332903,145.8835571981737,106820300
2021-07-16,143.0975799560547,146.3917813888293,142.59905560313865,145.1210312834816,93251400
2021-07-19,139.24620056152344,140.82977581289353,138.4837444801858,140.51696566895572,121434600
2021-07-20,142.86302185058594,143.79166790162552,139.74477876057173,140.23353355980825,96350000
2021-07-21,142.12989807128906,142.8434908596877,141.3772263751189,142.25697909961474,74993500
2021-07-22,143.49839782714844,144.86690516323114,142.5306580508827,142.6577390590944,77338200
2021-07-23,145.2187957763672,145.37520086194326,143.6156809382373,144.23151664043684,71447400
2021-07-26,145.63914489746094,146.46024929276885,144.37814929731337,144.93533686845095,72434100
2021-07-27,143.46908569335938,145.85421146271116,142.27652280868347,145.76622426436333,104818600
2021-07-28,141.7193603515625,143.6646101370385,139.33423415868967,141.5531854827955,118931200
2021-07-29,142.36451721191406,143.25405465053123,141.3283592792896,141.43588594676658,56699500
2021-07-30,142.57955932617188,143.038990058725,140.8689174245079,141.13284920856503,70440600
2021-08-02,142.24722290039062,143.64505468245218,141.9832910916965,143.06832751008895,62880000
2021-08-03,144.04579162597656,144.71049088545726,141.91481329138477,142.5306490113704,64786600
2021-08-04,143.6450653076172,144.46616997805114,142.99013551698894,143.95787561003937,56368300
2021-08-05,143.75254821777344,144.51500445327014,142.88256533800865,143.6743456659774,46397700
2021-08-06,143.0673065185547,144.01691280393376,142.5680349930517,143.27289769844572,54126800
2021-08-09,143.018310546875,143.6154852947151,142.46030312496822,143.12599828625463,48908700
2021-08-10,142.5386505126953,144.60428668695926,142.2449552630066,143.36098526145494,69023100
2021-08-11,142.79318237304688,143.63510081183063,142.4701190832618,142.97918986758629,48493500
2021-08-12,145.7594757080078,145.91611517335826,142.7736012533468,143.11624821655573,72282600
2021-08-13,145.9650421142578,146.29788971819715,145.15249183078768,145.83777070300374,59375000
2021-08-16,147.9425506591797,148.01108601151154,143.39032739407136,145.41679586878547,103296000
2021-08-17,147.03213500976562,148.49079698288415,145.95525743273268,147.07128740440294,92229700
2021-08-18,143.2826385498047,147.55096588599457,143.07704743235058,146.65031157772893,86326000
2021-08-19,143.61550903320312,144.888178453154,141.46176882757268,141.9806239472667,86960300
2021-08-20,145.07418823242188,145.3776678425582,143.69383103345265,144.33995758675238,60549600
2021-08-23,146.56224060058594,147.03214405494413,144.7805003067872,145.1916676965958,60131800
2021-08-24,146.47410583496094,147.68803914447207,146.01398679478913,146.30768202395666,48606400
2021-08-25,145.24058532714844,147.1593809674563,144.69236226933418,146.6600946599799,58991300
2021-08-26,144.43780517578125,145.98458575756337,144.40843715330078,145.23078659662303,48597200
2021-08-27,145.47557067871094,145.62241083209685,143.7427821789538,144.37910942757367,55802400
2021-08-30,149.90048217773438,150.26271268673617,145.4853151665531,145.86711439866895,90956700
2021-08-31,148.6376190185547,149.58722496040824,148.10896471177165,149.4501692027158,86453100
2021-09-01,149.30332946777344,151.72139660647437,149.13690566906416,149.61660833919711,80313700
2021-09-02,150.41937255859375,151.46688207200458,149.19565486795125,150.63474806718364,71115500
2021-09-03,151.05572509765625,151.3787883827347,149.87115971903515,150.5270706537238,57808700
2021-09-07,153.3954620361328,153.9534695341939,151.14381850232894,151.71162530218976,82278300
2021-09-08,151.8486785888672,153.73809149809526,150.7424330368148,153.67935544010308,74420200
2021-09-09,150.83053588867188,152.8276363360627,150.71304884732544,152.22067721794593,57305700
2021-09-10,145.83779907226562,152.21091623055125,145.5734718351498,151.74101276076019,140893200
2021-09-13,146.4055633544922,148.23623993767643,145.62238117403191,147.4628570574199,102404300
2021-09-14,145.00564575195312,147.8936314335505,143.8210954003336,147.1887688532645,109296300
2021-09-15,145.89651489257812,146.2978978750979,143.29244009500678,145.43639585173057,83281300
2021-09-16,145.6615447998047,145.837767899535,144.12456328294863,145.31891283926268,68034100
2021-09-17,142.98895263671875,145.6909306748569,142.69525742327428,145.6909306748569,129868800
2021-09-20,139.93455505371094,141.79459979953563,138.29967015990616,140.7764733460014,123478900
2021-09-21,140.4142608642578,141.55967381165956,139.77793361611074,140.90374795912805,75834000
2021-09-22,142.78338623046875,143.35117809396385,140.67858283814957,141.41281345310648,76404300
2021-09-23,143.74273681640625,143.9874802867867,142.5777555073223,143.5665137499952,64838200
2021-09-24,143.8308868408203,144.369325635303,142.49948133899076,142.5973847336097,53477900
2021-09-27,142.3134765625,142.89108270101565,140.79607848273122,142.41137995898362,74150700
2021-09-28,138.92620849609375,141.70649116246142,138.7108330139708,140.23803011414577,108972300
2021-09-29,139.82688903808594,141.41282248756633,139.04370667783795,139.4744577228724,74602000
2021-09-30,138.5248565673828,141.34430719144615,138.30948103704677,140.63944453543033,89056700
2021-10-01,139.65065002441406,139.91497721524382,136.18508826736803,138.91641944607758,94639600
2021-10-04,136.2144317626953,139.21988889227816,135.36272922536708,138.77933867425367,98322000
2021-10-05,138.14305114746094,139.2492967831214,136.42984628272845,136.55711770997038,80861100
2021-10-06,139.01434326171875,139.16118342378243,135.46066196016233,136.5375396085011,83221100
2021-10-07,140.27720642089844,141.18766019383065,139.7191988951329,140.05204653772714,61732700
2021-10-08,139.8953857421875,141.14847133090333,139.56253815036328,141.00163119861574,58773200
2021-10-11,139.8072967529297,141.76524506387435,138.82832259745734,139.27865728167708,64452200
2021-10-12,138.53463745117188,140.2380579834007,138.0745183695577,140.21847431623635,73035900
2021-10-13,137.94725036621094,138.4269381369984,136.2731980054475,138.27031362663757,78762700
2021-10-14,140.7373046875,140.8547917318437,138.53461306502766,139.1220034728704,69907100
2021-10-15,141.7946014404297,141.85333749485733,140.4925641281013,140.74710694789957,67940300
2021-10-18,143.46865844726562,143.75255436574946,140.14993682023066,140.4338327387145,85589200
2021-10-19,145.63218688964844,146.03356986995644,143.4686624173773,143.91898215404882,76378900
2021-10-20,146.1216278076172,146.60133035974698,145.00559824413298,145.5734048554432,58418800
2021-10-21,146.33705139160156,146.4936908403183,144.76090241654427,145.68114050530517,61421000
2021-10-22,145.5636749267578,147.02233691182352,145.5147232295898,146.54264911827497,58883400
2021-10-25,145.51473999023438,146.22938704972722,144.51618201724224,145.553892389702,50720600
2021-10-26,146.18040466308594,147.66843438585144,145.87691017558996,146.1901890254086,60893400
2021-10-27,145.72030639648438,146.58179347999342,145.36787510933436,146.21957782913032,56094900
2021-10-28,149.3621063232422,149.94948190193364,146.57202377608343,146.669927174846,100077900
2021-10-29,146.6503143310547,146.7873700992779,143.3315929295454,144.12455951269104,124953200
2021-11-01,145.8280029296875,146.55243427503285,144.692389276276,145.85737096055496,74588300
2021-11-02,146.86572265625,148.3831357467227,145.52451776234176,145.5343170652365,69122000
2021-11-03,148.30479431152344,148.77469770489486,146.66990932924497,147.2279168080061,54511500
2021-11-04,147.78594970703125,149.22502801768104,147.47267079725674,148.39290892226862,60394600
2021-11-05,148.3153533935547,149.2173222899692,147.11926062749689,148.9133997765836,65463900
2021-11-08,147.4918670654297,148.599727523116,147.21735535269144,148.44285941304662,55020900
2021-11-09,147.85455322265625,148.46239820996468,147.11925107616622,147.25650687845393,56787900
2021-11-10,145.0211944580078,147.18789143862284,144.9525740344218,147.080046521764,65187100
2021-11-11,144.9722137451172,146.50164031557918,144.785934746962,146.04086458299184,41000000
2021-11-12,147.05064392089844,147.45259776115682,144.58982294106508,145.52120275202367,63804000
2021-11-15,147.0604248046875,148.90358691602947,146.5015880097449,147.42316906541586,59222800
2021-11-16,148.0408477783203,148.52125061689011,146.41337526538132,147.00162302853775,59256200
2021-11-17,150.4820556640625,151.9624587476381,148.03104826490704,148.04084690898938,88807000
2021-11-18,154.77622985839844,155.5605553164082,150.05069477948223,150.69776440432256,137827700
2021-11-19,157.4036865234375,157.86447707717755,153.46246272837266,154.56050917485408,117305600
2021-11-22,157.86448669433594,162.4527653050192,157.84487444666516,158.51154126985364,117467900
2021-11-23,158.246826171875,158.6291826815126,155.94287351139204,157.96250097049108,96041900
2021-11-24,158.76644897460938,158.96252656383666,156.5115192990928,157.59976712302952,69463600
2021-11-26,153.73699951171875,157.30566600685046,153.2958211322195,156.4429214975391,76959800
2021-11-29,157.09974670410156,158.03112635226864,155.67815070663897,156.24678611367216,88748200
2021-11-30,162.06063842773438,162.27632831051596,156.78606486478094,156.8547002637407,174048100
2021-12-01,161.54100036621094,166.96262755361067,161.30569826962912,164.1978840178816,152052500
2021-12-02,160.55078125,160.98216094033538,154.70758806208025,155.62916922602187,136739200
2021-12-03,158.66839599609375,161.72726310588908,156.5899467105327,160.80568201972204,118023100
2021-12-06,162.0802459716797,164.59007548777717,161.06061838091264,161.07041702629473,107497000
2021-12-07,167.8253631591797,168.21753329951792,165.0410224817036,165.76652602150847,120405400
2021-12-08,171.64894104003906,172.51170037671412,167.3547715631022,168.75675548519916,116998900
2021-12-09,171.13912963867188,173.28621440591945,170.5116723744327,171.48227664120193,108923700
2021-12-10,175.93331909179688,176.10979941461878,171.26660609827198,171.77641985782503,115402700
2021-12-13,172.2960205078125,178.56079478498526,172.09012930519359,177.57057822727617,153237000
2021-12-14,170.9136505126953,174.25682821034476,168.83520101609776,171.81561944442183,139380400
2021-12-15,175.78622436523438,175.98230193253877,168.93320343371292,171.67833425525316,131063300
2021-12-16,168.88418579101562,177.59016769208043,167.40378290602789,175.7666178333374,150185800
2021-12-17,167.78616333007812,170.07050404048465,166.36458201855805,166.59986915660923,195432700
2021-12-20,166.42340087890625,167.23713712314685,164.17828470413107,164.98220734461725,107499100
2021-12-21,169.59991455078125,169.80579079626787,165.8057448980021,168.19793052968907,91185900
2021-12-22,172.19798278808594,172.41367264545124,168.7763709233024,169.64892899727565,92135300
2021-12-23,172.82542419433594,173.38426103506748,171.83522263836468,172.4038581227058,68356600
2021-12-27,176.79608154296875,176.8843142259983,173.59997302631623,173.6195703160363,74919600
2021-12-28,175.7764129638672,177.77644307078862,175.03131221487746,176.62937357994824,79144300
2021-12-29,175.86468505859375,177.0901887398254,174.6489800212977,175.8156619193921,62348900
2021-12-30,174.707763671875,177.0313283169758,174.59991877307488,175.95287932897472,59773000
2021-12-31,174.09014892578125,175.71760635907094,173.7862114626908,174.59994765921613,64062300
2022-01-03,178.44313049316406,179.2960912081591,174.22740989529922,174.34505345884557,104487900
2022-01-04,176.1784210205078,179.3549322145944,175.6097854694808,179.051009669682,99310400
2022-01-05,171.49208068847656,176.639196130045,171.21756906170717,176.09017287650624,94537600
2022-01-06,168.62928771972656,171.86462006909193,168.27634210052742,169.3155667126804,96904000
2022-01-07,168.79595947265625,170.72735431349597,167.6783008049415,169.50185073224034,86709100
2022-01-10,168.81556701660156,169.119489502726,164.87434342032694,165.7665135929736,106765600
2022-01-11,171.64894104003906,171.74697235390423,167.4724300834058,168.94303442923228,76138300
2022-01-12,172.09011840820312,173.70777719583765,171.39404073246158,172.66855252404713,74805200
2022-01-13,168.81556701660156,173.15874440691425,168.42339690566672,172.33520961359125,84505800
2022-01-14,169.6783447265625,170.37442243944997,167.73713612609606,167.9822368621362,80440800
2022-01-18,166.47239685058594,169.15869092282202,166.09004036060844,168.14887724519528,90956700
2022-01-19,162.97235107421875,167.72731057448723,162.68804084831785,166.66847376948644,94815000
2022-01-20,161.28607177734375,166.3547528521012,160.9625370330281,163.70766807832655,91420500
2022-01-21,159.22723388671875,163.0704113462842,159.1193889725066,161.19783827212862,122848900
2022-01-24,158.45269775390625,159.11937944541725,151.6683120872291,156.88406222991276,162294600
2022-01-25,156.6488037109375,159.57040071525032,153.9428965820871,155.86447825105273,115798400
2022-01-26,156.560546875,161.1684376714049,154.72719817611775,160.29587965880856,108275300
2022-01-27,156.09976196289062,160.6292188937634,155.17818077822113,159.26645936487785,121954600
2022-01-28,166.99205017089844,167.01166242026449,159.60961653958563,162.46259295194113,179935700
2022-01-31,171.35484313964844,171.5705330064948,166.18811489980484,166.82538585540124,115541600
2022-02-01,171.18814086914062,171.41362933410613,168.93321134020488,170.59989317993646,86213900
2022-02-02,172.39404296875,172.43326746235797,169.93323706636977,171.32540739423024,84914300
2022-02-03,169.51165771484375,172.78621481447524,168.74694463929947,171.0606961129302,89418100
2022-02-04,169.2269744873047,170.9056058671137,167.54834310749567,168.52999503096257,82465400
2022-02-07,168.51036071777344,170.75833687095522,167.81338131131074,169.6883399458675,77251200
2022-02-08,171.6222381591797,172.1327014444133,168.28461203735645,168.57911066263827,74829200
2022-02-09,173.04559326171875,173.40879966630814,171.6909088658484,172.81981752201338,71285000
2022-02-10,168.9619598388672,172.260311595142,168.40242591370043,170.9449013357311,90865900
2022-02-11,165.5457763671875,169.9043132142881,164.95677923370172,169.16807428684055,98670700
2022-02-14,165.7813720703125,166.4685253813581,163.5039325493399,164.299068164894,86185500
2022-02-15,169.61964416503906,169.77671208150778,167.12625465108732,167.83304529637556,62527400
2022-02-16,169.38404846191406,170.1595469185717,166.92991856527323,168.69689508661867,61177400
2022-02-17,165.7813720703125,168.7557760286246,165.3788912099791,167.89191759255658,69589300
2022-02-18,164.2303924560547,167.4109355405672,163.1407580714809,166.70415983864797,82772700
2022-02-22,161.3050537109375,163.6315640117695,159.17485582320555,161.95293260639133,91162800
2022-02-23,157.13307189941406,163.10150398221023,156.818936011465,162.502695552278,90009200
2022-02-24,159.75404357910156,159.86202589264875,149.2110962540396,149.78045618194105,141147500
2022-02-25,161.82533264160156,162.090367887761,157.91834703084373,160.83385456915977,91974200
2022-02-28,162.0904083251953,162.38490698432935,159.44976148037279,160.06820716667184,95056600
2022-03-01,160.20559692382812,163.54322257611173,158.99816920673908,161.67807486426554,83474400
2022-03-02,163.50396728515625,164.28929194125575,159.96020269374122,161.37378407895594,79724800
2022-03-03,163.1800079345703,165.81084308627598,162.51249176371445,165.3789138092183,76678400
2022-03-04,160.17613220214844,162.5124684222201,159.1257725009118,161.47191984720897,83737200
2022-03-07,156.37713623046875,161.99218577844468,156.12189717358572,160.36264017995268,96418800
2022-03-08,154.55126953125,159.89145798739116,152.94136109775025,155.90595387633803,131148300
2022-03-09,159.96018981933594,160.41175632836593,156.4851483427237,158.51716018630677,91454900
2022-03-10,155.61148071289062,157.447165177113,153.11807622105542,157.26064889872916,105342000
2022-03-11,151.89100646972656,156.3575259685623,151.665230708696,156.01394178449013,96970100
2022-03-14,147.85641479492188,151.29219668682538,147.34596655573256,148.671187726746,108732100
2022-03-15,152.24440002441406,152.71560375350202,147.62082764624324,148.13127588452474,92964300
2022-03-16,156.66183471679688,157.06431562049127,151.62597028281274,154.16844529700253,102300200
2022-03-17,157.67291259765625,158.04594508735755,154.73778320390613,155.69979780602094,75615400
2022-03-18,160.9712677001953,161.46209362986437,156.82869565548296,157.56493454998656,123511700
2022-03-21,162.34561157226562,163.2978152048177,160.0190861607253,160.50991215775952,95811400
2022-03-22,165.72251892089844,166.31150120856418,161.88425551749586,162.4732378051616,81532000
2022-03-23,167.0869903564453,169.47239748158006,164.57394870167656,164.90772175927947,98062700
2022-03-24,170.8761749267578,170.94488277941835,167.08699751675573,167.9213927494687,90131400
2022-03-25,171.51425170898438,172.06397447426608,169.5803959233043,170.68966756106184,80546200
2022-03-28,172.3781280517578,172.50573264900424,168.8441742275586,169.01105329997583,90371900
2022-03-29,175.6764373779297,175.7255079917634,173.10449911531725,173.44808328507239,100589400
2022-03-30,174.50827026367188,176.31450624555694,173.45789549385026,175.27395758161924,92633200
2022-03-31,171.40626525878906,174.7635134764267,171.20011173735605,174.5769971900877,103049300
2022-04-01,171.11175537109375,171.67130419323556,168.78524495629924,170.83689401317795,78751300
2022-04-04,175.16600036621094,175.21508596620356,171.23939202795495,171.36701159217134,76468400
2022-04-05,171.84800720214844,175.02856526846452,171.21975048299214,174.2432406248137,73401800
2022-04-06,168.67726135253906,170.44423791053993,167.00845598396842,169.19753570311426,89058800
2022-04-07,168.98159790039062,170.17921470325928,166.7336211021802,168.01958300227122,77594700
2022-04-08,166.9691925048828,168.62818685521674,166.0955227852114,168.62818685521674,76575500
2022-04-11,162.7088165283203,165.928633841103,162.46340353204835,165.61451299486157,72246700
2022-04-12,164.5837860107422,166.75322864931675,163.58249672741925,164.93718134727843,79265200
2022-04-13,167.27349853515625,167.90175523000033,163.71011188136575,164.31873134170252,70618900
2022-04-14,162.25726318359375,168.12755331525187,162.01185016741871,167.48947048590375,75329400
2022-04-18,162.0413055419922,163.54323192882495,160.56882751734665,160.91239673580466,69023900
2022-04-19,164.32852172851562,164.74082870702364,160.90256619104744,161.99220039694603,67723800
2022-04-20,164.1616668701172,165.7814017275046,163.05241024771163,165.66359329680822,67929800
2022-04-21,163.36651611328125,168.38275818896258,162.865879009956,165.81083486701775,87227800
2022-04-22,158.8214569091797,164.78990235630212,158.53678444420197,163.40578453855588,84882400
2022-04-25,159.89149475097656,160.1761672620124,155.55259437743032,158.16377751272768,96046400
2022-04-26,153.9230194091797,159.36136429126918,153.84448546049006,159.27301921605053,95623200
2022-04-27,153.69728088378906,156.85818695569935,152.52911245475866,153.04938688433683,88063200
2022-04-28,160.63754272460938,161.50140133184425,156.01395492484127,156.3280907743164,130216800
2022-04-29,154.75743103027344,163.15055858383272,154.36477622377623,158.87055528620192,131747600
2022-05-02,155.06173706054688,155.32677228255127,150.45778736143095,153.8346722144635,123055300
2022-05-03,156.55384826660156,157.7612909458003,153.4518394989138,155.2482493800242,88966500
2022-05-04,162.973876953125,163.42542850637253,156.33789953237485,156.74038046635485,108256500
2022-05-05,153.89361572265625,161.06949072780478,152.10700157369598,160.84371492154636,130525300
2022-05-06,154.62106323242188,156.74455042350417,151.57346504147074,153.3725293282909,116124600
2022-05-09,149.4893035888672,153.19557297112254,148.92894768803646,152.31077917916164,131577900
2022-05-10,151.8979034423828,154.09021465537515,150.3446125608553,152.89083834180113,115366700
2022-05-11,144.02328491210938,152.82197406186495,143.3449475864527,150.9049435768518,142689800
2022-05-12,140.14993286132812,143.72839581595062,136.45350338099348,140.35638928215414,182602000
2022-05-13,144.62301635742188,145.59628520412005,140.6906387962122,142.1456142936274,113990900
2022-05-16,143.07952880859375,145.02606620057162,141.7425200447831,143.08936935150413,86643800
2022-05-17,146.71697998046875,147.23801869280874,144.20024629343533,146.34339939395076,78336300
2022-05-18,138.43934631347656,144.86877642522347,137.5348863581385,144.36740373329286,109742900
2022-05-19,135.0279998779297,139.26513365262397,134.29067919785544,137.51522710531395,136095600
2022-05-20,135.26394653320312,138.32137052821327,130.36814092411527,136.73858804203445,137426100
2022-05-23,140.69065856933594,140.8381167482736,135.32295584352514,135.46058847747761,117726300
2022-05-24,137.98712158203125,139.5699040628069,135.0083469444269,138.42951103300464,104132700
2022-05-25,138.1444091796875,139.39292808535322,136.00125589921703,136.08973078213927,92482700
2022-05-26,141.3492889404297,141.89981931591748,134.82154377239428,135.067317332939,90601500
2022-05-27,147.11026000976562,147.14957718930077,142.8043013103354,142.9321083952799,90978500
2022-05-31,146.32374572753906,148.11298447709316,144.35755721198225,146.5498682074242,103718400
2022-06-01,146.1959686279297,149.17474333360954,145.18336763808455,147.36583831364814,74286600
2022-06-02,148.65370178222656,148.712685042506,144.37723540201858,145.33083811208033,72348100
2022-06-03,142.9222412109375,145.46845161750497,142.01779633681872,144.4165336112239,88570300
2022-06-06,143.66941833496094,146.05834558258064,142.45037585050028,144.54437177114056,71598400
2022-06-07,146.1959686279297,146.48105939148104,141.66390303598558,141.9096766255686,67808200
2022-06-08,145.45863342285156,147.33633206027957,144.9670862924701,146.06814706425965,53950200
2022-06-09,140.2285919189453,145.44882105467732,140.12045092928022,144.59353368240036,69473000
2022-06-10,134.81175231933594,138.3803751202598,134.74292850458303,137.9084939649238,91437900
2022-06-13,129.6504669189453,132.9143318379119,129.21790307407372,130.62372056907952,122207100
2022-06-14,130.5155792236328,131.62648045825296,129.25721986088914,130.8793342743823,84784300
2022-06-15,133.14047241210938,135.0181863871141,129.9257644034857,132.0197453538818,91533000
2022-06-16,127.86125183105469,130.15186352165608,126.85849136974434,129.84710666597098,108123900
2022-06-17,129.33592224121094,130.8302302226455,127.61550670364366,127.87112089832965,134520300
2022-06-21,133.57302856445312,134.74291327638406,131.06614989697803,131.1644503344464,81000500
2022-06-22,133.06179809570312,135.4310435768621,131.64614013134977,132.5112527755898,73409200
2022-06-23,135.93246459960938,136.24704700188127,133.33709602733944,134.5069807437755,72433800
2022-06-24,139.26513671875,139.51091028418583,137.40708916408835,137.53488121755194,89116800
2022-06-27,139.26513671875,141.06420101783954,138.58679927801467,140.2875481505987,70207900
2022-06-28,135.11643981933594,140.99533765466145,134.99847334129407,139.72715301324007,67083400
2022-06-29,136.87623596191406,138.29189436889533,134.35951657209444,135.13616958742787,66242400
2022-06-30,134.40863037109375,136.03072968185316,131.508505693856,134.92966905883227,98964500
2022-07-01,136.58126831054688,136.68940927123788,133.3665611170388,133.74012670784026,71051600
2022-07-05,139.16683959960938,139.2159973193288,134.61510776869383,135.44091845782265,73353800
2022-07-06,140.50384521484375,141.68355545577728,138.69495517869038,138.96039485817002,74064300
2022-07-07,143.8758544921875,144.07247034886072,140.857747839313,140.86757338185674,66253700
2022-07-08,144.55421447753906,145.05560229318138,142.54870821746638,142.8043073974188,64547800
2022-07-11,142.42086791992188,144.1609490492264,141.34929872199137,143.20734636825597,63141600
2022-07-12,143.39414978027344,145.94036067600746,142.59784571642712,143.29583433994398,77588800
2022-07-13,143.03038024902344,143.9741422785196,139.71734260162484,140.5726447543378,71185600
2022-07-14,145.9600372314453,146.43191837704046,140.82828289550088,141.64425310609462,78140700
2022-07-15,147.6312713623047,148.30960883923063,145.69457436327764,147.24786517980246,76259900
2022-07-18,144.58367919921875,149.00760334414767,144.2199241245172,148.19163331287257,81420900
2022-07-19,148.44725036621094,148.67335787183444,144.42639797966964,145.41931789638997,82982400
2022-07-20,150.45274353027344,151.1212554478555,147.8278835762641,148.56520429371037,64823400
2022-07-21,152.7237091064453,152.93999105761137,149.37135386420036,151.8880729314102,65086600
2022-07-22,151.4849853515625,153.6379641019081,150.8164884797473,152.76301084272214,66675400
2022-07-25,150.36428833007812,152.41895206482627,149.70561686969222,151.40636601369852,53623900
2022-07-26,149.03707885742188,150.50187953761252,148.25060053874955,149.68590959456228,55138700
2022-07-27,154.13937377929688,154.67025318814936,149.58765663017232,150.00055450326258,78620700
2022-07-28,154.6898956298828,154.97498637932796,151.7995959592648,154.3261405347344,81378700
2022-07-29,159.76268005371094,160.86375608227763,156.80357104125676,158.51416085291524,101786900
2022-08-01,158.779541015625,160.82437877972106,158.17002740354454,158.287993908895,67829400
2022-08-02,157.30490112304688,159.66433625726012,156.93133551910432,157.39339100369006,59907000
2022-08-03,163.32147216796875,163.77368717681702,158.0324196674791,158.1208945604064,82507500
2022-08-04,163.00686645507812,164.3635414140804,161.65019149607585,163.20348231849744,55474100
2022-08-05,162.7804718017578,163.27270181625158,160.4669847249699,160.6737279405912,56697000
2022-08-08,162.30789184570312,165.20220622926755,161.64830554399492,163.7845816314674,60276900
2022-08-09,162.35711669921875,163.24313957743516,160.71307055191537,161.47110884266755,63135500
2022-08-10,166.6099853515625,166.7084223205678,164.30633795620102,165.07421541409994,70170500
2022-08-11,165.8716278076172,168.33277716959444,165.5762868798472,167.41722179567384,57149200
2022-08-12,169.4255828857422,169.49448727889876,166.76752869776186,167.18101514337496,68039400
2022-08-15,170.49856567382812,170.69545459543878,168.68716356035114,168.85451989480327,54091700
2022-08-16,170.34109497070312,171.01053551269388,168.992389717206,170.09497999617207,56377100
2022-08-17,171.83746337890625,173.41259006684885,169.8882371550574,170.08512611334214,79542000
2022-08-18,171.44369506835938,172.18204003423804,170.4297025169527,171.04991709522415,62290100
2022-08-19,168.85455322265625,171.04005523372263,168.6478100500787,170.34108214913311,70346300
2022-08-22,164.96595764160156,167.22036427123675,164.54263206053483,167.0530078857762,69026800
2022-08-23,164.63121032714844,166.0882216660332,164.06022183299058,164.4835473638596,54147100
2022-08-24,164.9265594482422,165.4975479706951,163.6664520268514,164.7198312893935,53841500
2022-08-25,167.38772583007812,167.49601702656614,165.73384030735204,166.15715087983543,51218200
2022-08-26,161.0773162841797,168.3918608006587,161.01825109648692,167.91932427745144,78961000
2022-08-29,158.8721466064453,160.36851486839709,157.33639153558275,158.645710009374,73314000
2022-08-30,156.4405517578125,160.03382496855886,155.26904188281068,159.61051435311094,77906200
2022-08-31,154.7767791748047,158.084564879281,154.69802058402368,157.81875651310324,87991100
2022-09-01,155.50527954101562,155.95812264539694,152.26639832599292,154.20578537018633,74229900
2022-09-02,153.388671875,157.86796676025835,152.56172928679763,157.26744570942157,76957800
2022-09-06,152.12860107421875,154.64881624550407,151.3016582877034,154.03845585855234,73714800
2022-09-07,153.536376953125,154.2353350897476,151.22289011406963,152.41409323627113,87449600
2022-09-08,152.0596923828125,153.9301603024717,150.3073398300262,152.2368879656222,84923800
2022-09-09,154.9244384765625,155.36745741692656,152.34515853161906,153.05397081020374,68028800
2022-09-12,160.8902587890625,161.70736223015916,156.82445000741808,157.10993674145692,104956000
2022-09-13,151.44931030273438,158.0451887543499,150.98661293916587,157.41513500718563,122656600
2022-09-14,152.896484375,154.65867623529226,151.2229053335967,152.38456095494288,87965400
2022-09-15,150.0021514892578,152.82756164210238,149.0275457934619,152.24671887947383,90481100
2022-09-16,148.35809326171875,148.99800116372188,146.06430005699622,148.86017738849526,162278800
2022-09-19,152.079345703125,152.15810428972742,146.78296219367604,146.989690339551,81474200
2022-09-20,154.46176147460938,155.62343203686572,150.70113224453698,151.01615161997927,107689800
2022-09-21,151.33116149902344,156.27315389590652,151.21303113007994,154.8949011643533,101696800
2022-09-22,150.36639404296875,152.06950527712038,148.56483082094806,150.01198791697018,86652500
2022-09-23,148.09225463867188,149.1161010639849,146.2513199411314,148.84045356986104,96029900
2022-09-26,148.42701721191406,151.38039679019585,147.31457276382835,147.3342661670832,93339400
2022-09-27,149.401611328125,152.3156188966605,147.6197415235521,150.36639273150132,84442700
2022-09-28,147.51145935058594,148.29903022974963,142.58916013289422,145.34565069913458,146691400
2022-09-29,140.26585388183594,144.439969608928,138.4938229117654,143.82960922766318,128138200
2022-09-30,136.05235290527344,140.8762153477741,135.85546393289223,139.0844911492741,124925300
2022-10-03,140.23629760742188,140.84667290730152,135.55027429699052,136.0621976067289,114311700
2022-10-04,143.82957458496094,143.94770494729045,142.01815723981503,142.77619544864433,87830100
2022-10-05,144.12490844726562,145.08968986509632,140.7875903322469,141.83113033653302,79471000
2022-10-06,143.17002868652344,145.24724014995303,142.96330047252644,143.54412834074384,68402200
2022-10-07,137.9129638671875,140.87619735207727,137.28291022305208,140.32488726950297,85925600
2022-10-10,138.23785400390625,139.68501122355408,136.41661224606074,138.23785400390625,74899000
2022-10-11,136.82025146484375,139.15343196264072,136.0720672460081,137.72595289448736,77033700
2022-10-12,136.19017028808594,138.17878336551573,136.01297472776957,136.9679019716922,70433700
2022-10-13,140.76792907714844,141.35859601492572,132.28187436958524,132.89224973345455,113224000
2022-10-14,136.2295684814453,142.27415178693437,136.04251869325435,142.06740859428484,88598000
2022-10-17,140.19692993164062,140.67930564113678,138.09018646721276,138.87775734642221,85250900
2022-10-18,141.51611328125,144.42026703642762,138.4249097380949,143.22907894720203,99136600
2022-10-19,141.62440490722656,142.69746261645687,139.30107889163025,139.488128680181,61758300
2022-10-20,141.1616973876953,143.6228470143876,140.43319169039492,140.7974520498777,64522000
2022-10-21,144.98141479492188,145.5524033439164,140.43319980718348,140.6497821885837,86548600
2022-10-24,147.1275177001953,147.89539516122247,143.73113431154985,144.90264390563777,75981900
2022-10-25,149.9725799560547,150.12025791702487,147.03889439572563,147.75754573646154,74732300
2022-10-26,147.02908325195312,149.62805663114864,145.73942824213276,148.61406419672124,88194300
2022-10-27,142.5498046875,146.73375950209572,141.89021831932845,145.76899295091448,109180200
2022-10-28,153.31980895996094,155.05245318778273,145.52288740226115,145.8969719952182,164762400
2022-10-31,150.9571075439453,151.843130643514,149.55917600996162,150.77991193703295,97943200
2022-11-01,148.3088836669922,153.03429437423398,146.8125153766711,152.6700490040681,80379300
2022-11-02,142.7761993408203,149.80524150264998,142.74666674943285,146.63527983930877,93604600
2022-11-03,136.72177124023438,140.5808515547038,136.59378666921566,139.85234595133585,97918500
2022-11-04,136.45555114746094,140.68588340372804,132.51117923439392,140.11394767074316,140814800
2022-11-07,136.98802185058594,137.21481900121177,133.7832199726521,135.2031961352515,83374600
2022-11-08,137.55996704101562,139.46311921929427,135.57792562085092,138.457315240062,89908500
2022-11-09,132.99435424804688,136.6231842073022,132.71824941976038,136.57387654941147,74917800
2022-11-10,144.82748413085938,144.82748413085938,137.55998303216782,139.2757903878347,118854000
2022-11-11,147.6181182861328,147.92380470701315,142.36224081918826,143.79208769866335,93979700
2022-11-14,146.21786499023438,148.19005093835904,145.37967994364752,146.89827154979093,73374100
2022-11-15,147.95338439941406,151.45401749484597,146.49397099909157,150.10307492440734,89868300
2022-11-16,146.7207794189453,147.78576172673738,145.241639832554,147.05606249393267,64218300
2022-11-17,148.62393188476562,149.3733571163338,144.11747984279026,144.39358466739876,80389400
2022-11-18,149.1859893798828,150.57638399086812,147.88435456599078,150.1918083587428,74829600
2022-11-21,145.9516143798828,148.27879437989566,145.66565404043791,148.07172328326632,58724100
2022-11-22,148.09141540527344,148.32808310350964,144.8866136770819,146.06993712168025,51804100
2022-11-23,148.96910095214844,149.71852633722136,147.26314895124904,147.3716198007479,58301400
2022-11-25,146.0502166748047,146.80951240345237,145.07397930940053,146.2474322409697,35195900
2022-11-28,142.21434020996094,144.6006835742159,141.3860256630134,143.12154400613,69246000
2022-11-29,139.20677185058594,142.79615040936903,138.39818327049008,142.28337774480352,83763800
2022-11-30,145.97134399414062,146.65175056417294,138.59537264763534,139.43354266054223,111380900
2022-12-01,146.24746704101562,147.05607061526013,144.57111175984417,146.14886675776248,71250400
2022-12-02,145.75437927246094,145.9417393182281,143.62441514150157,143.9301165589326,65447400
2022-12-05,144.59078979492188,148.82112121960265,143.7427493984544,145.7149349673014,68826400
2022-12-06,140.9225311279297,145.2514780860589,139.94629380127552,145.0246809463006,64727200
2022-12-07,138.97991943359375,141.37611767720244,138.05298980885266,140.21253541402993,69721100
2022-12-08,140.66615295410156,141.5240640501762,139.13772092261513,140.38019261979954,62128300
2022-12-09,140.18299865722656,143.54557973820909,138.94051172185388,140.36048819280174,76097000
2022-12-12,142.4805908203125,142.4904463340837,139.09828382013,140.71547582717935,70462700
2022-12-13,143.44696044921875,147.8843792751259,142.2340701831816,147.4209143273598,93886200
2022-12-14,141.2183837890625,144.6204015969479,139.19689014923398,143.32862218685506,82291200
2022-12-15,134.6016845703125,139.827980094081,134.1382196907759,139.14757356682156,98931900
2022-12-16,132.63937377929688,135.73570542541242,131.87022238639204,134.7890645018001,160156900
2022-12-19,130.5290985107422,133.31974292728304,129.49371311284926,133.23099818687768,79592600
2022-12-20,130.46009826660156,131.39688354522443,128.0836106828586,129.56275008486864,77432800
2022-12-21,133.56626892089844,134.90735575255198,130.90382132695478,131.13061846159687,85928000
2022-12-22,130.39105224609375,132.68865037286486,128.4879002839557,132.48157930219233,77852100
2022-12-23,130.0262451171875,130.57845488119247,127.83711709089096,129.09931513621305,63814900
2022-12-27,128.2216796875,129.58249292838534,126.92990018333715,129.55291134024313,69007800
2022-12-28,124.28715515136719,129.20775681904706,124.1195211570346,127.86666981780208,85438400
2022-12-29,127.80750274658203,128.66539876390968,125.95365078301222,126.21002952300181,75703700
2022-12-30,128.123046875,128.14277294659772,125.657822079017,126.62419645842127,77034200
2023-01-03,123.33064270019531,129.07955877586164,122.44315755676651,128.46818597294893,112117500
2023-01-04,124.60271453857422,126.87073149260826,123.3405166774151,125.12534263515172,89113600
2023-01-05,123.28133392333984,125.99308946159266,123.02495518012978,125.36199059273537,80962700
2023-01-06,127.81737518310547,128.47805571510713,123.15315931135854,124.25758622586783,87754700
2023-01-09,128.3400115966797,131.55468474878427,128.08363280615177,128.65556861264022,70790800
2023-01-10,128.9119110107422,129.43453900512318,126.33820813140562,128.44844617850507,63896200
2023-01-11,131.63356018066406,131.65327120715185,128.64569958998982,129.42470644063985,69458900
2023-01-12,131.55467224121094,132.39284227281698,129.6120678053339,132.01813716022232,71379600
2023-01-13,132.88587951660156,133.04365799858422,129.82900042275443,130.19384999657817,57809700
2023-01-17,134.0494842529297,135.38070076927318,132.26465833803292,132.95492042575748,63646600
2023-01-18,133.32962036132812,136.68233001992917,133.15211582478094,134.91723044564642,69672800
2023-01-19,133.38877868652344,134.35514542774973,131.9096394708051,132.2153258346004,58280400
2023-01-20,135.95263671875,136.10055969629155,132.3534032973474,133.3986594670003,80223600
2023-01-23,139.1475830078125,141.32685514540398,135.9822178760608,136.19915953850284,81760300
2023-01-24,140.54782104492188,141.16906439218428,138.34883807200805,138.35869358432294,66435100
2023-01-25,139.8871307373047,140.44919583129123,136.87954456914778,138.93061947978296,65799300
2023-01-26,141.9579315185547,142.24389182095663,139.9265676340099,141.17890975078,54105100
2023-01-27,143.90054321289062,145.18246711281154,141.09018721144076,141.16907645645273,70555800
2023-01-30,141.01126098632812,143.52580046777817,140.86335309483502,142.94400936579723,64015300
2023-01-31,142.28335571289062,142.3326633733732,140.30131415280843,140.71547141700836,65874500
2023-02-01,143.4075164794922,144.571114195543,139.3546881653997,141.967828937729,77663600
2023-02-02,148.7225341796875,149.07751316889315,146.10937904089744,146.82922262442523,118339000
2023-02-03,152.3513641357422,155.19131670929613,145.774125819744,145.97134140477755,154357300
2023-02-06,149.61988830566406,150.97084596204795,148.68310295478358,150.4482178700856,69858300
2023-02-07,152.49928283691406,153.07121860652774,148.54505515759215,148.54505515759215,83322600
2023-02-08,149.80723571777344,152.43024651571073,149.0676660222592,151.73998447588093,64120100
2023-02-09,148.7718505859375,152.1837390894266,148.32811173185976,151.64138491373802,56007100
2023-02-10,149.13726806640625,149.46317743221437,147.3694730974516,147.60650220064647,57450700
2023-02-13,151.94203186035156,152.34693578344766,149.04836048379,149.07798723256394,62199000
2023-02-14,151.30007934570312,151.86301769491905,148.9891025921519,150.233471212628,61707600
2023-02-15,153.4036865234375,153.57157647071767,150.98407305919312,151.21121650909475,65573800
2023-02-16,151.8037872314453,154.39129073768956,151.44825113314346,151.6062554560653,68167900
2023-02-17,150.65814208984375,151.1025583652421,148.97922778858558,150.46062541961737,59144100
2023-02-21,146.6386260986328,149.4236611977066,146.56950203742764,148.33729678255915,58867200
2023-02-22,147.0633087158203,148.0904046122651,145.3350111943411,147.02379633351947,51011300
2023-02-23,147.54721069335938,148.47555569965527,145.4140093743504,148.22865607328114,48394200
2023-02-24,144.8905792236328,145.36462227322275,143.91285130614398,145.28561258669828,55469600
2023-02-27,146.08558654785156,147.32008482695682,145.62141398934327,145.87819927591497,44998500
2023-02-28,145.58187866210938,147.23116612400116,145.00906980182367,145.22634264777875,50547000
2023-03-01,143.50796508789062,145.40415278885536,143.21168246314858,145.0091193355728,55479000
2023-03-02,144.10052490234375,144.89060684866965,142.11544194013547,142.58950014966683,52238100
2023-03-03,149.15701293945312,149.236022634522,145.50290119247913,146.20408774818284,70732300
2023-03-06,151.92230224609375,154.3616721188966,151.55689556759242,151.8827898611123,87558000
2023-03-07,149.71994018554688,152.11979733212814,149.25576768015293,151.79388801539042,56182000
2023-03-08,150.97418212890625,151.56674727343432,149.9470862905562,150.91492862836495,47204800
2023-03-09,148.7224578857422,152.62346903568368,148.3669218148619,151.65562670311525,53833600
2023-03-10,146.65838623046875,149.06812912915592,145.77942411442874,148.3471863994858,68572400
2023-03-13,148.6039581298828,151.2408445051467,145.86830586973156,145.97694231528436,84457100
2023-03-14,150.69764709472656,151.49759944522177,148.23853654610156,149.4038955086608,73695900
2023-03-15,151.0927276611328,151.34949789320206,148.06079247647403,149.31504702106903,77167900
2023-03-16,153.917236328125,154.5196720318581,149.7594399024329,150.27299535550645,76161100
2023-03-17,153.0778045654297,154.79623179656093,152.3667322676899,154.14441301203934,98944600
2023-03-20,155.44798278808594,155.8627873790452,152.23828797454271,153.14689176758554,73641400
2023-03-21,157.3046875,157.4231944974596,154.59866219140062,155.36900288355957,73938300
2023-03-22,155.87266540527344,160.1292123200188,155.85290921676807,157.32443633451206,75701800
2023-03-23,156.9590606689453,159.54657961758764,155.72456224273301,156.86030983658483,67622100
2023-03-24,158.2626953125,158.35157558084836,155.89246440584685,156.88993369073094,59196500
2023-03-27,156.31707763671875,158.7762031421057,155.91215866543004,157.95649464031004,52390300
2023-03-28,155.69488525390625,156.5244793815335,154.045597696947,156.0109239824416,45992200
2023-03-29,158.77622985839844,159.05275625859912,157.37384166607825,157.39358278783644,51305700
2023-03-30,160.3465118408203,160.45514829132492,159.27003296644855,159.5268031814781,49501700
2023-03-31,162.85498046875,162.95374634284104,159.9020707098414,160.42549668949934,68749800
2023-04-03,164.1092529296875,164.22775993608965,162.18343872786127,162.23282167038158,56976200
2023-04-04,163.5759735107422,164.77095946962157,163.06241797980005,164.5339454319251,46278300
2023-04-05,161.7291717529297,163.0031826256872,159.79348657153227,162.69702941318997,51511700
2023-04-06,162.6179656982422,162.9142482495303,159.99095018347427,160.41561028699388,45390100
2023-04-10,160.0205841064453,160.0205841064453,158.09477004106023,159.41814841731897,47716900
2023-04-11,158.80584716796875,160.34649846878187,158.51943515436048,160.33662790848967,47644200
2023-04-12,158.1145477294922,160.05023261805474,157.7985089324277,159.22065338009935,50133100
2023-04-13,163.50682067871094,163.74384976611952,159.4181631056541,159.62556544083142,68445600
2023-04-14,163.1611785888672,164.2574136863755,161.7884170766324,162.5488571823505,49386500
2023-04-17,163.18092346191406,163.3389428652635,161.99580807591275,163.04266025137323,41516200
2023-04-18,164.40553283691406,165.33387789076258,163.5956947875371,164.04012619342146,49923000
2023-04-19,165.55113220214844,166.07455817257474,163.48703999868027,163.74382523896543,47720200
2023-04-20,164.58328247070312,165.78815383509277,163.50680373238094,164.03022972696172,52456400
2023-04-21,162.9735107421875,164.38576938158798,162.45008473615934,163.00313749199609,58337300
2023-04-24,163.27964782714844,163.54630361878327,161.85750369783725,162.9537385417183,41949600
2023-04-25,161.73902893066406,164.24752277490956,161.69951654722522,163.14141715156464,48714100
2023-04-26,161.7291717529297,163.23032612696554,160.7810853574261,161.03785561671634,45498800
2023-04-27,166.3214569091797,166.46959064736794,163.1413887265841,163.1413887265841,64902300
2023-04-28,167.5757293701172,167.74363439949644,165.79806388046575,166.40049965137717,55275900
2023-05-01,167.48684692382812,168.33618234272492,166.54863124552048,167.180693761707,52472900
2023-05-02,166.4498748779297,168.2374411469596,165.46227619804043,167.98065584567004,48425700
2023-05-03,165.3733673095703,168.80033534118735,165.08697037258037,167.3979472668269,65136000
2023-05-04,163.73394775390625,164.96844587189068,162.27230620168868,162.8451151367803,81235400
2023-05-05,171.41748046875,172.13842316096267,168.64231599957478,168.85958887715515,113453200
2023-05-08,171.34832763671875,171.6939931151052,169.9755664215469,170.34097301845657,55962800
2023-05-09,169.63980102539062,171.38783954566773,169.47191108630196,170.90392591816433,45326900
2023-05-10,171.40760803222656,171.87178057282452,169.76819076413835,170.87431142683658,53724500
2023-05-11,171.5952606201172,172.4248398461332,170.0348529885771,171.69402651016821,49514700
2023-05-12,170.66561889648438,172.13916641173466,169.11293731632776,171.70401959715826,45533100
2023-05-15,170.17112731933594,171.29854623618587,169.57774258819362,171.2490949935239,37266700
2023-05-16,170.17112731933594,171.229311478379,169.90410268128184,170.0920083491569,42110300
2023-05-17,170.78431701660156,171.0216588875202,168.5393629149387,169.8151358327416,57951600
2023-05-18,173.11827087402344,173.30617657836305,170.6755268984154,171.0908902546592,65496700
2023-05-19,173.22706604003906,174.44348843481356,173.00949259181542,174.44348843481356,55809500
2023-05-22,172.2776336669922,172.78201528070161,171.5359102025042,172.06006024351018,43570900
2023-05-23,169.66677856445312,171.46670153051892,169.38986966050507,171.2194603598222,50747300
2023-05-24,169.94366455078125,170.51726580029353,168.6382391925545,169.20194113871563,45143500
2023-05-25,171.0809783935547,171.98092464144923,169.7953214946183,170.50737715893996,56058300
2023-05-26,173.49404907226562,173.83030849826073,171.19965909306288,171.40734829469508,54835000
2023-05-30,175.34341430664062,177.01476677794446,174.6214744245607,175.00716998790764,55964400
2023-05-31,175.2939910888672,177.37082297149757,174.80939295881248,175.3731100748192,99625300
2023-06-01,178.1026611328125,178.13232886856773,174.97752884975577,175.73903594508394,68901800
2023-06-02,178.95314025878906,179.77398268262323,177.2817876805341,179.03225923715402,61996900
2023-06-05,177.59823608398438,182.90897030198119,176.07522239457762,180.61458064640706,121946500
2023-06-06,177.2323760986328,178.1323225352186,175.47200499411858,177.9839838617166,64848400
2023-06-07,175.85769653320312,179.21028600208987,175.36321422162453,176.47084977063176,61944600
2023-06-08,178.5773468017578,178.84435638126445,175.50166626223591,175.93679801452896,50214900
2023-06-09,178.9630126953125,180.21898667599456,178.63665261745342,179.49704685610018,48900000
2023-06-12,181.76181030273438,181.86071280602803,178.97293777661235,179.26963019609002,54274900
2023-06-13,181.28709411621094,182.11782073883157,180.4266997635254,180.78272761470595,54929100
2023-06-14,181.92002868652344,182.35517550952275,180.01133431975106,181.34642742806082,57462900
2023-06-15,183.95730590820312,184.46168752877136,181.75191900244837,181.9299404833556,65433200
2023-06-16,182.87933349609375,184.92649747799743,182.2365125370702,184.66935702206612,101256200
2023-06-20,182.9683074951172,184.04629021451652,182.37493787924961,182.37493787924961,49799100
2023-06-21,181.92991638183594,183.36391189129432,180.575024752965,182.85953033754498,49515700
2023-06-22,184.93637084960938,184.98582209518955,181.64311708726814,181.7123518491607,51245300
2023-06-23,184.61990356445312,185.49019723798705,182.96833449974372,183.5023838322858,53117000
2023-06-26,183.2254638671875,185.97478407089304,183.18589683511047,184.76824612936457,48088700
2023-06-27,185.98468017578125,186.31104030447904,183.62105538648717,183.83862880561904,50730800
2023-06-28,187.16156005859375,187.80438104509085,185.52977442185306,185.8561194768788,51216800
2023-06-29,187.49778747558594,187.9725013298976,186.85496654717443,186.9934209820816,46347300
2023-06-30,191.82943725585938,192.33380369723812,189.14933693308197,189.51526404426266,85213200
2023-07-03,190.33615112304688,191.7404791738125,189.64386376682972,191.6415766685233,31458200
2023-07-05,189.21859741210938,190.8503829545932,188.51642591121868,189.45595434700246,46920300
2023-07-06,189.69329833984375,189.90098754652763,187.1121001189567,187.74503686210437,45094300
2023-07-07,188.57577514648438,190.54382026308585,188.14064336966692,189.2977302172838,46815000
2023-07-10,186.52859497070312,187.89337080979294,184.97591346212693,187.17141585961895,59922200
2023-07-11,186.0044708251953,187.21100889013437,184.54080738706045,187.07255444450544,46638100
2023-07-12,187.67578125,189.584475327458,186.39012449248767,187.58676298395113,60750200
2023-07-13,188.4373016357422,189.0801376574393,187.6856939986458,188.39774969290625,41342300
2023-07-14,188.5856475830078,189.07023054213465,187.53734760154848,188.13071726198152,41616200
2023-07-17,191.8492431640625,192.17560328436687,189.69329254549467,189.7822957354681,50520200
2023-07-18,191.59210205078125,192.18548682934457,190.2965608776665,191.21630577539946,48288200
2023-07-19,192.947021484375,196.04247077365844,190.52404586593127,190.96909205897046,80507300
2023-07-20,190.9987335205078,194.3018715848771,190.3756810082794,192.9370956401489,59581200
2023-07-21,189.82186889648438,192.8184304455329,189.11969738642375,191.95803606721273,71951700
2023-07-24,190.6229248046875,192.759091941705,190.1284425094743,191.27564505606543,45377800
2023-07-25,191.4833221435547,192.29428036369316,190.79104993758423,191.19652904765346,37283200
2023-07-26,192.35362243652344,193.4810415222525,191.18665140498055,191.53277997466063,47471900
2023-07-27,191.08773803710938,195.02381285425056,190.42513357699178,193.85684188907683,47460200
2023-07-28,193.6689453125,194.4601200346163,191.99759267326004,192.5217427199515,48291400
2023-07-31,194.28207397460938,194.32164100543085,193.10520379928346,193.89637842130432,38824100
2023-08-01,193.45135498046875,194.55899044039094,193.12499487022708,194.07440747187567,35175100
2023-08-02,190.4547882080078,193.02608689409655,189.73284833699685,192.887632465541,50389300
2023-08-03,189.0603485107422,190.2471029357017,188.58564975883863,189.4559433793295,61235200
2023-08-04,179.98167419433594,185.312192820491,179.91243942847825,183.47271804853088,115956800
2023-08-07,176.8763427734375,181.10911048560996,175.39289572224425,180.12014578481444,97576100
2023-08-08,177.81581115722656,178.28062565603474,175.6203088706347,177.70702446409274,67823000
2023-08-09,176.22360229492188,178.93335560733482,175.05661623443876,178.87402014653773,60378500
2023-08-10,176.0060272216797,178.7553475423464,175.64011515660735,177.49935830249015,54686900
2023-08-11,176.0654296875,176.88738049769475,174.8374673630278,175.60000259117115,52036700
2023-08-14,177.71925354003906,177.94701832041608,175.5900993670502,176.2437010263368,43675600
2023-08-15,175.728759765625,177.73906787465035,175.3326457472995,177.14489684716207,43622600
2023-08-16,174.85728454589844,176.80816171418965,174.78795629022963,175.4118501481314,46964900
2023-08-17,172.31222534179688,175.78817341312092,171.7972650350441,175.42176719468313,66062900
2023-08-18,172.79747009277344,173.40155375891743,170.29201204567954,170.62871045348956,61172200
2023-08-21,174.1343536376953,174.4215491084137,172.05473264129324,173.37183349440417,46311900
2023-08-22,175.5108642578125,175.95649623435884,174.54037449165708,175.34251507159627,42038900
2023-08-23,179.3631591796875,179.78899610380492,176.6002283968818,176.78838784399545,52722800
2023-08-24,174.66912841796875,179.3433458832632,174.30270712253693,178.91750900229638,54945800
2023-08-25,176.8775177001953,177.4122731545347,174.1145868163421,175.6594526964133,51449600
2023-08-28,178.44216918945312,178.83828316683332,176.8180777049469,178.34313313971825,43820700
2023-08-29,182.3340301513672,183.10646293821267,177.75884901223952,177.9569059889832,53003900
2023-08-30,185.8297882080078,186.0278602958339,182.94802670379437,183.14608368084174,60813900
2023-08-31,186.04766845703125,187.28554353881972,185.66145203594442,186.0179606639307,60794500
2023-09-01,187.6222381591797,188.07776768138748,186.45367634199346,187.65194594928982,45766500
2023-09-05,187.85992431640625,188.1372071331358,185.7902007519677,186.453699999912,45280000
2023-09-06,181.13580322265625,187.01818850408822,179.70976859554776,186.57254135003106,81755800
2023-09-07,175.83767700195312,176.4813811102254,171.8566665123906,173.48075801343515,112488800
2023-09-08,176.45166015625,178.4916910043361,176.06544373133067,176.62002446653017,65551300
2023-09-11,177.62022399902344,178.5511084974291,175.619813594627,178.3233437087065,58953100
2023-09-12,174.58990478515625,178.38275585399316,173.12426491742679,177.7489644157226,90370200
2023-09-13,172.52017211914062,175.58019553637163,172.2923922361182,174.79785006313273,84267900
2023-09-14,174.03533935546875,174.39184798430878,171.89628758242847,172.31221179761187,60895800
2023-09-15,173.3124237060547,174.78797636853713,172.1339792213286,174.76816613453047,109259500
2023-09-18,176.2436981201172,177.64002479353724,174.46115503817452,174.76814563074643,67257600
2023-09-19,177.33303833007812,177.88760394386657,175.4118538031827,175.7980702206982,51826900
2023-09-20,173.78775024414062,177.95690472942889,173.69861176107497,177.5211703172096,58436200
2023-09-21,172.2428741455078,174.5898954535224,172.17356100214752,172.856870429388,63149100
2023-09-22,173.09454345703125,175.36233909077248,172.36173107244514,172.97571228348323,56725400
2023-09-25,174.37203979492188,175.2534062611611,172.46075278406465,172.51027081019092,46172700
2023-09-26,170.29200744628906,173.50057001651604,169.99491440180657,173.12426626356617,64588900
2023-09-27,168.77684020996094,171.3615240971404,167.41023633579258,170.94559986493434,66921800
2023-09-28,169.03431701660156,170.36131544966938,165.99408862675534,167.69740591218968,56294400
2023-09-29,169.54928588867188,171.39124466953126,168.68771453081845,170.35142654777866,51861100
2023-10-02,172.0646514892578,172.60931959526494,169.2719978061565,169.55919331240622,52164500
2023-10-03,170.72772216796875,171.9458021063211,169.1630613901914,170.58908076573104,49594600
2023-10-04,171.9755096435547,172.5201776911012,169.31160010164683,169.43043127173715,53020300
2023-10-05,173.21340942382812,173.7481648763392,171.00502912591972,172.10426293848624,48527900
2023-10-06,175.76837158203125,176.26352163595584,171.5001654241457,172.1141617663429,57266700
2023-10-09,177.25379943847656,177.31321501974588,174.09474007424367,175.09493761742715,42390800
2023-10-10,176.6596221923828,177.9767230488949,176.22388776036024,176.3724418317021,43698000
2023-10-11,178.05593872070312,178.10545674166264,175.8772817954906,176.4714527146694,47551100
2023-10-12,178.9571533203125,180.57133234869775,177.3033387116547,178.32336180549302,56743100
2023-10-13,177.1151885986328,180.16529977566205,176.41206884050376,179.6602521369707,51427100
2023-10-16,176.98641967773438,177.34292828713865,174.79784999846225,175.0355274416581,52517000
2023-10-17,175.43165588378906,176.6893412361662,173.1044597256959,174.93650583601004,57549400
2023-10-18,174.1343536376953,175.8574811296678,173.41143884685883,173.87688106979198,54764400
2023-10-19,173.758056640625,176.11496052795673,173.4906713911534,174.33241738277906,59302900
2023-10-20,171.20309448242188,173.7184502104905,170.96541700693638,173.60951658974062,64244000
2023-10-23,171.32188415527344,172.32208162288967,168.2816561832755,169.25216097327896,55980100
2023-10-24,171.7576446533203,171.98540943587548,169.78694209599936,171.3714282347356,43816600
2023-10-25,169.44033813476562,171.38131769667615,168.99469104064445,170.21277093543313,57157000
2023-10-26,165.2711639404297,169.71761631425704,164.06299674951495,168.71740365821697,70625300
2023-10-27,166.58827209472656,167.32109955610002,165.21175565878588,165.29098147440297,58499100
2023-10-30,168.63821411132812,169.50968312123874,167.2319896431063,167.38054373931297,51131000
2023-10-31,169.11354064941406,169.24226937820893,166.27136928302133,167.70731641765212,44846000
2023-11-01,172.28248596191406,172.53995851269775,168.4698250558493,169.34129385969914,56934900
2023-11-02,175.8476104736328,176.05556504970008,173.75807648633753,173.8174920794996,77334800
2023-11-03,174.93650817871094,175.10487249469713,171.66852990822986,172.5498964006483,79829200
2023-11-06,177.49147033691406,177.6895273209714,174.50077512285628,174.66912431484397,63841300
2023-11-07,180.05636596679688,180.67034717470034,177.23400472320088,177.44195927584823,70530000
2023-11-08,181.11598205566406,181.67054768588966,179.82858892219454,180.5812266581694,49340300
2023-11-09,180.64064025878906,182.3340449245472,180.04645416963677,181.18530832204868,53763500
2023-11-10,184.8351287841797,185.00371491529177,181.98922784820692,182.425536381392,66133400
2023-11-13,183.24855041503906,184.4682199516521,182.6635072771428,184.25999143916752,43627500
2023-11-14,185.86639404296875,186.53076740007103,184.7359652497266,186.12420582715117,60108400
2023-11-15,186.4315948486328,187.90909130382101,186.20353000343164,186.2729495954029,53790500
2023-11-16,188.11734008789062,189.35684600106327,187.06622636374277,187.9785160308428,54412900
2023-11-17,188.0974884033203,188.78169803245333,186.98689603758916,188.6527845861859,50922700
2023-11-20,189.84271240234375,190.29885721130628,188.28590092727276,188.29581152699646,46505100
2023-11-21,189.03953552246094,189.91215257469014,188.14709726863614,189.8030754431615,38134500
2023-11-22,189.7039031982422,191.31029805901488,189.22793715258507,189.88239992204348,39617700
2023-11-24,188.3751678466797,189.29735306155973,187.66121116968733,189.26760612757576,24048300
2023-11-27,188.19668579101562,189.06930293777708,187.31415804238273,188.32559926879352,40552600
2023-11-28,188.80152893066406,189.47582799498892,187.8099242301234,188.1867388581487,38415400
2023-11-29,187.7801971435547,190.47736342450784,187.38356127369806,189.2973512852548,43014200
2023-11-30,188.3553009033203,188.72220491397636,186.61008216023393,188.24622378620953,48794400
2023-12-01,189.63449096679688,189.95179660734362,187.64135580786584,188.73212704562349,45704800
2023-12-04,187.83969116210938,188.454496430777,185.8763178825686,188.3850768316175,43389500
2023-12-05,191.79620361328125,192.76797210608754,188.58339853026055,188.61316059527184,66628400
2023-12-06,190.7054443359375,193.12494736273675,190.4972006683192,192.81755229252437,41089700
2023-12-07,192.63905334472656,193.3629205543118,191.96475426663108,192.0044269286476,47477700
2023-12-08,194.0669708251953,194.34461894265894,192.04408867717459,192.56963798027982,53406400
2023-12-11,191.55819702148438,191.8656072016425,189.81297812056516,191.48879255742054,60943700
2023-12-12,193.07534790039062,193.08525849983545,190.11044455227926,191.45902748039885,52696900
2023-12-13,196.29808044433594,196.33773797632358,193.214189106248,193.45216455954898,70404200
2023-12-14,196.4468231201172,197.9441408874326,194.51319682969313,196.35758232148717,66831600
2023-12-15,195.911376953125,196.7343956614167,195.34615492740625,195.87170428604514,128538400
2023-12-18,194.24545288085938,194.97924583916173,192.75804576345098,194.4437708037096,55751900
2023-12-19,195.2866668701172,195.29657747183754,194.24547872327412,194.51321627661997,40714100
2023-12-20,193.1943817138672,196.0204465599507,193.1943817138672,195.24699595949082,52242800
2023-12-21,193.0456085205078,195.42546903656068,191.87552215973167,194.45370060278358,46482500
2023-12-22,191.9746856689453,193.76948784569112,191.349969834571,193.54140785907617,37149600
2023-12-26,191.4292755126953,192.26221976472212,191.21112128516174,191.98457168071317,28919300
2023-12-27,191.5284423828125,191.87551008122907,189.48573911500236,190.87399477798158,48087700
2023-12-28,191.95481872558594,193.02575350057543,191.5482572115215,192.51011487616893,34049900
2023-12-29,190.91368103027344,192.7679772625201,190.1203941221817,192.27217483629892,42672100
2024-01-02,184.08151245117188,186.85800888690832,182.34620407017263,185.57883023572913,82488700
2024-01-03,182.7032012939453,184.31952210922134,181.89007802002808,182.6734543576498,58414500
2024-01-04,180.3828125,181.55289876959398,179.36146088139282,180.62078794157884,71983600
2024-01-05,179.65895080566406,181.22568820887324,178.6574354024576,180.46216340525032,62379700
2024-01-08,184.00218200683594,184.04185467153414,179.97626898919978,180.56131218264795,59144500
2024-01-09,183.58570861816406,183.59561921893004,181.19593746369003,182.37594957443397,42841800
2024-01-10,184.62689208984375,184.83512061558696,182.375945055311,182.80234296869347,46792900
2024-01-11,184.03192138671875,185.4796709750172,182.07845882443647,184.97394287034564,49128400
2024-01-12,184.35916137695312,185.1722845702879,183.6352941143493,184.49798544280438,40477800
2024-01-16,182.08837890625,182.71307958868692,179.41103406753936,180.63071876275188,65603000
2024-01-17,181.14633178710938,181.39423295178236,178.78632298828933,179.74818071767538,47317400
2024-01-18,187.04638671875,187.55209963440907,184.26989072089356,184.5277024783634,78005800
2024-01-19,189.95179748535156,190.33852272040096,187.23481023986653,187.74052319933506,68903000
2024-01-22,192.26223754882812,193.69015075906108,190.64591702187175,190.68558968364889,60133900
2024-01-23,193.54139709472656,194.10661903356933,192.20273983497614,193.38275184285894,42355600
2024-01-24,192.86712646484375,194.73134826169684,192.7084660713482,193.77940103141137,53631300
2024-01-25,192.53988647460938,194.62226243680658,191.48878789336808,193.58107445570798,54822100
2024-01-26,190.80458068847656,193.1249321296598,190.3286146537771,192.63905549468925,44594000
2024-01-29,190.12037658691406,190.5864320350317,187.98843240307312,190.3980247095346,47145600
2024-01-30,186.4613494873047,190.18979301004535,185.89614265093053,189.33701232459805,55859400
2024-01-31,182.8518829345703,185.52922747005408,182.8023148089162,185.46971848403524,55467800
2024-02-01,185.291259765625,185.38050055962896,182.2767880551107,182.44535904290282,64885400
2024-02-02,184.28976440429688,185.75733532165063,177.74516644928605,178.35004600309975,102551700
2024-02-05,186.10438537597656,187.66121220628375,184.27983613833493,186.5704408518845,69668800
2024-02-06,187.7107696533203,187.72068025311026,185.2020110139772,185.2912518041467,43490800
2024-02-07,187.81985473632812,189.4460858813363,187.02656792958788,189.03952431241242,53439000
2024-02-08,186.73899841308594,187.94874218828468,185.7771406742971,187.80000754030146,40962000
2024-02-09,187.50352478027344,188.63539609029752,186.65957913376621,187.304938639922,45155200
2024-02-12,185.8156280517578,187.32479480430874,185.45819421957458,187.0765772861258,41781900
2024-02-13,183.72067260742188,184.88234393093236,182.20158259974826,184.4454786725173,56529500
2024-02-14,182.83702087402344,184.2071864451767,181.13922150541597,183.9986922104331,54630500
2024-02-15,182.549072265625,183.17458519121215,180.05697410890977,182.24128500065143,65434500
2024-02-16,181.01014709472656,183.53204565484478,180.37471083115267,182.1122335213933,49752500
2024-02-20,180.26548767089844,181.12927978468986,178.7166127841021,180.49384354523508,53665600
2024-02-21,181.0200653076172,181.5859933284812,179.3718974749363,180.64276986037862,41371400
2024-02-22,183.05545043945312,183.64125529629035,181.15908011476066,182.17179668082835,52292200
2024-02-23,181.21864318847656,183.72066477086588,180.9307023940782,183.6908798817894,45119700
2024-02-26,179.86834716796875,181.45693020455124,179.36197373162466,180.94064867140935,40867400
2024-02-27,181.32786560058594,182.60866132395924,178.27974721589908,179.8087756065873,54318900
2024-02-28,180.12649536132812,181.81437153541262,178.84569957246276,181.20872015618278,48953900
2024-02-29,179.46127319335938,181.26830407372196,178.2499704416867,179.97756989489093,136682600
2024-03-01,178.37904357910156,179.24283570733874,176.11530099131116,178.26982726346276,73563100
2024-03-04,173.85154724121094,175.63870116419773,172.55087478393426,174.8940486462885,81510100
2024-03-05,168.90704345703125,170.8133520831047,168.41060844555398,169.5424796657224,95132400
2024-03-06,167.9141845703125,170.01907946057096,167.47731930724007,169.84035496658896,68587700
2024-03-07,167.7950439453125,169.51270494606766,167.28868565722726,167.94396839769192,71765100
2024-03-08,169.5126953125,172.4615205019895,167.73546463179477,167.79503440936114,76267000
2024-03-11,171.518310546875,173.13669366515666,170.82330450374639,171.70695829072324,60139500
2024-03-12,171.994873046875,172.7891721100731,169.79070034274764,171.91544162555573,59825400
2024-03-13,169.90985107421875,171.95516088785197,169.54247886546352,171.53815729817867,52488700
2024-03-14,171.76651000976562,173.06716728584055,170.82328653971078,171.67715534575908,72913500
2024-03-15,171.3892364501953,171.3892364501953,169.07584723661714,169.94957779625068,121752700
2024-03-18,172.48138427734375,176.44294118443133,172.282813299669,174.31819990832292,75604200
2024-03-19,174.82455444335938,175.35077434046616,171.79629786095623,173.09695515946524,55215200
2024-03-20,177.39610290527344,177.39610290527344,173.84162605000233,174.467139074951,53423100
2024-03-21,170.14813232421875,176.22450721449738,169.6219124199128,175.78764197696165,106181300
2024-03-22,171.05165100097656,171.8161651814705,168.84747827799018,170.53535433298114,71160100
2024-03-25,169.63185119628906,170.7140758962492,168.24182406010684,169.3538487990515,54288300
2024-03-26,168.49998474121094,170.19778406175462,168.37090678526505,168.78791039294236,57388400
2024-03-27,172.07431030273438,172.36225110852925,168.89712909220745,169.19499314475576,60273300
2024-03-28,170.25735473632812,171.00200728609337,169.29426955996547,170.5254338962422,65672700
2024-04-01,168.8177032470703,170.02900599080004,168.2716216576847,169.96943620832081,46240500
2024-04-02,167.6361846923828,168.13261974429108,167.0305333230549,167.87447897129715,49329500
2024-04-03,168.44039916992188,169.46305411699578,167.37803608655156,167.5865303145986,47691700
2024-04-04,167.61631774902344,170.69420560535343,167.61631774902344,169.07582268557752,53704400
2024-04-05,168.37091064453125,169.17513298848516,167.74539764368038,168.3808338913719,42104800
2024-04-08,167.24896240234375,167.99361496437555,167.04046816897213,167.82482886831443,37425500
2024-04-09,168.46026611328125,168.86734648560252,167.1496854743383,167.49718091534808,42373800
2024-04-10,166.58372497558594,167.8843822327512,165.91850390321875,167.59645660291815,49709300
2024-04-11,173.79196166992188,174.20898041040104,166.96102623293754,167.13973556457645,91070300
2024-04-12,175.29122924804688,177.08832180821437,172.96791671667,173.0175481045229,101670900
2024-04-15,171.458740234375,175.37065085788137,171.27009249111015,174.1097015871075,73531800
2024-04-16,168.1723175048828,172.5210775974863,167.0702312509368,170.52541444574328,73711200
2024-04-17,166.8021697998047,169.43326939438703,166.8021697998047,168.4006911997193,50901200
2024-04-18,165.8489990234375,167.4375970919546,165.36250241682455,166.83194578270678,43122900
2024-04-19,163.82357788085938,165.21359005742565,162.91013914340203,165.02495745131748,68149400
2024-04-22,164.65756225585938,166.06743588145892,163.59519920100377,164.33985172403135,48116400
2024-04-23,165.7100067138672,165.85894631264824,163.74412823991455,164.17107024309314,49537800
2024-04-24,167.8148956298828,168.09289802448964,165.02493328758231,165.35256706337344,48251800
2024-04-25,168.67869567871094,169.39356334150216,166.9510963019663,168.3212618473153,50558300
2024-04-26,168.0928955078125,170.1183436596222,167.97374080476908,168.66876193087458,44838400
2024-04-29,172.26295471191406,174.7749147415349,171.86581274952138,172.1338767566388,68169400
2024-04-30,169.1155548095703,173.74233280675443,168.78790588015656,172.09416491333778,65934800
2024-05-01,168.0928955078125,171.47858587357683,167.90424778215495,168.37089789825708,50383100
2024-05-02,171.79632568359375,172.18354444700543,169.67158410871994,171.28002894904594,94214900
2024-05-03,182.07249450683594,185.66667884285496,181.3576269377945,185.31916830374013,163224100
2024-05-06,180.41441345214844,182.8866500436298,179.13360267463952,181.04984964293004,78569700
2024-05-07,181.09950256347656,183.5816778461448,180.02721617336002,182.14201921219635,77305800
2024-05-08,181.4370880126953,181.76473696457006,180.15627709627628,181.5463043299869,45057100
2024-05-09,183.25404357910156,183.34339825305352,180.81157644111198,181.25836496086742,48983000
2024-05-10,181.9913787841797,184.01957427538,181.07670119634082,183.83067066594327,50759500
2024-05-13,185.20269775390625,186.01796278299403,183.5522942832241,184.36755931231187,72044800
2024-05-14,186.34603881835938,187.21101770983566,185.2126323262415,186.4255779791011,52393600
2024-05-15,188.622802734375,189.54741702859607,186.2863873072406,186.8232728469217,70400000
2024-05-16,188.7421112060547,189.99483406684226,188.56315946625315,189.36847263644847,52845200
2024-05-17,188.77191162109375,189.70647770502518,188.08589970116356,188.41399301811026,41282900
2024-05-20,189.93515014648438,190.81006568993442,187.91689147556073,188.23504809883084,44361300
2024-05-21,191.2375946044922,191.6153866469515,189.815856788038,189.98487181213304,42309400
2024-05-22,189.79595947265625,191.70486886169914,189.1696132758398,191.15804664976199,34648500
2024-05-23,185.7992401123047,189.89540846653745,185.55068591274116,189.87551988281993,51005900
2024-05-24,188.88128662109375,189.47782271626807,186.9525037733123,187.72800676525614,36327000
2024-05-28,188.89125061035156,191.8838376427625,188.00639828711084,190.40244918609352,52280100
2024-05-29,189.1894989013672,191.13817040866115,188.41401104911338,188.5134387924459,53068000
2024-05-30,190.18370056152344,191.06855279301288,189.52752908744432,189.6567669388692,49889100
2024-05-31,191.13815307617188,191.4563096895504,188.81168973037515,190.33284000805318,75158300
2024-06-03,192.9078826904297,193.8623374845637,191.4066207978332,191.784412862338,50080500
2024-06-04,193.2260284423828,194.19041988861153,191.91365507081835,193.51434462038463,47471400
2024-06-05,194.7372283935547,195.76127042413225,193.74301165159252,194.269945311189,54156800
2024-06-06,193.35528564453125,195.36360789712964,193.047080853253,194.55829468881035,41181800
2024-06-07,195.75132751464844,195.80104138427978,193.0172315608974,193.5242766218339,53103900
2024-06-10,192.00314331054688,196.1589774177998,191.03875180216343,195.76128159599278,97010200
2024-06-11,205.9519805908203,205.9619324668351,192.51018190883102,192.53005531977516,172373300
2024-06-12,211.83775329589844,218.92650784161864,205.7034230879499,206.1707061367958,198134300
2024-06-13,213.0009765625,215.49645484580142,210.3762452625493,213.4980848781766,97862700
2024-06-14,211.2611083984375,213.9256018265929,210.07798811856898,212.61324369392398,70122700
2024-06-17,215.41693115234375,217.68374402084368,211.48977821080922,212.13601299934342,93728300
2024-06-18,213.05072021484375,217.36563283504597,211.768187164801,216.33163882474545,79943300
2024-06-20,208.46734619140625,213.00098699569836,207.64215969704074,212.6927670816265,86172500
2024-06-21,206.2900390625,210.66458669732776,205.91223184266303,209.17326157128963,241805100
2024-06-24,206.93626403808594,211.46988977828624,205.39522511371305,206.51869484312465,80727000
2024-06-25,207.86090087890625,210.15753911842552,207.40355450398363,207.94042486793816,55549700
2024-06-26,212.01670837402344,213.6173978459433,209.42180221570723,210.2768291728298,66213200
2024-06-27,212.86180114746094,214.49231592564604,211.12192192565487,213.44838535845383,49772700
2024-06-28,209.40191650390625,214.8204096554565,209.08377504858177,214.52214161134154,82542700
2024-07-01,215.49649047851562,216.2520897818886,210.69442153458442,210.86343656939636,60402900
2024-07-02,218.99612426757812,219.10548871515067,213.85602557275527,214.89994100712372,58046200
2024-07-03,220.26870727539062,220.26870727539062,217.76327700783267,218.7276683957665,37369800
2024-07-05,225.03102111816406,225.14038557018992,220.36814201808318,220.36814201808318,60412400
2024-07-08,226.50247192382812,226.53229721329785,221.95889400104966,225.7766827586142,59085900
2024-07-09,227.3574676513672,228.0733048889389,225.0608295018841,226.61180512644188,48076100
2024-07-10,231.63259887695312,231.73202661360727,227.92417489200207,227.97388876032915,62627700
2024-07-11,226.25390625,231.04602295166967,224.46431311990926,230.0518062316796,64710600
2024-07-12,229.20672607421875,231.29458734662404,227.357482286545,227.59609977127653,53046500
2024-07-15,233.04440307617188,235.8580383346859,231.7419815445035,235.11237576276483,62631300
2024-07-16,233.4619903564453,234.9036016458956,230.9863851256273,233.64094209406048,43234300
2024-07-17,227.55633544921875,230.1214164943178,225.32928445945876,228.1230311101644,57345900
2024-07-18,222.8834991455078,229.10730558155058,220.9845567217071,228.94822726389444,66034600
2024-07-19,223.01275634765625,225.4883615119168,221.9887143107171,223.5198165983548,49151500
2024-07-22,222.66477966308594,226.46267958300487,221.7998008147913,225.69712847330965,48201800
2024-07-23,223.7086944580078,225.6275405798551,221.392167723929,223.0723963761116,39960300
2024-07-24,217.276123046875,223.4999296447353,215.8742889513949,222.70455320631825,61777600
2024-07-25,216.23219299316406,219.57276167257183,213.37878078186108,217.6638522810165,51391200
2024-07-26,216.69949340820312,218.22064384945838,214.76075857434793,217.4352041073067,41601300
2024-07-29,216.9778594970703,218.0317267787177,214.50225443638584,215.7052633263403,36311800
2024-07-30,217.5346221923828,219.05577256608925,214.87011348402856,217.92236610782675,41643800
2024-07-31,220.795654296875,222.52559687691686,219.35404306544518,220.1593561933901,50036300
2024-08-01,217.09716796875,223.1817695634113,215.76492117798517,223.07240511518174,62501000
2024-08-02,218.5885009765625,224.29531073215608,216.45094097639597,217.88260039056834,105568600
2024-08-05,208.05975341796875,212.26528622278008,194.86649227009318,197.9386185328084,119548600
2024-08-06,206.0315399169922,208.77558795019922,199.90717605667754,204.11270880558044,69660500
2024-08-07,208.6065673828125,212.40446750854989,205.19639601521322,205.70344110024527,63516400
2024-08-08,212.0763702392578,212.96122253044004,207.6222834948103,211.87752992550045,47161100
2024-08-09,214.9894256591797,215.5262960046125,210.7441160828828,210.8733691090516,42201600
2024-08-12,216.52230834960938,218.49313190431408,214.60125621149956,215.06908018890428,38028100
2024-08-13,220.24496459960938,220.8620875715453,217.99542439436792,217.99542439436792,44155300
2024-08-14,220.69290161132812,221.99683071433236,218.6822548419691,219.548234966672,41960600
2024-08-15,223.6790008544922,224.3060872818483,221.72807374055304,223.55956160665437,46414000
2024-08-16,225.00283813476562,225.77922361016536,222.6139468974481,222.88270038911833,44340200
2024-08-19,224.84356689453125,224.94310972106823,222.00676340736013,224.67435623990076,40687800
2024-08-20,225.460693359375,226.11763957317405,224.4056062095116,224.72413110884563,30299000
2024-08-21,225.3511962890625,226.92387876417723,224.00745927475182,225.47065071716546,34765500
2024-08-22,223.4898681640625,227.28221598709214,222.86278176595104,226.7347608131935,43695300
2024-08-23,225.78916931152344,227.16278137803022,223.29080225181497,224.61464290366072,38677300
2024-08-26,226.12757873535156,226.2271215594374,222.8528263811224,225.70952621277567,30602200
2024-08-27,226.97366333007812,227.7898720189865,223.84820980142854,224.9530683997657,35934600
2024-08-28,225.44078063964844,228.79516410710562,224.6345202420592,226.864148811834,38052200
2024-08-29,228.72547912597656,231.84098409749413,227.81970629152008,229.03405579277157,51906300
2024-08-30,227.9391632080078,229.33267166766268,226.42620031745173,229.123652992766,52990800
2024-09-03,221.73805236816406,227.93918848340573,220.1454580764442,227.49127608514226,50190600
2024-09-04,219.82691955566406,220.75260404502964,216.47252073588626,220.6331648046219,43840200
2024-09-05,221.349853515625,224.43548398740054,220.4938367652657,220.60332780966414,36615400
2024-09-06,219.7970733642578,224.19659618640478,218.75193438162455,222.9125635200513,48423000
2024-09-09,219.8866424560547,220.24497537072617,215.7061019102892,219.79706302441255,67180000
2024-09-10,219.09034729003906,220.45399594379384,215.72600018375593,217.905857501112,51591000
2024-09-11,221.62852478027344,222.05652550259597,216.88061769002928,220.4340868524661,44587100
2024-09-12,221.73805236816406,222.5144379086487,218.80172088165384,221.4692988539641,37455600
2024-09-13,221.4692840576172,223.00214343080088,220.8820208371711,222.54428285449177,36766600
2024-09-16,215.3179168701172,216.21374159471785,212.92902562434276,215.5368837592455,59357400
2024-09-17,215.7857208251953,215.8952118613641,213.50633585708556,214.75054527350213,45519300
2024-09-18,219.66766357421875,221.67831024616868,216.5322467283196,216.54221012404864,59894900
2024-09-19,227.8097686767578,228.75538000957175,223.58941994126667,223.94775287051627,66781300
2024-09-20,227.1428680419922,232.01021467188832,226.56555305015522,228.90467282845125,318679900
2024-09-23,225.42088317871094,228.38707413181643,224.7639369712135,226.2868480598011,54146000
2024-09-24,226.31671142578125,228.28755007923567,224.6843092769655,227.59078065470555,43556100
2024-09-25,225.32135009765625,226.2370864319121,222.98224544035924,223.88801837861104,42308700
2024-09-26,226.4660186767578,227.44147457763864,224.36579263659118,226.24703661091274,36636700
2024-09-27,226.73475646972656,228.45675318264773,226.24703611440785,227.40166606122023,34026000
2024-09-30,231.920654296875,231.920654296875,228.58616671135624,228.9743594736852,54541900
2024-10-01,225.16209411621094,228.5861456381701,222.70353511874544,228.45675818805825,63285000
2024-10-02,225.72946166992188,226.31672490502262,221.98688498556473,224.84358511910924,32880600
2024-10-03,224.6245880126953,225.75930638603796,222.28548343692833,224.09704443839323,34044200
2024-10-04,225.74935913085938,226.9437971307691,223.09172964492672,226.8442543024003,37245100
2024-10-07,220.66302490234375,224.6444949275546,220.30469199255066,223.46000516495792,39505400
2024-10-08,224.72413635253906,224.93315503301397,222.2158058701156,223.26094483680066,31855700
2024-10-09,228.47665405273438,228.68568791487783,223.78848153487698,224.18662246797504,33591100
2024-10-10,227.9789581298828,228.43683384781116,226.11762582538967,226.7248005882391,28183500
2024-10-11,226.4958953857422,228.34727968813561,226.28686151162026,228.23778864704394,31759200
2024-10-14,230.228515625,230.65651637799863,227.54102629778745,227.64055393917852,39882100
2024-10-15,232.76670837402344,236.3898456598821,231.29355345996072,232.52781469355565,64751400
2024-10-16,230.70626831054688,231.04468960128423,228.77525301100687,230.52710945831018,34082200
2024-10-17,231.07456970214844,232.76670668063704,229.4521309302649,232.348638945834,32993800
2024-10-18,233.91136169433594,235.0858880500012,232.92594240501305,235.0858880500012,46431500
2024-10-21,235.38450622558594,235.75280253487685,233.36391138062547,233.36391138062547,36254500
2024-10-22,234.7673797607422,235.125712669187,231.52248717012162,232.80650456565562,38846600
2024-10-23,229.69100952148438,234.05072423456664,226.7049068825192,232.99563706556216,52287000
2024-10-24,229.5018768310547,229.75071868986194,227.3518795258155,228.9145985013122,31109500
2024-10-25,230.3380126953125,232.13962556438537,228.5065400142299,228.6757506783198,38802300
2024-10-28,232.3187713623047,233.64261197661628,231.47271808946843,232.23915532682838,36087100
2024-10-29,232.5875244140625,233.2444706163013,231.24378738741356,232.0201728307493,35417200
2024-10-30,229.03407287597656,232.38845656475567,228.48661770128336,231.5324398883544,47070900
2024-10-31,224.8634796142578,228.76531846185907,224.32597264925337,228.27758291037028,64370100
2024-11-01,221.87738037109375,224.30607958110733,219.2496106921502,219.9463649274566,65276700
2024-11-04,220.98153686523438,221.75792231303782,218.69220372782075,219.96627293386246,44944500
2024-11-05,222.41488647460938,222.91257027302564,220.11558975602287,220.77253601507735,28111300
2024-11-06,221.68824768066406,225.02273483375984,220.16533664224426,221.57875664968802,54561100
2024-11-07,226.42620849609375,226.82436463330757,223.52970043689453,223.5894200604507,42137700
2024-11-08,226.15716552734375,227.8511489598711,225.60910803907555,226.366414165256,38328800
2024-11-11,223.4368133544922,224.90161465065876,220.7164746065314,224.20409384410638,42005600
2024-11-12,223.4368133544922,224.79200315214243,222.5698957238352,223.75568869738083,40398300
2024-11-13,224.3236541748047,225.84824072641777,221.97200184604,223.2175800878685,48566200
2024-11-14,227.41270446777344,228.06039910056816,224.20409355692922,224.22402706703753,44923900
2024-11-15,224.2041015625,226.11730807125568,223.47668806811174,225.59914322363005,47923700
2024-11-18,227.2134246826172,228.9273417095955,224.37349996104592,224.4532188000698,44633700
2024-11-19,227.4724884033203,229.34584301691135,225.8582238051146,226.17708394083317,36211800
2024-11-20,228.18994140625,229.11664435033194,225.0909420304879,227.25326410482543,35169600
2024-11-21,227.71165466308594,229.3458528412815,224.91159698015457,228.07038183414417,42108300
2024-11-22,229.05686950683594,229.90386885981255,227.2532745036032,227.2532745036032,38168300
2024-11-25,232.04624938964844,232.42491005721112,228.92733167542056,230.64124862727573,90152800
2024-11-26,234.22850036621094,234.73670603206307,232.50462429580293,232.50462429580293,45986200
2024-11-27,234.0989532470703,234.85627456038557,232.98291999142185,233.6405889619916,33498400
2024-11-29,236.490478515625,236.96877632211965,233.14236346053607,233.97938842310504,28481400
2024-12-02,238.7424774169922,239.93822952974793,236.32108052902282,236.4306920263062,48137100
2024-12-03,241.79165649414062,241.90126799408412,238.05492154808562,238.96170621081686,38861000
2024-12-04,242.15037536621094,243.24649032811607,240.39660663197557,242.01087120786053,44383900
2024-12-05,242.18028259277344,243.67497660990782,241.27351311137042,243.1269343008096,40033900
2024-12-06,241.98098754882812,243.7646642163996,241.22368140458013,242.05074723300527,36870600
2024-12-09,245.8771514892578,246.36542364679892,240.89483838917155,240.97455722335047,44649200
2024-12-10,246.8935546875,247.33200068563022,244.47214254503118,246.0166626912396,36914800
2024-12-11,245.6180877685547,249.91283942191654,245.38889040813984,247.08288910248365,45205800
2024-12-12,247.0828857421875,247.8601253939288,244.81093690846672,246.01666340683192,32777500
2024-12-13,247.25228881835938,248.4081739675946,245.36897496771653,246.94338782137353,33155300
2024-12-16,250.15196228027344,250.49077111704125,246.7739547032778,247.11276354004562,51694800
2024-12-17,252.58334350585938,252.93211150871377,248.89643481128522,249.1953766416157,51356400
2024-12-18,247.1725616455078,253.38051965426092,246.86366065893745,251.26802371656945,56774100
2024-12-19,248.90638732910156,251.10857637552834,246.21594133746913,246.62449465453676,60882300
2024-12-20,253.5897674560547,254.0979578981185,244.82089371115717,247.16257165125242,147495300
2024-12-23,254.3670196533203,254.7456651132031,252.55345036958022,253.8687883386418,40858800
2024-12-24,257.2866516113281,257.2965955586333,254.38692663500538,254.58623131585566,23234700
2024-12-26,258.1037292480469,259.1799258751944,256.7186620602343,257.27667867815336,27237100
2024-12-27,254.6858673095703,257.78488174803636,252.16481819720389,256.91793375888693,42355300
2024-12-30,251.307861328125,252.60326573181473,249.86299361835324,251.33775398934142,35557500
2024-12-31,249.5341796875,252.38406352835983,248.54767617168994,251.5470385357527,39480700
