Price,Close,Close,Close,Close,Close,Close
Ticker,AAPL,MSFT,AMZN,JPM,CAT,NEE
Date,,,,,,
2020-01-02,72.53852844238281,152.79115295410156,94.90049743652344,119.57341003417969,132.8749237060547,51.782588958740234
2020-01-03,71.83328247070312,150.88858032226562,93.74849700927734,117.99544525146484,131.0300750732422,52.151512145996094
2020-01-06,72.4056625366211,151.2786407470703,95.14399719238281,117.90160369873047,130.94180297851562,52.411922454833984
2020-01-07,72.06515502929688,149.89932250976562,95.34300231933594,115.89720916748047,129.21163940429688,52.366336822509766
2020-01-08,73.22439575195312,152.2869415283203,94.59850311279297,116.80130004882812,130.35919189453125,52.34247589111328
2020-01-09,74.77977752685547,154.18948364257812,95.05249786376953,117.22777557373047,130.03260803222656,52.75261306762695
2020-01-10,74.94880676269531,153.47604370117188,94.15799713134766,116.05926513671875,128.99099731445312,52.85245132446289
2020-01-13,76.55004119873047,155.3214874267578,94.56500244140625,117.0230941772461,129.60011291503906,53.470916748046875
2020-01-14,75.51637268066406,154.2275390625,93.47200012207031,118.38778686523438,129.47647094726562,53.75954055786133
2020-01-15,75.19275665283203,155.22634887695312,93.10099792480469,116.61368560791016,128.4966583251953,54.595027923583984
2020-01-16,76.1346435546875,158.0706024169922,93.89700317382812,117.06572723388672,130.52691650390625,54.74475860595703
2020-01-17,76.9775161743164,158.95526123046875,93.23600006103516,117.87601470947266,131.3624725341797,54.9899787902832
2020-01-21,76.45586395263672,158.38450622558594,94.5999984741211,116.71601867675781,129.6469268798828,55.747337341308594
2020-01-22,76.728759765625,157.62351989746094,94.37300109863281,116.57955169677734,126.78458404541016,56.4005241394043
2020-01-23,77.09827423095703,158.5938262939453,94.22899627685547,116.46013641357422,126.89128875732422,56.43959045410156
2020-01-24,76.87609100341797,156.9956817626953,93.08200073242188,113.56867218017578,124.78460693359375,57.22950744628906
2020-01-27,74.61553192138672,154.37020874023438,91.41699981689453,112.61339569091797,120.65115356445312,57.88487243652344
2020-01-28,76.72634887695312,157.39523315429688,92.6624984741211,114.66043853759766,121.54895782470703,57.68305206298828
2020-01-29,78.33241271972656,159.8494415283203,92.9000015258789,114.48985290527344,120.69560241699219,57.672218322753906
2020-01-30,78.21890258789062,164.35841369628906,93.53399658203125,115.90573120117188,120.3311538696289,58.577125549316406
2020-01-31,74.75077819824219,161.93272399902344,100.43599700927734,112.89485931396484,116.75775909423828,58.20170974731445
2020-02-03,74.54546356201172,165.8804473876953,100.20999908447266,113.75634002685547,115.3532943725586,57.90005874633789
2020-02-04,77.00650787353516,171.3406524658203,102.4834976196289,115.39395141601562,118.67778778076172,57.40745544433594
2020-02-05,77.6344223022461,171.1314239501953,101.99349975585938,117.35569763183594,122.17122650146484,57.878360748291016
2020-02-06,78.54251861572266,174.6795654296875,102.5114974975586,117.37278747558594,122.0022964477539,58.229923248291016
2020-02-07,77.47492218017578,174.92689514160156,103.96399688720703,116.99749755859375,118.55333709716797,58.49250030517578
2020-02-10,77.8428955078125,179.50245666503906,106.69550323486328,117.48370361328125,119.3978271484375,58.96992492675781
2020-02-11,77.3732681274414,175.4501190185547,107.54000091552734,117.70543670654297,121.06006622314453,59.058876037597656
2020-02-12,79.21068572998047,175.70692443847656,108.0,117.70543670654297,124.08231353759766,58.648746490478516
2020-02-13,78.64662170410156,174.75567626953125,107.49349975585938,117.60308074951172,124.19792938232422,59.77936553955078
2020-02-14,78.6659927368164,176.3157501220703,106.74349975585938,117.24483489990234,122.6601333618164,60.44123458862305
2020-02-18,77.22557067871094,178.10411071777344,107.78350067138672,115.69248962402344,121.40674591064453,61.20511245727539
2020-02-19,78.34403228759766,178.63827514648438,108.51100158691406,117.27044677734375,121.6556396484375,59.60575866699219
2020-02-20,77.54029083251953,175.9102325439453,107.65499877929688,117.27044677734375,121.71785736083984,60.117897033691406
2020-02-21,75.78517150878906,170.34925842285156,104.79850006103516,115.8375015258789,121.96674346923828,60.23942184448242
2020-02-24,72.1853256225586,163.0045623779297,100.4645004272461,112.7242660522461,117.4866714477539,59.447349548339844
2020-02-25,69.7402572631836,160.314697265625,98.63700103759766,107.69194030761719,114.6688461303711,58.6639404296875
2020-02-26,70.84660339355469,162.31776428222656,98.97949981689453,108.01606750488281,114.00216674804688,58.4773063659668
2020-02-27,66.21546936035156,150.88104248046875,94.21499633789062,103.52105712890625,109.57540893554688,55.81161117553711
2020-02-28,66.17674255371094,154.53433227539062,94.1875,99.03461456298828,110.43763732910156,55.13755416870117
2020-03-02,72.33785247802734,164.81690979003906,97.69750213623047,103.64900970458984,113.42435455322266,58.53837966918945
2020-03-03,70.04045104980469,156.91896057128906,95.44950103759766,99.75961303710938,110.56208038330078,57.840335845947266
2020-03-04,73.28925323486328,162.6802520751953,98.79149627685547,102.22460174560547,113.2465591430664,61.56401824951172
2020-03-05,70.91197204589844,158.5977325439453,96.20149993896484,97.2093276977539,108.41981506347656,60.242061614990234
2020-03-06,69.9702377319336,154.1146240234375,95.05449676513672,92.1855239868164,107.92203521728516,59.29534149169922
2020-03-09,64.43617248535156,143.66990661621094,90.03050231933594,79.6985092163086,92.5084228515625,56.996124267578125
2020-03-10,69.07693481445312,153.49462890625,94.59100341796875,85.89083862304688,94.65955352783203,55.785430908203125
2020-03-11,66.67787170410156,146.54100036621094,91.04299926757812,81.84793090820312,89.50391387939453,52.6289176940918
2020-03-12,60.093116760253906,132.643310546875,83.83049774169922,75.1011962890625,82.01042938232422,45.56767272949219
2020-03-13,67.29279327392578,151.50103759765625,89.25,88.62879180908203,88.57057189941406,48.33151626586914
2020-03-16,58.635765075683594,129.17124938964844,84.4574966430664,75.36558532714844,83.03268432617188,43.92723083496094
2020-03-17,61.21398162841797,139.80679321289062,90.39199829101562,79.97147369384766,89.0683364868164,48.375160217285156
2020-03-18,59.715457916259766,133.92147827148438,91.5,71.5529556274414,88.99723052978516,45.94941329956055
2020-03-19,59.25791931152344,136.12489318847656,94.04650115966797,72.75562286376953,91.566162109375,45.177188873291016
2020-03-20,55.49589920043945,131.01220703125,92.30449676513672,71.2203140258789,84.89049530029297,41.82871627807617
2020-03-23,54.31694412231445,129.70545959472656,95.1415023803711,67.40766906738281,81.64596557617188,39.6276741027832
2020-03-24,59.76631164550781,141.49505615234375,97.00499725341797,75.4253158569336,90.0816879272461,45.052852630615234
2020-03-25,59.437068939208984,140.14059448242188,94.29199981689453,78.2400131225586,93.0417709350586,45.868709564208984
2020-03-26,62.5648307800293,148.90655517578125,97.77449798583984,83.69026947021484,98.22406768798828,50.41260528564453
2020-03-27,59.97450256347656,142.79232788085938,95.00499725341797,77.72821807861328,93.7262191772461,50.598018646240234
2020-03-30,61.68605041503906,152.83644104003906,98.19750213623047,79.74969482421875,99.29966735839844,53.66509246826172
2020-03-31,61.56017303466797,150.4327392578125,97.48600006103516,76.78998565673828,103.14862823486328,52.489315032958984
2020-04-01,58.321048736572266,145.09112548828125,95.38500213623047,71.95384216308594,98.9796371459961,47.60512161254883
2020-04-02,59.29423522949219,148.09576416015625,95.94149780273438,74.6406021118164,103.7708511352539,49.39823913574219
2020-04-03,58.44210433959961,146.7317657470703,95.32949829101562,72.43439483642578,101.93082427978516,48.348968505859375
2020-04-06,63.54044723510742,157.6439208984375,99.87950134277344,77.09674835205078,107.05091094970703,51.156455993652344
2020-04-07,62.80448913574219,155.9459991455078,100.58000183105469,78.11366271972656,108.37537384033203,49.8432502746582
2020-04-08,64.41195678710938,157.5103759765625,102.1500015258789,81.26785278320312,113.2465591430664,50.93613815307617
2020-04-09,64.87675476074219,157.51988220214844,102.13800048828125,88.55867767333984,111.13988494873047,53.505855560302734
2020-04-13,66.1501235961914,157.87278747558594,108.44349670410156,84.6202621459961,101.45970916748047,51.527305603027344
2020-04-14,69.49092102050781,165.68487548828125,114.16600036621094,82.30200958251953,103.53972625732422,52.87323760986328
2020-04-15,68.85665130615234,163.94886779785156,115.38400268554688,78.24293518066406,99.13965606689453,51.74763107299805
2020-04-16,69.40377807617188,168.87075805664062,120.40950012207031,75.26109313964844,100.64190673828125,51.80434036254883
2020-04-17,68.4620361328125,170.35879516601562,118.75,82.02623748779297,104.32884216308594,53.719627380371094
2020-04-20,67.04100799560547,166.9821319580078,119.68049621582031,79.03578186035156,102.80384063720703,51.832706451416016
2020-04-21,64.96873474121094,160.0762176513672,116.40599822998047,76.743408203125,98.54275512695312,51.3549690246582
2020-04-22,66.84008026123047,165.51321411132812,118.17449951171875,76.9933090209961,99.25144958496094,53.91814422607422
2020-04-23,66.58103942871094,163.51010131835938,119.97250366210938,77.03640747070312,101.28779602050781,52.60274887084961
2020-04-24,68.50318908691406,166.4956817626953,120.51100158691406,78.17398834228516,102.3014907836914,52.28862380981445
2020-04-27,68.55162811279297,166.0187530517578,118.80000305175781,81.54363250732422,103.3420639038086,53.13937759399414
2020-04-28,67.4404296875,161.974365234375,115.7040023803711,82.12105560302734,103.57530212402344,52.20137023925781
2020-04-29,69.65553283691406,169.24276733398438,118.635498046875,84.33586120605469,107.70182037353516,51.29170608520508
2020-04-30,71.12500762939453,170.940673828125,123.69999694824219,82.52609252929688,104.4006118774414,50.416961669921875
2020-05-01,69.97994232177734,166.51475524902344,114.302001953125,80.36296081542969,99.46675109863281,49.52911376953125
2020-05-04,70.9700698852539,170.5876922607422,115.79949951171875,79.40635681152344,96.63200378417969,50.1922721862793
2020-05-05,72.0352554321289,172.41912841796875,115.88999938964844,79.28572845458984,97.69953918457031,50.1944580078125
2020-05-06,72.77845764160156,174.11695861816406,117.56300354003906,77.79478454589844,96.58715057373047,48.57148361206055
2020-05-07,73.5313491821289,175.12808227539062,118.38050079345703,78.60487365722656,96.24626922607422,48.96849822998047
2020-05-08,75.28152465820312,176.15821838378906,118.98049926757812,79.88895416259766,100.57015228271484,50.11374282836914
2020-05-11,76.46611022949219,178.1232147216797,120.44999694824219,77.5362548828125,97.43040466308594,49.601112365722656
2020-05-12,75.59222412109375,174.08837890625,117.84750366210938,75.00254821777344,94.1919937133789,49.72109603881836
2020-05-13,74.67950439453125,171.45574951171875,118.39600372314453,72.4171371459961,93.72551727294922,50.198822021484375
2020-05-14,75.13829040527344,172.19972229003906,119.44249725341797,75.4248275756836,95.259521484375,50.65911102294922
2020-05-15,74.69407653808594,174.7084197998047,120.48899841308594,74.02872467041016,96.81141662597656,49.70363998413086
2020-05-18,76.45394897460938,176.37762451171875,121.31300354003906,77.94990539550781,103.18061065673828,51.36152267456055
2020-05-19,76.01216125488281,175.15670776367188,122.46649932861328,76.4158935546875,100.54322052001953,50.28172302246094
2020-05-20,77.49047088623047,177.58627319335938,124.89700317382812,78.70829772949219,103.78164672851562,50.78125762939453
2020-05-21,76.91272735595703,175.45321655273438,122.33699798583984,77.7086181640625,102.31942749023438,49.93268585205078
2020-05-22,77.40792846679688,175.5297393798828,121.84400177001953,77.10535430908203,100.89308166503906,51.01248550415039
2020-05-26,76.88359832763672,173.6741485595703,121.09300231933594,82.57778930664062,105.3246078491211,51.11282730102539
2020-05-27,77.21859741210938,173.9036407470703,120.51950073242188,87.36077117919922,109.81891632080078,52.600563049316406
2020-05-28,77.2525863647461,173.511474609375,120.05500030517578,86.05945587158203,108.31182098388672,54.832157135009766
2020-05-29,77.17733001708984,175.2810516357422,122.11849975585938,83.86186981201172,107.76461029052734,55.74834060668945
2020-06-01,78.12645721435547,174.8793182373047,123.552001953125,84.97358703613281,108.09654235839844,56.07516860961914
2020-06-02,78.48811340332031,176.8688201904297,123.62049865722656,85.25798797607422,110.62625885009766,56.28355026245117
2020-06-03,78.92021179199219,177.2992706298828,123.91999816894531,89.86000061035156,114.00818634033203,56.93719482421875
2020-06-04,78.24054718017578,174.9653778076172,123.02999877929688,91.7301254272461,115.68572235107422,55.25044631958008
2020-06-05,80.46891021728516,179.05926513671875,124.1500015258789,95.85811614990234,121.211669921875,55.796607971191406
2020-06-08,80.9446792602539,180.16883850097656,126.2030029296875,97.7713394165039,123.54398345947266,57.13460922241211
2020-06-09,83.50074768066406,181.5462188720703,130.04299926757812,95.26350402832031,120.37738037109375,56.73759078979492
2020-06-10,85.64900970458984,188.28004455566406,132.37249755859375,91.40264129638672,118.8075180053711,56.32522964477539
2020-06-11,81.53697204589844,178.16970825195312,127.89800262451172,83.77568054199219,109.0384521484375,54.469581604003906
2020-06-12,82.24090576171875,179.5758056640625,127.2509994506836,86.06807708740234,110.47376251220703,54.158111572265625
2020-06-15,83.25800323486328,180.72360229492188,128.63400268554688,87.25735473632812,110.88642120361328,54.522220611572266
2020-06-16,85.46453094482422,185.1522674560547,130.7635040283203,87.95543670654297,116.71733856201172,54.434478759765625
2020-06-17,85.34557342529297,185.7931365966797,132.0489959716797,85.73199462890625,115.03083801269531,54.61653518676758
2020-06-18,85.37958526611328,187.78268432617188,132.69900512695312,85.2666015625,114.45674133300781,54.60118865966797
2020-06-19,84.89165496826172,186.66355895996094,133.75050354003906,84.29277038574219,114.34012603759766,53.127193450927734
2020-06-22,87.11273193359375,191.84783935546875,135.6909942626953,83.37926483154297,112.84198760986328,54.18661880493164
2020-06-23,88.97213745117188,193.1295623779297,138.2205047607422,84.39619445800781,113.25466918945312,53.34653854370117
2020-06-24,87.401611328125,189.23655700683594,136.72000122070312,81.5781021118164,109.4959487915039,53.008750915527344
2020-06-25,88.5619125366211,191.62786865234375,137.72900390625,84.42204284667969,111.8731918334961,52.45820236206055
2020-06-26,85.84076690673828,187.79220581054688,134.64349365234375,79.7941665649414,109.79198455810547,51.81332778930664
2020-06-29,87.81912231445312,189.8104705810547,134.0189971923828,80.14749145507812,112.35758209228516,52.25639724731445
2020-06-30,88.55220031738281,194.66000366210938,137.9409942626953,81.0610122680664,113.47892761230469,52.67973327636719
2020-07-01,88.38470458984375,195.79823303222656,143.93499755859375,80.37158203125,113.08421325683594,54.015533447265625
2020-07-02,88.38470458984375,197.29037475585938,144.51499938964844,80.63264465332031,114.57335662841797,54.046241760253906
2020-07-06,90.74901580810547,201.53733825683594,152.8520050048828,82.66889190673828,116.10733032226562,54.16907501220703
2020-07-07,90.46744537353516,199.19387817382812,150.00599670410156,80.3367919921875,114.10686492919922,54.11643600463867
2020-07-08,92.57444763183594,203.57467651367188,154.0554962158203,81.18954467773438,114.94114685058594,55.553138732910156
2020-07-09,92.97254180908203,204.99993896484375,159.13150024414062,79.4317626953125,112.78819274902344,55.27238464355469
2020-07-10,93.13518524169922,204.378173828125,160.0,83.77404022216797,114.83349609375,56.94158172607422
2020-07-13,92.70552825927734,198.06517028808594,155.1999969482422,84.97492980957031,117.1300048828125,56.20458221435547
2020-07-14,94.23965454101562,199.28955078125,154.1999969482422,85.4622573852539,122.79049682617188,57.5886344909668
2020-07-15,94.88774108886719,198.99298095703125,150.44349670410156,86.78495025634766,124.11815643310547,56.80997085571289
2020-07-16,93.72018432617188,195.05218505859375,149.9949951171875,87.02860260009766,124.29753112792969,58.86741256713867
2020-07-17,93.53083038330078,194.057373046875,148.09849548339844,85.41873168945312,123.72815704345703,60.40282440185547
2020-07-20,95.50190734863281,202.39820861816406,159.8419952392578,84.67036437988281,121.67658233642578,60.17250061035156
2020-07-21,94.18379974365234,199.672119140625,156.9145050048828,86.50647735595703,122.79723358154297,60.61118698120117
2020-07-22,94.44839477539062,202.5416717529297,154.99549865722656,85.87993621826172,123.80046081542969,61.50830078125
2020-07-23,90.14945220947266,193.73216247558594,149.32749938964844,86.1323013305664,123.45703887939453,61.62895965576172
2020-07-24,89.92610931396484,192.54608154296875,150.44549560546875,85.52313995361328,124.34272766113281,61.47101974487305
2020-07-27,92.05738830566406,194.9852294921875,152.760498046875,84.32227325439453,126.43048858642578,60.89634704589844
2020-07-28,90.54510498046875,193.23475646972656,150.01649475097656,84.68775939941406,124.74943542480469,61.42496871948242
2020-07-29,92.28072357177734,195.1861114501953,151.67649841308594,86.7414321899414,127.0089111328125,61.732032775878906
2020-07-30,93.39733123779297,195.03302001953125,152.593994140625,84.42668151855469,123.57450866699219,61.92945861816406
2020-07-31,103.17497253417969,196.09475708007812,158.23399353027344,84.09602355957031,120.09495544433594,61.56973648071289
2020-08-03,105.77473449707031,207.1233367919922,155.59449768066406,83.62611389160156,119.10076141357422,60.8875732421875
2020-08-04,106.48111724853516,204.0146942138672,156.94149780273438,83.14749908447266,118.8658218383789,62.523868560791016
2020-08-05,106.86705780029297,203.6798858642578,160.25149536132812,84.59203338623047,121.98383331298828,62.24530029296875
2020-08-06,110.59559631347656,206.94163513183594,161.25,84.61814880371094,121.45966339111328,62.03254318237305
2020-08-07,108.08111572265625,203.23995971679688,158.3730010986328,86.4803695678711,121.93866729736328,63.12267303466797
2020-08-10,109.65203857421875,199.19387817382812,157.4080047607422,87.57682037353516,128.35552978515625,62.21459197998047
2020-08-11,106.39100646972656,194.53567504882812,154.0334930419922,90.34407043457031,128.8164825439453,60.93143844604492
2020-08-12,109.92682647705078,200.09300231933594,158.11199951171875,89.57829284667969,128.8526153564453,62.42296600341797
2020-08-13,111.87227630615234,199.6243133544922,158.05099487304688,89.08226776123047,127.13543701171875,62.38129806518555
2020-08-14,111.77256774902344,199.8155975341797,157.4010009765625,89.1170883178711,126.49374389648438,61.52586364746094
2020-08-17,111.48075866699219,201.1355438232422,159.12049865722656,86.76753997802734,125.37306213378906,62.07200241088867
2020-08-18,112.40970611572266,202.29295349121094,165.62449645996094,85.5579605102539,125.05674743652344,62.08518600463867
2020-08-19,112.5507583618164,201.06568908691406,163.0240020751953,85.75810241699219,124.74040222167969,61.92945861816406
2020-08-20,115.04818725585938,205.74478149414062,164.86849975585938,84.73127746582031,124.25238037109375,61.87900924682617
2020-08-21,120.9769287109375,204.2490234375,164.23599243164062,84.68775939941406,125.11097717285156,61.9448127746582
2020-08-24,122.42383575439453,204.8914031982422,165.3730010986328,87.07210540771484,128.04823303222656,61.99306869506836
2020-08-25,121.41947937011719,207.55694580078125,167.32449340820312,87.45499420166016,127.56925964355469,61.70353317260742
2020-08-26,123.07068634033203,212.0442352294922,172.09249877929688,86.2280044555664,128.18380737304688,61.19683837890625
2020-08-27,121.59944152832031,217.2506866455078,170.0,89.06486511230469,129.57566833496094,61.479007720947266
2020-08-28,121.40248107910156,219.4847412109375,170.08999633789062,89.43033599853516,129.81063842773438,61.626712799072266
2020-08-31,125.51947784423828,216.24386596679688,172.54800415039062,87.18524932861328,128.61764526367188,61.542964935302734
2020-09-01,130.51927185058594,217.9122772216797,174.95599365234375,87.1417236328125,131.99781799316406,61.09324264526367
2020-09-02,127.81509399414062,222.1118927001953,176.57249450683594,88.45572662353516,134.9080047607422,63.546836853027344
2020-09-03,117.58212280273438,208.35275268554688,168.39999389648438,88.17725372314453,132.63946533203125,61.85598373413086
2020-09-04,117.6599349975586,205.42835998535156,164.7310028076172,90.0830078125,133.92286682128906,61.13512420654297
2020-09-08,109.74201202392578,194.31556701660156,157.49200439453125,86.95028686523438,134.23013305664062,61.265193939208984
2020-09-09,114.11924743652344,202.59019470214844,163.4304962158203,87.7769546508789,137.99891662597656,62.2484016418457
2020-09-10,110.39373779296875,196.91400146484375,158.7554931640625,86.8719482421875,135.4412384033203,61.044734954833984
2020-09-11,108.94438171386719,195.62916564941406,155.81100463867188,87.95101928710938,139.02928161621094,61.31809616088867
2020-09-14,112.21273803710938,196.95233154296875,155.14849853515625,89.16930389404297,138.7400360107422,62.14918899536133
2020-09-15,112.38780212402344,200.18357849121094,157.80650329589844,86.39334106445312,134.3024444580078,65.1869888305664
2020-09-16,109.07083892822266,196.6071319580078,153.90499877929688,86.75884246826172,136.5709228515625,61.80308151245117
2020-09-17,107.32968139648438,194.55528259277344,150.43649291992188,85.76681518554688,139.0653839111328,61.62010192871094
2020-09-18,103.92516326904297,192.13900756835938,147.74549865722656,85.58406829833984,137.72779846191406,61.04693603515625
2020-09-21,107.07678985595703,194.20050048828125,148.02349853515625,82.93865203857422,131.34706115722656,60.88822937011719
2020-09-22,108.75955200195312,198.87957763671875,156.44949340820312,82.0336685180664,132.99195861816406,61.29825973510742
2020-09-23,104.1975326538086,192.33079528808594,149.9929962158203,80.7022476196289,130.48851013183594,60.25112533569336
2020-09-24,105.26751708984375,194.82374572753906,150.989501953125,80.63264465332031,131.17538452148438,61.18360900878906
2020-09-25,109.2167739868164,199.26312255859375,154.75650024414062,81.33747100830078,131.8712615966797,62.12714767456055
2020-09-28,111.82363891601562,200.81640625,158.70249938964844,83.67833709716797,133.47096252441406,62.638587951660156
2020-09-29,110.97737884521484,198.7261505126953,157.24400329589844,82.97346496582031,133.22695922851562,62.41374206542969
2020-09-30,112.65044403076172,201.66973876953125,157.43649291992188,83.77404022216797,134.79954528808594,61.188026428222656
2020-10-01,113.60372924804688,203.71206665039062,161.06300354003906,84.3832015991211,132.5942840576172,62.33437728881836
2020-10-02,109.93656921386719,197.70022583007812,156.25,85.18377685546875,135.51353454589844,61.983856201171875
2020-10-05,113.32160949707031,201.7176971435547,159.9600067138672,86.98423767089844,138.7219696044922,63.46969223022461
2020-10-06,110.07276153564453,197.4317626953125,154.9980010986328,86.08839416503906,136.9505157470703,63.99213790893555
2020-10-07,111.94038391113281,201.19032287597656,159.7845001220703,87.59025573730469,139.87879943847656,65.50004577636719
2020-10-08,111.83336639404297,201.909423828125,159.52749633789062,89.39070892333984,141.5869598388672,66.36418151855469
2020-10-09,113.77880096435547,206.9241180419922,164.33250427246094,88.88130950927734,143.64759826660156,66.77642059326172
2020-10-12,121.00607299804688,212.283935546875,172.14649963378906,89.97035217285156,146.96449279785156,67.38487243652344
2020-10-13,117.79611206054688,213.68382263183594,172.18150329589844,88.5124282836914,146.5216522216797,66.458984375
2020-10-14,117.88367462158203,211.7661895751953,168.1855010986328,88.0206069946289,147.86825561523438,66.27599334716797
2020-10-15,117.4167709350586,210.6156005859375,166.9324951171875,89.3380126953125,149.16065979003906,65.79542541503906
2020-10-16,115.77287292480469,210.6156005859375,163.635498046875,89.1535873413086,152.513671875,67.36943817138672
2020-10-19,112.81581115722656,205.39959716796875,160.36050415039062,87.6517333984375,151.41111755371094,66.03571319580078
2020-10-20,114.3040542602539,205.81185913085938,160.85049438476562,88.15234375,152.73062133789062,66.35316467285156
2020-10-21,113.6815185546875,205.9556884765625,159.2469940185547,87.2740707397461,151.29359436035156,65.62347412109375
2020-10-22,112.59208679199219,206.04200744628906,158.82000732421875,90.35680389404297,153.33615112304688,66.63533782958984
2020-10-23,111.90145111083984,207.32681274414062,160.22000122070312,91.1736068725586,153.2998046875,66.81169128417969
2020-10-26,111.91117858886719,201.4300537109375,160.3520050048828,88.91644287109375,148.3986053466797,66.7191162109375
2020-10-27,113.41888427734375,204.46954345703125,164.31649780273438,87.23892974853516,143.58840942382812,66.82270812988281
2020-10-28,108.16621398925781,194.334716796875,158.13900756835938,84.78856658935547,137.45062255859375,65.65874481201172
2020-10-29,112.17379760742188,196.29074096679688,160.55050659179688,85.34187316894531,140.6422576904297,65.26195526123047
2020-10-30,105.89004516601562,194.1333770751953,151.8074951171875,86.10596466064453,142.80642700195312,64.55650329589844
2020-11-02,105.80252838134766,193.99916076660156,150.2239990234375,88.04695129394531,148.46226501464844,66.24954986572266
2020-11-03,107.42695617675781,197.93032836914062,152.42050170898438,90.82230377197266,152.48143005371094,67.03433990478516
2020-11-04,111.81391143798828,207.48025512695312,162.05799865722656,88.04695129394531,141.15150451660156,64.65348815917969
2020-11-05,115.78258514404297,214.09609985351562,166.10000610351562,91.64787292480469,148.29861450195312,65.91446685791016
2020-11-06,115.65106964111328,214.50840759277344,165.56849670410156,90.42706298828125,146.66184997558594,66.76980590820312
2020-11-09,113.34175109863281,209.3978729248047,157.18699645996094,102.67021179199219,155.32752990722656,66.58462524414062
2020-11-10,113.00070190429688,202.3217315673828,151.75100708007812,102.3364486694336,156.6732940673828,67.00790405273438
2020-11-11,116.43057250976562,207.63365173339844,156.8695068359375,100.80828857421875,154.0908966064453,68.37467956542969
2020-11-12,116.15775299072266,206.56936645507812,155.51400756835938,99.56991577148438,153.7908172607422,67.60752868652344
2020-11-13,116.20645141601562,207.5952911376953,156.4405059814453,100.1934814453125,156.13685607910156,68.06607055664062
2020-11-16,117.21983337402344,208.28564453125,156.55299377441406,103.02153015136719,157.4825897216797,68.55986785888672
2020-11-17,116.3331298828125,205.6297149658203,156.7830047607422,101.97637939453125,156.3186798095703,67.55461120605469
2020-11-18,115.00796508789062,202.9187469482422,155.2729949951172,101.2210464477539,157.0734405517578,66.83153533935547
2020-11-19,115.60233306884766,204.20693969726562,155.8509979248047,101.49332427978516,157.2188720703125,66.24954986572266
2020-11-20,114.33563232421875,202.2554168701172,154.97000122070312,100.62384033203125,156.60963439941406,66.61990356445312
2020-11-23,110.93497467041016,201.98622131347656,154.91949462890625,103.52214813232422,158.92840576171875,65.75574493408203
2020-11-24,112.2211685180664,205.59124755859375,155.9029998779297,108.30873107910156,160.85610961914062,66.11727905273438
2020-11-25,113.05915069580078,205.60086059570312,159.2534942626953,107.17575073242188,158.7919921875,67.304443359375
2020-11-27,113.60482025146484,206.90829467773438,159.76699829101562,106.4643783569336,159.20115661621094,66.56024169921875
2020-11-30,116.00182342529297,205.79315185546875,158.40199279785156,103.53091430664062,157.8463134765625,65.19589233398438
2020-12-01,119.57788848876953,207.8503875732422,161.00399780273438,105.16449737548828,157.5462646484375,65.69202423095703
2020-12-02,119.92865753173828,207.04286193847656,160.17649841308594,107.18453979492188,158.10093688964844,65.83379364013672
2020-12-03,119.79224395751953,205.95655822753906,159.3365020751953,106.48192596435547,158.7919921875,64.98328399658203
2020-12-04,119.11991119384766,206.0718994140625,158.12899780273438,107.4480209350586,165.6845245361328,64.24796295166016
2020-12-07,120.58149719238281,206.00460815429688,157.89999389648438,107.04401397705078,162.501953125,64.91241455078125
2020-12-08,121.19536590576172,207.65806579589844,158.864501953125,107.14939880371094,162.62017822265625,65.27566528320312
2020-12-09,118.66194152832031,203.6108856201172,155.2100067138672,106.31504821777344,163.7386016845703,65.26679229736328
2020-12-10,120.08454895019531,202.38038635253906,155.07449340820312,105.6300048828125,162.62925720214844,64.92127227783203
2020-12-11,119.27581024169922,205.01446533203125,155.8209991455078,105.00641632080078,163.0293426513672,65.3819580078125
2020-12-14,118.66194152832031,205.91812133789062,157.84849548339844,103.89979553222656,161.90182495117188,65.16047668457031
2020-12-15,124.60575866699219,205.85079956054688,158.25599670410156,105.67391204833984,165.2572021484375,66.36534881591797
2020-12-16,124.53755187988281,210.80169677734375,162.04800415039062,105.98129272460938,163.22032165527344,65.94898223876953
2020-12-17,125.40475463867188,210.9363250732422,161.8040008544922,105.10304260253906,162.9202423095703,66.49824523925781
2020-12-18,123.4169921875,210.1383819580078,160.08250427246094,104.5848617553711,164.5478973388672,66.0109634399414
2020-12-21,124.94679260253906,213.98374938964844,160.3090057373047,108.51072692871094,163.8204345703125,65.91353607177734
2020-12-22,128.50331115722656,215.28150939941406,160.3260040283203,106.85958099365234,160.565185546875,66.18814849853516
2020-12-23,127.60691833496094,212.47442626953125,159.2635040283203,109.845703125,162.23828125,65.85150146484375
2020-12-24,128.59103393554688,214.1374969482422,158.63450622558594,109.36265563964844,163.27487182617188,66.42735290527344
2020-12-28,133.19021606445312,216.2620849609375,164.197998046875,110.08285522460938,162.1928253173828,66.8791732788086
2020-12-29,131.4167938232422,215.48338317871094,166.10000610351562,109.79302978515625,160.6287841796875,66.7374267578125
2020-12-30,130.29623413085938,213.10888671875,164.29249572753906,110.10041046142578,163.71136474609375,67.25127410888672
2020-12-31,129.29261779785156,213.82028198242188,162.84649658203125,111.60224914550781,165.5117645263672,68.34983825683594
2021-01-04,126.0965805053711,209.27317810058594,159.3314971923828,110.54832458496094,165.62998962402344,65.75405883789062
2021-01-05,127.65560913085938,209.4750213623047,160.92550659179688,111.14985656738281,166.9847869873047,66.2413101196289
2021-01-06,123.35853576660156,204.04351806640625,156.91900634765625,116.3689956665039,176.27792358398438,69.48383331298828
2021-01-07,127.56792449951172,209.84996032714844,158.10800170898438,120.19046783447266,176.61436462402344,70.24571990966797
2021-01-08,128.66900634765625,211.12852478027344,159.13499450683594,120.3231430053711,176.64163208007812,71.87586212158203
2021-01-11,125.67758178710938,209.0808868408203,155.7104949951172,122.11888885498047,176.27792358398438,70.60010528564453
2021-01-12,125.50221252441406,206.61985778808594,156.04150390625,124.0384292602539,179.62417602539062,70.65327453613281
2021-01-13,127.5386734008789,207.9753875732422,158.29449462890625,124.15348815917969,178.12380981445312,72.5048828125
2021-01-14,125.609375,204.78375244140625,156.37350463867188,124.87879943847656,179.49685668945312,73.11616516113281
2021-01-15,123.88470458984375,204.42800903320312,155.21249389648438,122.64079284667969,176.968994140625,72.68205261230469
2021-01-19,124.5570297241211,208.0714569091797,156.03799438476562,122.11003112792969,177.39866638183594,73.36421203613281
2021-01-20,128.64952087402344,215.666015625,163.16900634765625,120.27890014648438,175.8263397216797,74.4627914428711
2021-01-21,133.36557006835938,216.2716827392578,165.34950256347656,119.27046966552734,175.68917846679688,74.16156005859375
2021-01-22,135.5092315673828,217.2137908935547,164.6114959716797,118.35047912597656,175.46067810058594,74.60453033447266
2021-01-25,139.26065063476562,220.65536499023438,164.6999969482422,116.87321472167969,171.25559997558594,76.96112060546875
2021-01-26,139.4945526123047,223.34710693359375,166.30650329589844,116.39553833007812,171.1367645263672,75.50819396972656
2021-01-27,138.42266845703125,223.8950653076172,161.62899780273438,113.10482788085938,165.1217498779297,71.04307556152344
2021-01-28,133.57994079589844,229.69192504882812,161.88099670410156,115.09516143798828,168.51318359375,73.05414581298828
2021-01-29,128.581298828125,222.99147033691406,160.30999755859375,113.82133483886719,167.1419677734375,71.6455078125
2021-02-01,130.70545959472656,230.38406372070312,167.1439971923828,114.6617202758789,168.86056518554688,72.38084411621094
2021-02-02,131.53372192382812,230.24949645996094,169.0,118.19123840332031,175.97256469726562,73.47053527832031
2021-02-03,130.51063537597656,233.60455322265625,165.62649536132812,119.54470825195312,175.01272583007812,73.57685852050781
2021-02-04,133.87225341796875,232.65283203125,166.5500030517578,122.29576110839844,175.19558715820312,73.53256225585938
2021-02-05,133.45751953125,232.83546447753906,167.6074981689453,122.05697631835938,176.4296875,74.06411743164062
2021-02-08,133.6038818359375,233.09500122070312,166.14700317382812,123.96769714355469,180.4976043701172,73.8869400024414
2021-02-09,132.7256622314453,234.3448028564453,165.25,123.4722900390625,180.34219360351562,74.26788330078125
2021-02-10,132.12059020996094,233.4315185546875,164.32899475097656,123.5431137084961,180.74441528320312,74.33875274658203
2021-02-11,131.8668975830078,235.03697204589844,163.10650634765625,123.19808959960938,181.32032775878906,74.37418365478516
2021-02-12,132.10107421875,235.5176544189453,163.885498046875,124.94959259033203,180.99124145507812,73.64772033691406
2021-02-16,129.97373962402344,234.2775115966797,163.44749450683594,127.95722198486328,185.0043182373047,71.92902374267578
2021-02-17,127.6804428100586,235.29884338378906,165.4320068359375,128.35528564453125,184.9312286376953,71.47720336914062
2021-02-18,126.57778930664062,234.90377807617188,166.4114990234375,128.78872680664062,182.75550842285156,71.52147674560547
2021-02-19,126.7339096069336,232.1865997314453,162.4949951171875,130.93833923339844,191.8878173828125,69.19148254394531
2021-02-22,122.95736694335938,225.9620819091797,159.03700256347656,132.16795349121094,199.33811950683594,66.53368377685547
2021-02-23,122.82073211669922,224.76727294921875,159.72500610351562,133.2294464111328,201.2760772705078,66.18814849853516
2021-02-24,122.32305145263672,226.00057983398438,157.97650146484375,135.57362365722656,203.3694610595703,65.34652709960938
2021-02-25,118.06832122802734,220.64324951171875,152.85800170898438,133.73365783691406,202.77528381347656,65.9565658569336
2021-02-26,118.33181762695312,223.9097137451172,154.64649963378906,130.1864013671875,197.3452911376953,65.4400405883789
2021-03-01,124.70414733886719,228.30348205566406,157.3070068359375,133.1321258544922,200.89212036132812,67.60415649414062
2021-03-02,122.09862518310547,225.3453826904297,154.72650146484375,132.6986541748047,197.2904052734375,67.2746353149414
2021-03-03,119.11249542236328,219.26541137695312,150.25,135.26402282714844,196.45855712890625,64.5850830078125
2021-03-04,117.22909545898438,218.4656219482422,148.8784942626953,133.1852264404297,194.50225830078125,63.489654541015625
2021-03-05,118.48794555664062,223.1581268310547,150.0229949951172,133.49481201171875,201.25778198242188,62.9642219543457
2021-03-08,113.55015563964844,219.10157775878906,147.59750366210938,135.26402282714844,202.55587768554688,63.10670852661133
2021-03-09,118.16590881347656,225.2586669921875,153.1425018310547,134.30865478515625,198.18624877929688,65.92095184326172
2021-03-10,117.08274841308594,223.9482421875,152.8820037841797,137.22784423828125,202.08050537109375,66.31280517578125
2021-03-11,119.01490783691406,228.48658752441406,155.67950439453125,136.51132202148438,200.89212036132812,66.6690444946289
2021-03-12,118.10737609863281,227.15682983398438,154.47450256347656,138.130126953125,209.33883666992188,67.3904037475586
2021-03-15,120.99589538574219,226.25112915039062,154.08399963378906,137.44012451171875,210.92947387695312,67.25682067871094
2021-03-16,122.53773498535156,229.04542541503906,154.59300231933594,135.7947540283203,207.01687622070312,67.13214111328125
2021-03-17,121.74730682373047,228.39984130859375,156.7864990234375,137.1924285888672,213.57130432128906,64.97693634033203
2021-03-18,117.61944580078125,222.31016540527344,151.39950561523438,139.45703125,210.87460327148438,63.34716033935547
2021-03-19,117.09248352050781,221.95370483398438,153.7480010986328,137.2366485595703,205.94735717773438,63.08887481689453
2021-03-22,120.4103775024414,227.3881378173828,155.5435028076172,133.54788208007812,206.61468505859375,63.84589385986328
2021-03-23,119.58090209960938,228.92013549804688,156.875,132.21214294433594,199.5117950439453,65.92095184326172
2021-03-24,117.19005584716797,226.87745666503906,154.35350036621094,133.23828125,202.23594665527344,64.86116790771484
2021-03-25,117.67799377441406,223.87115478515625,152.31300354003906,134.94558715820312,204.9966278076172,65.4133071899414
2021-03-26,118.28301239013672,227.86024475097656,152.60150146484375,137.1924285888672,209.7958984375,65.9565658569336
2021-03-29,118.45866394042969,226.6654815673828,153.7864990234375,135.06056213378906,210.45408630371094,66.61561584472656
2021-03-30,117.0046615600586,223.39903259277344,152.76449584960938,136.65286254882812,213.06851196289062,66.09905242919922
2021-03-31,119.2003402709961,227.1761474609375,154.70399475097656,134.66249084472656,211.96243286132812,67.33697509765625
2021-04-01,120.02978515625,233.5162811279297,158.0500030517578,135.97169494628906,212.75770568847656,67.47946166992188
2021-04-05,122.85977935791016,239.99136352539062,161.3365020751953,136.69241333007812,213.64443969726562,68.37895202636719
2021-04-06,123.16228485107422,238.82542419433594,161.1909942626953,135.73143005371094,210.8380126953125,69.0736083984375
2021-04-07,124.81146240234375,240.79110717773438,163.96949768066406,137.8581085205078,210.62774658203125,68.94002532958984
2021-04-08,127.21209716796875,244.01898193359375,164.96499633789062,138.0271759033203,210.6917724609375,69.25171661376953
2021-04-09,129.78829956054688,246.52420043945312,168.61000061035156,139.059326171875,210.9385528564453,69.41203308105469
2021-04-12,128.0708465576172,246.58203125,168.96949768066406,138.7657012939453,211.1031036376953,69.14485168457031
2021-04-13,131.18377685546875,249.0679931640625,170.0,137.11062622070312,209.65878295898438,70.39167785644531
2021-04-14,128.8417510986328,246.273681640625,166.64999389648438,134.54800415039062,212.6114501953125,70.47181701660156
2021-04-15,131.25210571289062,250.04115295410156,168.95449829101562,135.40219116210938,212.55661010742188,71.40693664550781
2021-04-16,130.92031860351562,251.2359619140625,169.9720001220703,136.40771484375,213.324462890625,72.08377075195312
2021-04-19,131.58389282226562,249.30886840820312,168.60049438476562,135.82931518554688,212.43775939941406,71.05961608886719
2021-04-20,129.89566040039062,248.84634399414062,166.7344970703125,132.82179260253906,208.0864715576172,71.71863555908203
2021-04-21,130.27626037597656,251.08175659179688,168.1009979248047,133.9518280029297,212.5017547607422,69.43876647949219
2021-04-22,128.75390625,247.79611206054688,165.45199584960938,131.13116455078125,209.23826599121094,69.75047302246094
2021-04-23,131.07644653320312,251.6309814453125,167.04400634765625,133.64041137695312,211.3043670654297,69.67919921875
2021-04-26,131.46676635742188,252.0164031982422,170.4499969482422,133.96963500976562,211.71759033203125,69.40313720703125
2021-04-27,131.144775390625,252.42105102539062,170.8715057373047,134.5836181640625,211.51559448242188,68.82424926757812
2021-04-28,130.3543243408203,245.28125,172.9250030517578,135.4556121826172,213.31539916992188,68.6550521850586
2021-04-29,130.2567138671875,243.30592346191406,173.5655059814453,138.08941650390625,208.880126953125,68.77082824707031
2021-04-30,128.28553771972656,242.98797607421875,173.37100219726562,136.86151123046875,209.4678497314453,69.0290756225586
2021-05-03,129.3394012451172,242.6796417236328,169.32449340820312,136.4611053466797,209.5229034423828,68.3077163696289
2021-05-04,124.76268005371094,238.7580108642578,165.593505859375,138.3474884033203,214.33465576171875,67.40821075439453
2021-05-05,125.00663757324219,237.48609924316406,163.52699279785156,140.16270446777344,218.43939208984375,65.70720672607422
2021-05-06,126.60701751708984,240.62728881835938,165.31849670410156,142.9833984375,217.69557189941406,65.91206359863281
2021-05-07,127.28153991699219,243.25778198242188,164.58050537109375,143.47280883789062,221.2952423095703,66.3751449584961
2021-05-10,123.99708557128906,238.17019653320312,159.52450561523438,143.45498657226562,222.78280639648438,66.61561584472656
2021-05-11,123.07823181152344,237.25485229492188,161.19549560546875,141.0703125,219.7433319091797,65.96548461914062
2021-05-12,120.00885772705078,230.2883758544922,157.5970001220703,140.10043334960938,217.92514038085938,63.71230697631836
2021-05-13,122.15937042236328,234.17149353027344,158.07350158691406,143.70411682128906,220.450439453125,64.68301391601562
2021-05-14,124.5835952758789,239.10487365722656,161.14500427246094,145.9375457763672,222.43386840820312,65.1194076538086
2021-05-17,123.43013000488281,236.24313354492188,163.51950073242188,146.52484130859375,224.78468322753906,64.03290557861328
2021-05-18,122.04208374023438,234.21969604492188,161.61399841308594,144.46046447753906,219.8994598388672,64.38023376464844
2021-05-19,121.88568878173828,234.79913330078125,161.58999633789062,143.3571014404297,217.51193237304688,64.70974731445312
2021-05-20,124.44673919677734,238.04415893554688,162.38400268554688,143.10797119140625,215.7855682373047,66.16141510009766
2021-05-21,122.6090316772461,236.77899169921875,160.1540069580078,144.7362823486328,217.85166931152344,66.29501342773438
2021-05-24,124.24144744873047,242.1969451904297,162.24949645996094,145.5193328857422,219.51377868652344,65.92985534667969
2021-05-25,124.04595947265625,243.1048126220703,162.95249938964844,144.0155792236328,217.7873992919922,65.34207153320312
2021-05-26,123.99708557128906,242.88270568847656,163.25799560546875,143.997802734375,218.28329467773438,65.4311294555664
2021-05-27,122.46239471435547,240.77732849121094,161.5054931640625,146.24012756347656,221.56153869628906,65.01254272460938
2021-05-28,121.80746459960938,241.13462829589844,161.15350341796875,146.14222717285156,221.37783813476562,65.20849609375
2021-06-01,121.4848861694336,238.93264770507812,160.9324951171875,147.75279235839844,222.92056274414062,64.56836700439453
2021-06-02,122.2473373413086,238.83612060546875,161.69949340820312,147.7616424560547,223.56338500976562,65.0965576171875
2021-06-03,120.76154327392578,237.300537109375,159.35049438476562,147.85952758789062,223.91229248046875,64.79217529296875
2021-06-04,123.05867004394531,242.20663452148438,160.31100463867188,148.09979248046875,224.07762145996094,64.76530456542969
2021-06-07,123.0684585571289,245.123291015625,159.90049743652344,147.4057159423828,220.16575622558594,64.88169860839844
2021-06-08,123.88956451416016,243.92572021484375,163.20550537109375,146.81846618652344,220.53305053710938,64.58624267578125
2021-06-09,124.27079010009766,244.9108123779297,164.0574951171875,144.9854736328125,215.4733428955078,64.86380004882812
2021-06-10,123.27373504638672,248.43588256835938,167.4824981689453,142.72537231445312,207.28231811523438,65.81280517578125
2021-06-11,124.4858627319336,249.06365966796875,167.3415069580078,142.6274871826172,202.6634063720703,65.79489135742188
2021-06-14,127.54544067382812,250.99520874023438,169.19349670410156,140.20718383789062,201.11154174804688,65.63373565673828
2021-06-15,126.72432708740234,249.51756286621094,169.156494140625,138.08053588867188,201.52476501464844,65.74118041992188
2021-06-16,127.22285461425781,248.57107543945312,170.7624969482422,139.05043029785156,199.41268920898438,65.62478637695312
2021-06-17,128.8260040283203,251.97061157226562,174.46200561523438,135.0373992919922,192.33279418945312,66.7707748413086
2021-06-18,127.52591705322266,250.55091857910156,174.34500122070312,131.62054443359375,191.79100036621094,65.60688018798828
2021-06-21,129.32449340820312,253.64137268066406,172.697998046875,133.85394287109375,195.7855224609375,66.54694366455078
2021-06-22,130.96673583984375,256.4228820800781,175.27200317382812,133.65821838378906,195.71206665039062,66.3499755859375
2021-06-23,130.69300842285156,256.1910705566406,175.1909942626953,134.46792602539062,196.318115234375,65.6695556640625
2021-06-24,130.4095916748047,257.5625305175781,172.45399475097656,135.7047576904297,201.41455078125,65.24876403808594
2021-06-25,130.11630249023438,255.9495849609375,170.072998046875,137.0750732421875,198.6321563720703,66.12614440917969
2021-06-28,131.7487335205078,259.52294921875,172.1945037841797,137.32418823242188,198.59547424316406,67.28108215332031
2021-06-29,133.26388549804688,262.11126708984375,172.40699768066406,137.1551513671875,197.52105712890625,66.3230972290039
2021-06-30,133.87973022460938,261.62835693359375,172.00799560546875,138.40086364746094,199.8443145751953,65.60688018798828
2021-07-01,134.18276977539062,262.304443359375,171.64849853515625,139.7711944580078,198.99949645996094,66.42159271240234
2021-07-02,136.8122100830078,268.14739990234375,175.5489959716797,139.63694763183594,199.96368408203125,66.50218200683594
2021-07-06,138.82591247558594,268.1570129394531,183.78700256347656,137.2921905517578,196.07020568847656,67.2631607055664
2021-07-07,141.31858825683594,270.34930419921875,184.82899475097656,137.4532928466797,197.14459228515625,67.44224548339844
2021-07-08,140.01846313476562,267.92529296875,186.57049560546875,135.0817108154297,194.77542114257812,67.2631607055664
2021-07-09,141.846435546875,268.4274597167969,185.9669952392578,139.40426635742188,199.65145874023438,67.13783264160156
2021-07-12,141.25013732910156,267.8287048339844,185.92750549316406,141.39999389648438,200.71665954589844,67.22736358642578
2021-07-13,142.36447143554688,271.3633728027344,183.8679962158203,139.29689025878906,197.6037139892578,67.02143859863281
2021-07-14,145.79550170898438,272.841064453125,184.08399963378906,138.82257080078125,194.34384155273438,67.77348327636719
2021-07-15,145.14064025878906,271.41168212890625,181.55999755859375,139.12684631347656,194.1326446533203,68.7762222290039
2021-07-16,143.09762573242188,271.1412658691406,178.68150329589844,135.94981384277344,190.95538330078125,69.76103210449219
2021-07-19,139.24623107910156,267.529296875,177.47950744628906,131.52880859375,187.48416137695312,68.92841339111328
2021-07-20,142.86305236816406,269.7601623535156,178.6595001220703,133.98094177246094,191.98936462402344,69.08955383300781
2021-07-21,142.12989807128906,271.76904296875,179.25999450683594,136.8000030517578,194.54666137695312,67.93464660644531
2021-07-22,143.4984130859375,276.3468017578125,181.90150451660156,135.07275390625,193.0972442626953,68.14950561523438
2021-07-23,145.21884155273438,279.7560119628906,182.83200073242188,134.81321716308594,193.43881225585938,69.11642456054688
2021-07-26,145.63914489746094,279.1571960449219,184.99099731445312,135.71713256835938,194.8236083984375,68.85680389404297
2021-07-27,143.46908569335938,276.73309326171875,181.3195037841797,135.53814697265625,193.78041076660156,69.70732116699219
2021-07-28,141.71934509277344,276.42401123046875,181.51600646972656,135.7618865966797,195.20213317871094,69.6983642578125
2021-07-29,142.36447143554688,276.6944885253906,179.99600219726562,136.92527770996094,196.23611450195312,69.97592163085938
2021-07-30,142.5795440673828,275.1589050292969,166.37950134277344,135.83349609375,190.87228393554688,69.74313354492188
2021-08-02,142.2471466064453,275.0719909667969,166.57400512695312,135.28753662109375,189.4044189453125,70.5578384399414
2021-08-03,144.04583740234375,277.293212890625,168.31199645996094,136.82684326171875,192.48789978027344,71.10395812988281
2021-08-04,143.64503479003906,276.70416259765625,167.73599243164062,135.35018920898438,188.81356811523438,71.50685119628906
2021-08-05,143.7525634765625,279.6110534667969,168.79949951171875,137.05953979492188,191.27853393554688,72.06194305419922
2021-08-06,143.06727600097656,279.55316162109375,167.2469940185547,140.95249938964844,192.34942626953125,72.16936492919922
2021-08-09,143.01832580566406,278.4618225097656,167.093505859375,140.8003692626953,192.8479461669922,72.12460327148438
2021-08-10,142.53860473632812,276.636474609375,166.03399658203125,142.527587890625,197.6301727294922,72.09773254394531
2021-08-11,142.7931671142578,277.1290283203125,164.60549926757812,144.22796630859375,204.63729858398438,73.74506378173828
2021-08-12,145.75946044921875,279.8911437988281,165.1750030517578,144.79177856445312,203.32630920410156,74.3091049194336
2021-08-13,145.9650421142578,282.8271484375,164.69850158691406,143.1719512939453,201.7845916748047,74.71198272705078
2021-08-16,147.94253540039062,284.51727294921875,164.94949340820312,142.23223876953125,200.99063110351562,75.15962982177734
2021-08-17,147.0321044921875,283.0492248535156,162.09800720214844,140.5139923095703,197.04849243164062,75.16858673095703
2021-08-18,143.2826385498047,281.31719970703125,160.06100463867188,139.23423767089844,193.697265625,75.5804214477539
2021-08-19,143.61549377441406,287.1616516113281,159.3874969482422,138.07081604003906,188.74893188476562,75.69682312011719
2021-08-20,145.07415771484375,294.5059814453125,159.99749755859375,138.46458435058594,189.20132446289062,77.24566650390625
2021-08-23,146.56219482421875,294.78656005859375,163.2935028076172,140.2365264892578,193.07876586914062,75.56250762939453
2021-08-24,146.47412109375,292.8222351074219,165.28900146484375,141.1046142578125,196.26380920410156,75.3297348022461
2021-08-25,145.2406463623047,292.2320251464844,164.95899963378906,144.01319885253906,198.2671661376953,75.67890167236328
2021-08-26,144.43788146972656,289.40655517578125,165.8000030517578,144.75599670410156,195.01748657226562,75.37760925292969
2021-08-27,145.47557067871094,290.01611328125,167.48150634765625,145.91943359375,196.48538208007812,75.01785278320312
2021-08-30,149.9005126953125,293.7608642578125,171.07850646972656,143.58363342285156,195.2113800048828,75.50350952148438
2021-08-31,148.6376495361328,292.106201171875,173.5395050048828,143.1450958251953,194.6759033203125,75.53951263427734
2021-09-01,149.30332946777344,292.0578918457031,173.9499969482422,142.93927001953125,191.98936462402344,76.75365447998047
2021-09-02,150.41937255859375,291.3998718261719,173.156005859375,143.60153198242188,195.51602172851562,77.77897644042969
2021-09-03,151.0557098388672,291.39013671875,173.90249633789062,142.7334442138672,194.21429443359375,77.0684585571289
2021-09-07,153.39547729492188,290.46124267578125,175.46449279785156,142.4828643798828,192.23863220214844,76.47486114501953
2021-09-08,151.84866333007812,290.4902648925781,176.27499389648438,141.8474578857422,190.89077758789062,77.74299621582031
2021-09-09,150.83058166503906,287.6260681152344,174.20799255371094,142.46493530273438,189.64443969726562,77.20336151123047
2021-09-10,145.8377685546875,286.1359558105469,173.45750427246094,140.82720947265625,189.26589965820312,76.38492584228516
2021-09-13,146.40557861328125,287.37451171875,172.85850524902344,143.06455993652344,190.36456298828125,76.07014465332031
2021-09-14,145.0056610107422,290.0839538574219,172.5,140.5676727294922,186.791748046875,76.12410736083984
2021-09-15,145.89651489257812,294.9510803222656,173.7895050048828,141.5431671142578,189.9306640625,76.09711456298828
2021-09-16,145.6615447998047,295.3379821777344,174.41200256347656,141.4805450439453,187.96421813964844,75.54849243164062
2021-09-17,142.98895263671875,290.1612548828125,173.12600708007812,141.11358642578125,184.40989685058594,73.42594146728516
2021-09-20,139.93453979492188,284.7716369628906,167.7864990234375,136.88949584960938,176.16567993164062,73.47090148925781
2021-09-21,140.41427612304688,285.2554016113281,167.18150329589844,136.90740966796875,175.2609405517578,73.67776489257812
2021-09-22,142.7834014892578,288.9130554199219,169.00250244140625,139.52955627441406,176.6549835205078,73.65978240966797
2021-09-23,143.74278259277344,289.861328125,170.8000030517578,144.24586486816406,181.520263671875,73.09315490722656
2021-09-24,143.83087158203125,289.6580505371094,171.2760009765625,145.91046142578125,181.7049102783203,72.58052062988281
2021-09-27,142.31346130371094,284.6458435058594,170.2899932861328,149.43646240234375,184.64068603515625,70.8357162475586
2021-09-28,138.92623901367188,274.340576171875,165.79800415039062,148.63108825683594,185.14845275878906,69.49561309814453
2021-09-29,139.82688903808594,274.80517578125,165.05599975585938,148.5147247314453,182.67428588867188,70.46694946289062
2021-09-30,138.5248260498047,272.79248046875,164.2519989013672,146.49217224121094,177.22735595703125,70.61984252929688
2021-10-01,139.65065002441406,279.739990234375,164.16299438476562,149.57073974609375,179.40614318847656,71.24042510986328
2021-10-04,136.21444702148438,273.9438781738281,159.48899841308594,149.40963745117188,178.2982940673828,71.3753433227539
2021-10-05,138.14303588867188,279.4110412597656,161.0500030517578,151.8495635986328,177.71664428710938,71.48326110839844
2021-10-06,139.01434326171875,283.6201477050781,163.10049438476562,152.17364501953125,177.1258087158203,73.0122299194336
2021-10-07,140.27716064453125,285.3038024902344,165.1215057373047,153.1370086669922,180.71707153320312,72.77838134765625
2021-10-08,139.89540100097656,285.3038024902344,164.43099975585938,153.25405883789062,180.17237854003906,72.13980102539062
2021-10-11,139.8072967529297,284.7039489746094,162.31500244140625,150.03086853027344,178.0767059326172,69.999267578125
2021-10-12,138.5346221923828,283.3975830078125,162.3665008544922,148.87847900390625,175.33477783203125,70.93461608886719
2021-10-13,137.94725036621094,286.7165222167969,164.21400451660156,144.95303344726562,174.43008422851562,72.12181854248047
2021-10-14,140.7373046875,292.9480895996094,164.9929962158203,147.17684936523438,179.40614318847656,73.26405334472656
2021-10-15,141.79461669921875,294.36077880859375,170.4510040283203,150.00384521484375,183.73593139648438,73.45291900634766
2021-10-18,143.4686737060547,297.341064453125,172.33700561523438,149.9498748779297,182.96044921875,72.84133911132812
2021-10-19,145.6322021484375,298.2506103515625,172.20750427246094,151.7685089111328,185.69313049316406,73.77670288085938
2021-10-20,146.12164306640625,297.45721435546875,170.7530059814453,153.812255859375,188.50892639160156,75.4765396118164
2021-10-21,146.33706665039062,300.69873046875,171.75050354003906,152.60581970214844,186.61636352539062,75.37760925292969
2021-10-22,145.56365966796875,299.1505126953125,166.77749633789062,154.65855407714844,186.26356506347656,75.92623901367188
2021-10-25,145.5147247314453,298.1539306640625,166.01849365234375,153.9022979736328,187.71177673339844,75.809326171875
2021-10-26,146.180419921875,300.0697937011719,168.80349731445312,154.31643676757812,185.3260040283203,76.8705825805664
2021-10-27,145.7202911376953,312.70697021484375,169.62449645996094,151.10223388671875,182.0676727294922,76.45686340332031
2021-10-28,149.3621063232422,313.8487243652344,172.32850646972656,153.38011169433594,189.45692443847656,77.72500610351562
2021-10-29,146.65036010742188,320.8833312988281,168.6215057373047,152.95692443847656,189.38267517089844,76.74467468261719
2021-11-01,145.82797241210938,318.70623779296875,165.90550231933594,152.87588500976562,190.6544647216797,76.97852325439453
2021-11-02,146.8656768798828,322.3444519042969,165.6374969482422,153.47911071777344,192.26968383789062,76.82563018798828
2021-11-03,148.30482482910156,323.1862487792969,169.1999969482422,153.53317260742188,188.9556884765625,76.66373443603516
2021-11-04,147.78591918945312,325.5472412109375,173.85000610351562,151.5164337158203,188.99281311035156,76.23202514648438
2021-11-05,148.31533813476562,325.1795959472656,175.94949340820312,151.3003387451172,191.11862182617188,76.92454528808594
2021-11-08,147.49180603027344,326.0794982910156,174.44900512695312,152.20970153808594,198.8885040283203,76.0791244506836
2021-11-09,147.85455322265625,325.07318115234375,178.81149291992188,151.0572967529297,194.76683044433594,76.3939208984375
2021-11-10,145.02120971679688,320.08990478515625,174.1024932861328,150.91319274902344,191.8519744873047,76.62775421142578
2021-11-11,144.97216796875,321.6671142578125,173.625,150.90419006347656,193.57859802246094,76.78065490722656
2021-11-12,147.05064392089844,325.8181457519531,176.25750732421875,150.2289581298828,194.2655792236328,77.62606048583984
2021-11-15,147.06044006347656,325.18927001953125,177.28399658203125,149.9588623046875,192.8173828125,78.55245971679688
2021-11-16,148.0408172607422,328.5179138183594,177.03500366210938,148.87847900390625,190.7008514404297,78.22866821289062
2021-11-17,150.48204040527344,328.74078369140625,177.4499969482422,148.0771484375,188.42652893066406,78.94818115234375
2021-11-18,154.7761688232422,330.8250732421875,184.80299377441406,146.7987060546875,186.97837829589844,78.78630065917969
2021-11-19,157.4036865234375,332.6087341308594,183.82850646972656,144.88099670410156,186.0686492919922,79.42486572265625
2021-11-22,157.86448669433594,329.42913818359375,178.6284942626953,147.9691162109375,187.8695526123047,78.5704345703125
2021-11-23,158.24685668945312,327.34490966796875,179.0019989013672,151.50741577148438,190.60801696777344,78.52545928955078
2021-11-24,158.7664794921875,327.5679016113281,179.02049255371094,150.31900024414062,192.22328186035156,78.78292846679688
2021-11-26,153.7369842529297,319.58978271484375,175.22799682617188,145.79031372070312,184.4812469482422,77.77116394042969
2021-11-29,157.09976196289062,326.32708740234375,178.07850646972656,145.16004943847656,181.87271118164062,80.09281158447266
2021-11-30,162.06060791015625,320.471923828125,175.35350036621094,142.99929809570312,179.48699951171875,78.39446258544922
2021-12-01,161.54100036621094,319.9775695800781,172.18600463867188,142.1529998779297,177.74179077148438,79.35204315185547
2021-12-02,160.55081176757812,319.4055480957031,171.8679962158203,145.14210510253906,182.6803436279297,80.0566635131836
2021-12-03,158.66839599609375,313.1239013671875,169.489501953125,142.51309204101562,183.617919921875,79.523681640625
2021-12-06,162.0802001953125,316.2065734863281,171.36849975585938,144.19671630859375,186.84844970703125,80.53546142578125
2021-12-07,167.8253631591797,324.66937255859375,176.1645050048828,146.36654663085938,189.8282928466797,81.6737060546875
2021-12-08,171.6489715576172,324.7178955078125,176.1580047607422,144.69190979003906,189.54977416992188,81.59241485595703
2021-12-09,171.1391143798828,322.90509033203125,174.17100524902344,144.46682739257812,189.4940948486328,81.2220230102539
2021-12-10,175.9333038330078,332.05615234375,172.21200561523438,143.890625,188.87213134765625,81.5562744140625
2021-12-13,172.2960205078125,329.0122375488281,169.5675048828125,142.18002319335938,186.82057189941406,82.87517547607422
2021-12-14,170.91366577148438,318.2907409667969,169.0915069580078,143.26939392089844,187.18263244628906,81.3304214477539
2021-12-15,175.78627014160156,324.4076232910156,173.31500244140625,142.19802856445312,188.02735900878906,83.11005401611328
2021-12-16,168.88418579101562,314.9560546875,168.87100219726562,144.42181396484375,191.3877716064453,83.3178482055664
2021-12-17,167.78614807128906,313.88970947265625,170.0175018310547,141.13560485839844,186.9319610595703,82.1524887084961
2021-12-20,166.4234161376953,310.11883544921875,167.07899475097656,138.5966796875,181.4457550048828,81.24911499023438
2021-12-21,169.5999298095703,317.2729187011719,170.41700744628906,140.53240966796875,184.0913543701172,81.70984649658203
2021-12-22,172.1979522705078,323.00201416015625,171.03700256347656,141.0816192626953,187.65603637695312,82.0260238647461
2021-12-23,172.82540893554688,324.4465026855469,171.06849670410156,141.58580017089844,191.41563415527344,81.9356918334961
2021-12-27,176.79605102539062,331.96893310546875,169.66949462890625,142.39610290527344,191.582763671875,82.49577331542969
2021-12-28,175.77645874023438,330.8056945800781,170.66099548339844,142.82823181152344,191.8055419921875,83.00164794921875
2021-12-29,175.86465454101562,331.4842224121094,169.2010040283203,142.75621032714844,192.46466064453125,83.10103607177734
2021-12-30,174.7078094482422,328.93475341796875,168.64450073242188,142.68418884277344,191.30426025390625,83.8056411743164
2021-12-31,174.09014892578125,326.02655029296875,166.7169952392578,142.567138671875,191.9169464111328,84.33866119384766
2022-01-03,178.443115234375,324.50457763671875,170.4044952392578,145.58323669433594,192.15829467773438,82.80294036865234
2022-01-04,176.17840576171875,318.9403076171875,167.52200317382812,151.10223388671875,202.4438934326172,81.91761016845703
2022-01-05,171.49209594726562,306.69677734375,164.35699462890625,148.3397979736328,203.994140625,81.05940246582031
2022-01-06,168.6293182373047,304.2733154296875,163.25399780273438,149.91575622558594,206.0735321044922,77.48206329345703
2022-01-07,168.7959747314453,304.4284362792969,162.5540008544922,151.40118408203125,208.11578369140625,78.06022644042969
2022-01-10,168.81558227539062,304.6513977050781,161.48599243164062,151.54608154296875,205.74862670898438,76.14507293701172
2022-01-11,171.6489715576172,305.33966064453125,165.36199951171875,151.70004272460938,204.17977905273438,76.59675598144531
2022-01-12,172.09014892578125,308.5289611816406,165.20700073242188,152.56048583984375,206.45413208007812,76.8677749633789
2022-01-13,168.81558227539062,295.4712219238281,161.21400451660156,152.37030029296875,210.72433471679688,76.69613647460938
2022-01-14,169.67835998535156,300.70599365234375,162.13800048828125,143.0050811767578,212.5252227783203,75.16040802001953
2022-01-18,166.472412109375,293.38702392578125,158.91749572753906,137.00917053222656,213.3885498046875,73.39883422851562
2022-01-19,162.9723663330078,294.0462341308594,156.2989959716797,134.88980102539062,206.76564025878906,74.60934448242188
2022-01-20,161.28602600097656,292.36920166015625,151.66749572753906,133.73953247070312,202.07362365722656,75.4404525756836
2022-01-21,159.22726440429688,286.9696960449219,142.64300537109375,131.40274047851562,199.7042999267578,74.6183853149414
2022-01-24,158.45272827148438,287.29925537109375,144.54400634765625,131.2849884033203,199.92816162109375,74.00408935546875
2022-01-25,156.6487579345703,279.66046142578125,139.98599243164062,132.7160186767578,199.90948486328125,67.84310150146484
2022-01-26,156.560546875,287.62884521484375,138.87249755859375,133.97496032714844,199.89085388183594,65.62081909179688
2022-01-27,156.0997314453125,290.6630554199219,139.6374969482422,131.6110382080078,197.913330078125,65.5033950805664
2022-01-28,166.99203491210938,298.82537841796875,143.97799682617188,132.7884979248047,187.64315795898438,65.49433135986328
2022-01-31,171.35482788085938,301.4621276855469,149.57350158691406,134.59088134765625,188.01622009277344,70.57128143310547
2022-02-01,171.1881561279297,299.31005859375,151.19349670410156,136.90048217773438,191.5515594482422,69.76729583740234
2022-02-02,172.39404296875,303.8661804199219,150.6125030517578,135.80458068847656,191.16912841796875,70.21896362304688
2022-02-03,169.5116424560547,292.0299072265625,138.8455047607422,134.68145751953125,187.1114044189453,68.44835662841797
2022-02-04,169.2270050048828,296.576416015625,157.63949584960938,138.17755126953125,185.07791137695312,68.66517639160156
2022-02-07,168.51039123535156,291.73907470703125,157.9355010986328,138.6394805908203,186.39317321777344,68.36705780029297
2022-02-08,171.62220764160156,295.2385559082031,161.4134979248047,141.24801635742188,187.96026611328125,68.16831970214844
2022-02-09,173.0456085205078,301.6850891113281,161.1894989013672,141.83670043945312,189.9191436767578,69.25236511230469
2022-02-10,168.96192932128906,293.12530517578125,159.0034942626953,141.24801635742188,189.42478942871094,68.15927124023438
2022-02-11,165.5457763671875,286.0099182128906,153.2935028076172,139.40933227539062,187.71774291992188,67.71662139892578
2022-02-14,165.78140258789062,285.9712219238281,155.16700744628906,138.1141815185547,186.45846557617188,67.68049621582031
2022-02-15,169.6196746826172,291.27374267578125,156.510498046875,140.13394165039062,189.74191284179688,67.83406829833984
2022-02-16,169.38404846191406,290.9338073730469,158.10049438476562,140.38755798339844,189.95645141601562,67.9605484008789
2022-02-17,165.78140258789062,282.41461181640625,154.65249633789062,137.15406799316406,181.65452575683594,68.0960464477539
2022-02-18,164.23036193847656,279.6947021484375,152.60150146484375,137.79713439941406,179.0519561767578,66.98490142822266
2022-02-22,161.30503845214844,279.4906921386719,150.19749450683594,137.5526123046875,178.3616943359375,66.65066528320312
2022-02-23,157.13304138183594,272.2538146972656,144.82699584960938,134.67239379882812,174.12677001953125,65.33174133300781
2022-02-24,159.75405883789062,286.1642150878906,151.35800170898438,130.92271423339844,172.27981567382812,68.15023803710938
2022-02-25,161.82533264160156,288.80645751953125,153.7884979248047,134.02027893066406,174.4905548095703,69.70405578613281
2022-02-28,162.09036254882812,290.2441101074219,153.56300354003906,128.4319305419922,174.97561645507812,71.09840393066406
2022-03-01,160.2056427001953,286.5139465332031,151.14199829101562,123.58631134033203,170.54481506347656,70.34445190429688
2022-03-02,163.50393676757812,291.60400390625,152.05250549316406,126.1495361328125,179.66761779785156,70.44437408447266
2022-03-03,163.1800079345703,287.45623779296875,147.89849853515625,125.25285339355469,181.7571258544922,71.57075500488281
2022-03-04,160.17613220214844,281.56951904296875,145.64100646972656,121.72958374023438,182.5126953125,72.86064910888672
2022-03-07,156.3771514892578,270.9327087402344,137.4530029296875,117.02886199951172,183.48280334472656,76.46688842773438
2022-03-08,154.55128479003906,267.9602355957031,136.01449584960938,116.20465087890625,195.88914489746094,74.44121551513672
2022-03-09,159.96017456054688,280.2484436035156,139.2790069580078,120.86009216308594,195.68389892578125,72.9605712890625
2022-03-10,155.6114959716797,277.421630859375,146.8175048828125,119.42903900146484,197.558837890625,72.81523132324219
2022-03-11,151.89100646972656,272.05950927734375,145.52450561523438,116.73902130126953,200.39456176757812,72.03401184082031
2022-03-14,147.85641479492188,268.5333251953125,141.85299682617188,117.8983383178711,200.96359252929688,72.01586151123047
2022-03-15,152.24440002441406,278.9369812011719,147.3665008544922,119.99058532714844,201.91506958007812,74.46847534179688
2022-03-16,156.66183471679688,285.969970703125,153.10400390625,125.35246276855469,201.56057739257812,74.94989776611328
2022-03-17,157.67291259765625,286.7762145996094,157.23899841308594,126.93748474121094,206.8029327392578,75.1134262084961
2022-03-18,160.97128295898438,291.83721923828125,161.25050354003906,126.8922119140625,206.0660400390625,74.82273864746094
2022-03-21,162.3456268310547,290.6034851074219,161.4915008544922,126.48462677001953,208.67787170410156,74.3049545288086
2022-03-22,165.72250366210938,295.3633728027344,164.88900756835938,129.1746368408203,207.74508666992188,75.25875091552734
2022-03-23,167.08697509765625,290.924072265625,163.4080047607422,126.60236358642578,207.2413330078125,75.0044174194336
2022-03-24,170.87615966796875,295.4022521972656,163.64950561523438,127.42657470703125,207.27867126464844,76.03087615966797
2022-03-25,171.5142364501953,294.9942321777344,164.77349853515625,128.54063415527344,208.35137939453125,76.24889373779297
2022-03-28,172.37808227539062,301.81341552734375,168.99049377441406,127.589599609375,206.94287109375,76.6939926147461
2022-03-29,175.67642211914062,306.38873291015625,169.31500244140625,127.870361328125,206.18728637695312,76.8665771484375
2022-03-30,174.50830078125,304.883056640625,166.30099487304688,127.29071044921875,208.09024047851562,77.66592407226562
2022-03-31,171.40625,299.4918212890625,162.99749755859375,123.46855163574219,207.84767150878906,76.94832611083984
2022-04-01,171.11178588867188,300.5700988769531,163.55999755859375,122.55377197265625,205.0026397705078,77.85670471191406
2022-04-04,175.166015625,305.9613037109375,168.34649658203125,123.09722137451172,205.97276306152344,77.77494812011719
2022-04-05,171.8479766845703,301.98834228515625,164.05499267578125,121.6646728515625,201.5045928955078,78.4198989868164
2022-04-06,168.67727661132812,290.9338073730469,158.75599670410156,119.9766845703125,201.68185424804688,78.56523132324219
2022-04-07,168.9815673828125,292.75030517578125,157.7845001220703,119.61170959472656,201.39266967773438,79.1011962890625
2022-04-08,166.96920776367188,288.47613525390625,154.4604949951172,121.80155944824219,202.44674682617188,78.20189666748047
2022-04-11,162.70884704589844,277.1011047363281,151.1219940185547,121.3544921875,201.53260803222656,76.83023834228516
2022-04-12,164.5837860107422,273.9925842285156,150.78750610351562,120.02229309082031,202.13893127441406,76.2034683227539
2022-04-13,167.2735137939453,279.3935241699219,155.54100036621094,116.153564453125,203.6034393310547,75.8946304321289
2022-04-14,162.25723266601562,271.8263244628906,151.7064971923828,115.07689666748047,212.50238037109375,75.22241973876953
2022-04-18,162.04129028320312,272.4966735839844,152.78500366210938,117.21199035644531,214.47061157226562,74.22321319580078
2022-04-19,164.32852172851562,277.1399230957031,158.11549377441406,119.63907623291016,216.56008911132812,74.33221435546875
2022-04-20,164.16168212890625,278.1695251464844,153.9980010986328,120.05880737304688,219.28387451171875,74.04154205322266
2022-04-21,163.36651611328125,272.7782897949219,148.29600524902344,119.12810516357422,216.94256591796875,69.19989776611328
2022-04-22,158.82144165039062,266.1922912597656,144.35000610351562,115.70647430419922,202.73336791992188,67.1742172241211
2022-04-25,159.8914794921875,272.6909484863281,146.07400512695312,115.66996002197266,203.1083221435547,67.25598907470703
2022-04-26,153.9230499267578,262.4912414550781,139.39100646972656,112.2483139038086,197.10972595214844,66.82903289794922
2022-04-27,153.69725036621094,275.1195068359375,138.16700744628906,110.78841400146484,200.5401611328125,66.55653381347656
2022-04-28,160.63754272460938,281.3460693359375,144.59649658203125,112.5403060913086,199.11550903320312,66.7563705444336
2022-04-29,154.75743103027344,269.5823974609375,124.28150177001953,108.90878295898438,197.33465576171875,64.5126953125
2022-05-02,155.0617218017578,276.3336486816406,124.5,109.90333557128906,198.76870727539062,63.468055725097656
2022-05-03,156.55386352539062,273.7205505371094,124.25350189208984,112.25745391845703,200.2214813232422,64.27651977539062
2022-05-04,162.97386169433594,281.6861267089844,125.92849731445312,115.97106170654297,208.62890625,66.36578369140625
2022-05-05,153.89356994628906,269.41729736328125,116.40699768066406,113.06950378417969,202.38658142089844,65.2575454711914
2022-05-06,154.62109375,266.8722839355469,114.77249908447266,112.88701629638672,201.1868896484375,65.82982635498047
2022-05-09,149.4893341064453,257.0125427246094,108.78900146484375,111.18989562988281,193.35121154785156,64.23109436035156
2022-05-10,151.8979034423828,261.7917785644531,108.85900115966797,108.47994995117188,190.25820922851562,63.57705307006836
2022-05-11,144.0233154296875,253.09780883789062,105.37200164794922,107.79562377929688,192.33897399902344,63.76782989501953
2022-05-12,140.14991760253906,248.04653930664062,106.93049621582031,107.70437622070312,190.2957000732422,62.23267364501953
2022-05-13,144.6230010986328,253.6514892578125,113.05500030517578,108.66242980957031,191.51414489746094,63.404483795166016
2022-05-16,143.0795440673828,254.02064514160156,110.81050109863281,107.90512084960938,194.1947784423828,63.69515609741211
2022-05-17,146.71702575683594,259.18853759765625,115.36849975585938,111.48188018798828,199.72471618652344,65.42106628417969
2022-05-18,138.43934631347656,247.3877716064453,107.11250305175781,109.57486724853516,194.89773559570312,64.49452209472656
2022-05-19,135.0280303955078,246.4725341796875,107.31900024414062,107.95072174072266,193.79173278808594,64.0040054321289
2022-05-20,135.2639617919922,245.9077606201172,107.59100341796875,107.065673828125,185.41249084472656,64.69436645507812
2022-05-23,140.6906280517578,253.78466796875,107.55699920654297,113.68997192382812,191.345458984375,65.90251159667969
2022-05-24,137.9871063232422,252.7818145751953,104.0999984741211,115.29586029052734,192.75137329101562,67.82826232910156
2022-05-25,138.14442443847656,255.60540771484375,106.7750015258789,116.09880828857422,196.1818084716797,67.937255859375
2022-05-26,141.34930419921875,258.8963928222656,111.07749938964844,118.1061782836914,199.63101196289062,68.16436004638672
2022-05-27,147.11024475097656,266.0430908203125,115.14649963378906,119.77596282958984,203.52072143554688,70.7359848022461
2022-05-31,146.32376098632812,264.70916748046875,120.20950317382812,120.6518783569336,202.31158447265625,69.14640808105469
2022-06-01,146.19598388671875,265.24468994140625,121.68399810791016,118.53504180908203,203.9237518310547,69.58490753173828
2022-06-02,148.6536865234375,267.3477783203125,125.51100158691406,120.4420166015625,206.20132446289062,71.73175048828125
2022-06-03,142.9222412109375,262.90789794921875,122.3499984741211,118.76312255859375,208.91940307617188,71.8870620727539
2022-06-06,143.6693878173828,261.6713562011719,124.79000091552734,118.37077331542969,209.60366821289062,73.25738525390625
2022-06-07,146.19598388671875,265.3225402832031,123.0,118.68102264404297,212.85598754882812,72.88282012939453
2022-06-08,145.45860290527344,263.28765869140625,121.18000030517578,116.79226684570312,215.3866729736328,71.704345703125
2022-06-09,140.22860717773438,257.8156433105469,116.1500015258789,114.3377914428711,209.64112854003906,70.65374755859375
2022-06-10,134.81170654296875,246.32643127441406,109.6500015258789,109.0821533203125,201.6836395263672,69.34740447998047
2022-06-13,129.65048217773438,235.87904357910156,103.66999816894531,105.8338851928711,193.9042510986328,66.14998626708984
2022-06-14,130.51559448242188,238.0503387451172,102.30999755859375,104.07286834716797,193.72613525390625,65.30038452148438
2022-06-15,133.1404571533203,245.12881469726562,107.66999816894531,105.30464935302734,193.07940673828125,67.7761001586914
2022-06-16,127.86124420166016,238.51768493652344,103.66000366210938,103.49801635742188,182.572509765625,64.74312591552734
2022-06-17,129.3358917236328,241.1270751953125,106.22000122070312,103.13304138183594,180.557373046875,64.68829345703125
2022-06-21,133.57301330566406,247.05670166015625,108.68000030517578,105.68788146972656,184.05340576171875,66.44232177734375
2022-06-22,133.0618438720703,246.4627685546875,108.94999694824219,105.09479522705078,176.04904174804688,68.23287200927734
2022-06-23,135.93246459960938,252.0418243408203,112.44000244140625,103.94512176513672,167.46359252929688,70.52587127685547
2022-06-24,139.26512145996094,260.6490173339844,116.45999908447266,107.04741668701172,173.85581970214844,71.27497863769531
2022-06-27,139.26512145996094,257.9129638671875,113.22000122070312,106.1897201538086,175.82412719726562,71.15621948242188
2022-06-28,135.11648559570312,249.72454833984375,107.4000015258789,105.67874908447266,175.6835174560547,69.83158111572266
2022-06-29,136.87623596191406,253.40496826171875,108.91999816894531,105.20429992675781,171.97190856933594,69.42961120605469
2022-06-30,134.4086456298828,250.0653076171875,106.20999908447266,102.74982452392578,167.5479278564453,70.7634048461914
2022-07-01,136.58128356933594,252.74288940429688,109.55999755859375,104.063720703125,167.10739135742188,73.59539031982422
2022-07-05,139.16683959960938,255.9267120361328,113.5,103.66790771484375,162.86155700683594,72.27074432373047
2022-07-06,140.5038299560547,259.19818115234375,114.33000183105469,102.99594116210938,161.50250244140625,72.69097137451172
2022-07-07,143.87583923339844,261.33056640625,116.33000183105469,105.60099029541016,168.97262573242188,73.43096160888672
2022-07-08,144.55418395996094,260.6100769042969,115.54000091552734,105.26961517333984,167.86663818359375,73.31218719482422
2022-07-11,142.42088317871094,257.5429992675781,111.75,103.88883972167969,164.04251098632812,73.70503234863281
2022-07-12,143.39413452148438,246.98849487304688,109.22000122070312,103.99009704589844,163.54576110839844,73.03812408447266
2022-07-13,143.0303955078125,246.0635528564453,110.4000015258789,103.01435852050781,162.9646759033203,73.32132720947266
2022-07-14,145.9600372314453,247.3877716064453,110.62999725341797,99.4151611328125,159.28115844726562,73.20256805419922
2022-07-15,147.6312713623047,249.9582061767578,113.55000305175781,103.97168731689453,162.50537109375,71.90533447265625
2022-07-18,144.5836944580078,247.55323791503906,113.76000213623047,102.90389251708984,162.60848999023438,70.8090591430664
2022-07-19,148.44723510742188,252.69422912597656,118.20999908447266,105.45370483398438,169.4038848876953,72.10630798339844
2022-07-20,150.4527587890625,255.3619842529297,122.7699966430664,105.435302734375,169.85691833496094,71.5490493774414
2022-07-21,152.72373962402344,257.86431884765625,124.62999725341797,106.1532974243164,170.8196258544922,72.0514907836914
2022-07-22,151.4849853515625,253.50228881835938,122.41999816894531,105.63780212402344,168.58279418945312,73.31218719482422
2022-07-25,150.3643035888672,252.0126495361328,121.13999938964844,106.0612564086914,171.59353637695312,73.97908020019531
2022-07-26,149.037109375,245.26513671875,114.80999755859375,104.40432739257812,171.046142578125,73.00159454345703
2022-07-27,154.13934326171875,261.6615295410156,120.97000122070312,106.07965850830078,174.84022521972656,73.43096160888672
2022-07-28,154.68992614746094,269.12957763671875,122.27999877929688,105.68384552001953,177.28469848632812,77.23130798339844
2022-07-29,159.76266479492188,273.3454895019531,134.9499969482422,106.19010925292969,187.10971069335938,77.18563842773438
2022-08-01,158.77955627441406,270.6874084472656,135.38999938964844,105.13152313232422,183.91018676757812,77.93475341796875
2022-08-02,157.30494689941406,267.5815124511719,134.16000366210938,103.4930191040039,173.19798278808594,78.26362609863281
2022-08-03,163.3214569091797,275.0299987792969,139.52000427246094,104.5792236328125,172.59397888183594,78.9853286743164
2022-08-04,163.00685119628906,276.1789245605469,142.57000732421875,103.42858123779297,173.3206787109375,80.37391662597656
2022-08-05,162.78045654296875,275.4583740234375,140.8000030517578,106.55830383300781,174.97235107421875,80.37391662597656
2022-08-08,162.3079071044922,272.93658447265625,139.41000366210938,105.26039123535156,175.36875915527344,79.95368194580078
2022-08-09,162.3571014404297,274.86444091796875,137.8300018310547,106.2085189819336,175.57640075683594,81.232666015625
2022-08-10,166.61001586914062,281.54376220703125,142.69000244140625,108.97927856445312,180.0028533935547,82.01829528808594
2022-08-11,165.87164306640625,279.4600830078125,140.63999938964844,110.59014892578125,183.0985565185547,81.69856262207031
2022-08-12,169.42552185058594,284.2213134765625,143.5500030517578,112.4219741821289,185.77896118164062,82.64865112304688
2022-08-15,170.4986114501953,285.740234375,143.17999267578125,112.7257308959961,184.93896484375,83.1328125
2022-08-16,170.34109497070312,285.000244140625,144.77999877929688,113.80274200439453,186.4207763671875,82.70345306396484
2022-08-17,171.8374481201172,284.2489318847656,142.10000610351562,112.84541320800781,184.92007446289062,82.4020004272461
2022-08-18,171.44366455078125,283.1268615722656,142.3000030517578,111.9709243774414,186.26028442382812,82.43852233886719
2022-08-19,168.85459899902344,279.2044372558594,138.22999572753906,109.2001953125,184.60861206054688,81.95435333251953
2022-08-22,164.9659423828125,271.00830078125,133.22000122070312,107.39598083496094,180.98440551757812,80.88550567626953
2022-08-23,164.63124084472656,269.7301025390625,133.6199951171875,106.33739471435547,186.12815856933594,80.37391662597656
2022-08-24,164.9265594482422,269.0958557128906,133.8000030517578,106.59514617919922,183.2495574951172,81.0407943725586
2022-08-25,167.38771057128906,272.0816345214844,137.27999877929688,109.12655639648438,187.70428466796875,81.6620101928711
2022-08-26,161.07733154296875,261.5827941894531,130.75,105.55496978759766,181.1354217529297,80.4469985961914
2022-08-29,158.87213134765625,258.792236328125,129.7899932861328,105.2972183227539,181.00331115722656,79.88243865966797
2022-08-30,156.44053649902344,256.5870666503906,128.72999572753906,105.31564331054688,176.43528747558594,78.67071533203125
2022-08-31,154.77676391601562,255.12347412109375,126.7699966430664,104.689697265625,174.33056640625,78.08320617675781
2022-09-01,155.5052947998047,254.0794219970703,127.81999969482422,105.40767669677734,172.18814086914062,79.1847915649414
2022-09-02,153.38870239257812,249.8447723388672,127.51000213623047,104.67127227783203,170.66860961914062,78.12911224365234
2022-09-06,152.12860107421875,247.10302734375,126.11000061035156,104.69889068603516,170.5081329345703,80.2037353515625
2022-09-07,153.536376953125,251.82550048828125,129.47999572753906,106.68719482421875,170.69691467285156,82.83831787109375
2022-09-08,152.0596923828125,252.2450714111328,129.82000732421875,109.1725845336914,172.85824584960938,82.86585998535156
2022-09-09,154.92446899414062,258.0408935546875,133.27000427246094,109.697265625,178.84197998046875,82.5262222290039
2022-09-12,160.89024353027344,260.1777038574219,136.4499969482422,110.99518585205078,181.5884246826172,83.361572265625
2022-09-13,151.44927978515625,245.87356567382812,126.81999969482422,107.13825225830078,173.95301818847656,81.571533203125
2022-09-14,152.89646911621094,246.09799194335938,128.5500030517578,106.88971710205078,174.27392578125,81.58987426757812
2022-09-15,150.00216674804688,239.4240264892578,126.27999877929688,108.50060272216797,172.23532104492188,78.95528411865234
2022-09-16,148.35809326171875,238.79954528808594,123.52999877929688,107.77339935302734,169.38502502441406,77.8353500366211
2022-09-19,152.079345703125,238.5849151611328,124.66000366210938,108.76753997802734,171.8766632080078,79.71720886230469
2022-09-20,154.4617462158203,236.5651092529297,122.19000244140625,106.62275695800781,167.98818969726562,78.66152954101562
2022-09-21,151.3311767578125,233.1500701904297,118.54000091552734,103.54824829101562,162.28756713867188,77.08261108398438
2022-09-22,150.36636352539062,235.13079833984375,117.30999755859375,102.36998748779297,160.9662628173828,76.6878890991211
2022-09-23,148.09230041503906,232.1450958251953,113.77999877929688,100.46453857421875,155.01083374023438,75.75155639648438
2022-09-26,148.42701721191406,231.68649291992188,115.1500015258789,98.30133819580078,153.48187255859375,74.493896484375
2022-09-27,149.40162658691406,230.6717529296875,114.41000366210938,97.43604278564453,153.31198120117188,74.42964935302734
2022-09-28,147.511474609375,235.21864318847656,118.01000213623047,99.40596008300781,158.33302307128906,75.61384582519531
2022-09-29,140.2658233642578,231.7353057861328,114.80000305175781,97.72142791748047,156.57757568359375,73.41070556640625
2022-09-30,136.0523681640625,227.24693298339844,113.0,96.19337463378906,154.85983276367188,71.9786605834961
2022-10-03,140.23631286621094,234.89663696289062,115.87999725341797,99.16661834716797,161.60804748535156,74.53063201904297
2022-10-04,143.82957458496094,242.8390655517578,121.08999633789062,103.80597686767578,169.53602600097656,76.02693939208984
2022-10-05,144.1249237060547,243.15127563476562,120.94999694824219,102.52433776855469,168.35629272460938,75.06306457519531
2022-10-06,143.1699981689453,240.7998046875,120.30000305175781,100.43465423583984,168.76210021972656,72.43765258789062
2022-10-07,137.9130096435547,228.55441284179688,114.55999755859375,98.42855072021484,167.57290649414062,70.43645477294922
2022-10-10,138.23785400390625,223.68553161621094,113.66999816894531,97.50909423828125,168.62997436523438,70.44564056396484
2022-10-11,136.82025146484375,219.93873596191406,112.20999908447266,94.69498443603516,169.6492919921875,69.79386138916016
2022-10-12,136.19017028808594,220.27047729492188,112.9000015258789,96.2274398803711,169.413330078125,66.78288269042969
2022-10-13,140.76795959472656,228.55441284179688,112.52999877929688,101.5770034790039,172.84878540039062,67.09500885009766
2022-10-14,136.2295684814453,223.0122833251953,106.9000015258789,103.267333984375,168.17694091796875,65.88328552246094
2022-10-17,140.19692993164062,231.76455688476562,113.79000091552734,107.60456848144531,170.64028930664062,67.60908508300781
2022-10-18,141.51609802246094,232.7109832763672,116.36000061035156,110.3722152709961,173.2357635498047,68.9034194946289
2022-10-19,141.62440490722656,230.7400360107422,115.06999969482422,108.208251953125,174.0474395751953,67.59989929199219
2022-10-20,141.1616973876953,230.41802978515625,115.25,107.85531616210938,170.39486694335938,64.84596252441406
2022-10-21,144.98143005371094,236.24314880371094,119.31999969482422,113.52069091796875,180.7322235107422,65.77313232421875
2022-10-24,147.12753295898438,241.24862670898438,119.81999969482422,113.66000366210938,181.7583770751953,67.26942443847656
2022-10-25,149.9726104736328,244.57586669921875,120.5999984741211,113.95718383789062,185.1217803955078,69.6378173828125
2022-10-26,147.02906799316406,225.7052764892578,115.66000366210938,115.26673126220703,187.13607788085938,69.39911651611328
2022-10-27,142.54978942871094,221.2462158203125,110.95999908447266,115.7218017578125,201.5589141845703,69.27978515625
2022-10-28,153.31982421875,230.14483642578125,103.41000366210938,117.09635925292969,208.39979553222656,72.54780578613281
2022-10-31,150.95709228515625,226.49563598632812,102.44000244140625,116.91059875488281,205.66343688964844,71.143310546875
2022-11-01,148.3088836669922,222.63172912597656,96.79000091552734,119.01885223388672,207.6016845703125,71.3360595703125
2022-11-02,142.77621459960938,214.75759887695312,92.12000274658203,117.92294311523438,203.83920288085938,70.94134521484375
2022-11-03,136.7218017578125,209.04962158203125,89.30000305175781,118.13655090332031,208.32379150390625,71.76752471923828
2022-11-04,136.45556640625,216.01632690429688,90.9800033569336,121.36859893798828,216.48532104492188,72.336669921875
2022-11-07,136.98802185058594,222.33901977539062,90.52999877929688,122.0094223022461,217.20741271972656,70.95052337646484
2022-11-08,137.55995178222656,223.31472778320312,89.9800033569336,122.08370208740234,218.34756469726562,71.85012817382812
2022-11-09,132.99435424804688,219.06056213378906,86.13999938964844,120.49557495117188,214.29051208496094,71.7858657836914
2022-11-10,144.82745361328125,237.08226013183594,96.62999725341797,125.45507049560547,220.8558807373047,76.37576293945312
2022-11-11,147.6180877685547,241.1120147705078,100.79000091552734,125.6594009399414,224.69436645507812,76.47675323486328
2022-11-14,146.21788024902344,235.68698120117188,98.48999786376953,124.36843872070312,224.70388793945312,74.96208190917969
2022-11-15,147.95339965820312,236.0967559814453,98.94000244140625,123.46755981445312,222.88914489746094,76.10956573486328
2022-11-16,146.7207794189453,236.5272979736328,97.12000274658203,123.63473510742188,220.82737731933594,77.40389251708984
2022-11-17,148.62393188476562,236.47837829589844,94.8499984741211,123.09605407714844,218.94615173339844,75.59548950195312
2022-11-18,149.1859893798828,236.02828979492188,94.13999938964844,124.30342102050781,219.88673400878906,76.37576293945312
2022-11-21,145.9516143798828,236.84043884277344,92.45999908447266,123.56971740722656,220.58985900878906,76.74296569824219
2022-11-22,148.0914306640625,239.75628662109375,93.19999694824219,125.41790008544922,225.4259490966797,77.21112060546875
2022-11-23,148.96905517578125,242.25140380859375,94.12999725341797,126.75530242919922,225.10292053222656,78.35057830810547
2022-11-25,146.05023193359375,242.163330078125,93.41000366210938,126.99678802490234,223.9437713623047,78.73809814453125
2022-11-28,142.21434020996094,236.55665588378906,93.94999694824219,124.77710723876953,220.71339416503906,77.25263977050781
2022-11-29,139.2067413330078,235.1574249267578,92.41999816894531,126.82960510253906,223.3927001953125,76.10857391357422
2022-11-30,145.97132873535156,249.64869689941406,96.54000091552734,128.33419799804688,224.6183624267578,78.1476058959961
2022-12-01,146.24740600585938,249.2083740234375,95.5,126.53242492675781,223.93429565429688,78.26754760742188
2022-12-02,145.75440979003906,249.53125,94.12999725341797,125.52937316894531,224.35232543945312,78.60893249511719
2022-12-05,144.5908203125,244.8149871826172,91.01000213623047,122.0094223022461,220.9698944091797,78.56278991699219
2022-12-06,140.9225311279297,239.84434509277344,88.25,122.21373748779297,216.9033660888672,78.59048461914062
2022-12-07,138.97994995117188,239.11045837402344,88.45999908447266,122.13016510009766,217.55894470214844,78.69196319580078
2022-12-08,140.66616821289062,242.07525634765625,90.3499984741211,123.41184997558594,219.40219116210938,79.12561798095703
2022-12-09,140.1829833984375,240.1378631591797,89.08999633789062,122.74313354492188,215.95321655273438,77.97229766845703
2022-12-12,142.48056030273438,247.0752716064453,90.55000305175781,124.64708709716797,221.43544006347656,79.85450744628906
2022-12-13,143.44691467285156,251.390380859375,92.48999786376953,124.52632141113281,223.74429321289062,80.40807342529297
2022-12-14,141.21839904785156,251.6839141845703,91.58000183105469,123.9040756225586,222.7846221923828,80.31582641601562
2022-12-15,134.60171508789062,243.65061950683594,88.44999694824219,120.82992553710938,219.15516662597656,79.17174530029297
2022-12-16,132.6393585205078,239.423583984375,87.86000061035156,120.07762908935547,221.11244201660156,77.63092041015625
2022-12-19,130.52911376953125,235.27487182617188,84.91999816894531,120.79277801513672,220.70387268066406,77.05888366699219
2022-12-20,130.4600830078125,236.59580993652344,85.19000244140625,121.37786865234375,223.41171264648438,77.05888366699219
2022-12-21,133.5662841796875,239.169189453125,86.7699966430664,122.74313354492188,229.67300415039062,78.10148620605469
2022-12-22,130.39105224609375,233.0635223388672,83.79000091552734,121.35003662109375,225.69203186035156,76.89281463623047
2022-12-23,130.02621459960938,233.59190368652344,85.25,121.92583465576172,227.90577697753906,77.65860748291016
2022-12-27,128.22164916992188,231.85997009277344,83.04000091552734,122.35307312011719,231.0126953125,77.50176239013672
2022-12-28,124.28713989257812,229.48226928710938,81.81999969482422,123.02176666259766,227.44024658203125,76.72673797607422
2022-12-29,127.80750274658203,235.8227996826172,84.18000030517578,123.72761535644531,228.2193145751953,77.57557678222656
2022-12-30,128.12303161621094,234.65843200683594,84.0,124.54491424560547,227.61126708984375,77.13272094726562
2023-01-03,123.33064270019531,234.423583984375,85.81999969482422,125.4922103881836,226.96517944335938,77.34491729736328
2023-01-04,124.60271453857422,224.1691436767578,85.13999938964844,126.6624526977539,229.32147216796875,77.953857421875
2023-01-05,123.28133392333984,217.52529907226562,83.12000274658203,126.63439178466797,228.2953643798828,76.23774719238281
2023-01-06,127.81733703613281,220.08889770507812,86.08000183105469,129.0576171875,236.4473876953125,77.1788330078125
2023-01-09,128.33998107910156,222.23175048828125,87.36000061035156,128.52427673339844,234.319091796875,77.56635284423828
2023-01-10,128.91189575195312,223.92453002929688,89.87000274658203,129.67515563964844,238.01512145996094,77.9999771118164
2023-01-11,131.633544921875,230.69558715820312,95.08999633789062,130.63877868652344,238.22409057617188,78.42440795898438
2023-01-12,131.55467224121094,233.37660217285156,95.2699966430664,130.50778198242188,242.34768676757812,78.48898315429688
2023-01-13,132.8859100341797,234.08111572265625,98.12000274658203,133.8011016845703,245.5685577392578,78.12915802001953
2023-01-17,134.0494842529297,235.177001953125,96.05000305175781,131.73342895507812,243.47830200195312,79.1071548461914
2023-01-18,133.32965087890625,230.7347412109375,95.45999908447266,127.77582550048828,240.20989990234375,77.31724548339844
2023-01-19,133.3887939453125,226.93824768066406,93.68000030517578,126.07301330566406,234.6060333251953,76.20082092285156
2023-01-20,135.95262145996094,235.04981994628906,97.25,126.38177490234375,238.38648986816406,75.49039459228516
2023-01-23,139.1475830078125,237.3590087890625,97.5199966430664,128.43072509765625,241.2408905029297,76.27464294433594
2023-01-24,140.54782104492188,236.8306427001953,96.31999969482422,129.5347442626953,245.92823791503906,77.40949249267578
2023-01-25,139.88714599609375,235.43141174316406,97.18000030517578,130.16162109375,246.72061157226562,70.66499328613281
2023-01-26,141.9579620361328,242.662353515625,99.22000122070312,130.96624755859375,250.2336883544922,70.48970794677734
2023-01-27,143.90054321289062,242.8189239501953,102.23999786376953,131.28436279296875,252.54400634765625,69.73313903808594
2023-01-30,141.01132202148438,237.48623657226562,100.55000305175781,130.1709747314453,249.64181518554688,69.24412536621094
2023-01-31,142.2833251953125,242.47645568847656,103.12999725341797,130.94752502441406,240.84950256347656,68.85662841796875
2023-02-01,143.40748596191406,247.31011962890625,105.1500015258789,130.601318359375,238.2241668701172,68.49679565429688
2023-02-02,148.72256469726562,258.9050598144531,112.91000366210938,129.9932098388672,233.7946014404297,69.75157165527344
2023-02-03,152.3513946533203,252.7896270751953,103.38999938964844,132.00477600097656,236.52488708496094,68.8935317993164
2023-02-06,149.619873046875,251.2436065673828,102.18000030517578,132.7813262939453,240.0189208984375,69.66854095458984
2023-02-07,152.49928283691406,261.80133056640625,102.11000061035156,134.39990234375,238.33872985839844,70.19445037841797
2023-02-08,149.8072509765625,260.98919677734375,100.05000305175781,133.45492553710938,237.5845489501953,69.22566986083984
2023-02-09,148.77182006835938,257.9461669921875,98.23999786376953,131.37789916992188,235.11203002929688,67.6018295288086
2023-02-10,149.1372528076172,257.4374084472656,97.61000061035156,131.95797729492188,236.43898010253906,68.95809936523438
2023-02-13,151.94203186035156,265.48046875,99.54000091552734,133.3894500732422,236.897216796875,69.7700424194336
2023-02-14,151.30010986328125,266.3121337890625,99.69999694824219,133.9788818359375,233.27908325195312,70.14832305908203
2023-02-15,153.40370178222656,264.18353271484375,101.16000366210938,134.5402374267578,237.4222869873047,70.98793029785156
2023-02-16,151.8037567138672,257.1502990722656,98.1500015258789,132.68775939941406,235.34117126464844,69.8346176147461
2023-02-17,150.65814208984375,253.1383056640625,97.19999694824219,133.08070373535156,236.55352783203125,70.18521881103516
2023-02-21,146.6386260986328,247.85108947753906,94.58000183105469,130.63877868652344,229.79461669921875,67.96167755126953
2023-02-22,147.06329345703125,246.7132110595703,95.79000091552734,129.63768005371094,227.1024627685547,67.9801254272461
2023-02-23,147.54722595214844,249.91104125976562,95.81999969482422,130.67617797851562,227.15975952148438,67.2327880859375
2023-02-24,144.8905792236328,244.46688842773438,93.5,131.85507202148438,225.4604949951172,67.27890014648438
2023-02-27,146.0855712890625,245.38894653320312,93.76000213623047,133.005859375,229.09768676757812,66.72917938232422
2023-02-28,145.58189392089844,244.66307067871094,94.2300033569336,134.11923217773438,228.6872100830078,65.95844268798828
2023-03-01,143.5079345703125,241.57315063476562,92.16999816894531,133.3707275390625,237.39364624023438,64.88127136230469
2023-03-02,144.1005096435547,246.3208465576172,92.12999725341797,131.98605346679688,240.74447631835938,67.0541763305664
2023-03-03,149.15701293945312,250.42112731933594,94.9000015258789,134.4092559814453,243.7325439453125,68.55850982666016
2023-03-06,151.9222869873047,251.97100830078125,93.75,133.6233673095703,242.46286010742188,69.08782196044922
2023-03-07,149.71994018554688,249.3028564453125,93.55000305175781,129.69381713867188,234.97836303710938,68.48422241210938
2023-03-08,150.97418212890625,248.8614501953125,93.91999816894531,128.92657470703125,237.44137573242188,68.94853210449219
2023-03-09,148.72247314453125,247.5077667236328,92.25,121.94698333740234,230.0332794189453,68.49351501464844
2023-03-10,146.6583709716797,243.84890747070312,90.7300033569336,125.0438461303711,216.71583557128906,67.79706573486328
2023-03-13,148.6039581298828,249.07728576660156,92.43000030517578,122.79838562011719,214.51060485839844,68.05708312988281
2023-03-14,150.69764709472656,255.81625366210938,94.87999725341797,125.95137786865234,215.43663024902344,69.22711181640625
2023-03-15,151.09271240234375,260.3775329589844,96.19999694824219,120.00092315673828,207.40797424316406,70.12785339355469
2023-03-16,153.91725158691406,270.932373046875,100.04000091552734,122.33057403564453,208.792236328125,70.78716278076172
2023-03-17,153.07777404785156,274.1007080078125,98.94999694824219,117.70868682861328,205.26002502441406,70.26714324951172
2023-03-20,155.44801330566406,267.03802490234375,97.70999908447266,118.95304870605469,210.31967163085938,70.54571533203125
2023-03-21,157.30471801757812,268.5584716796875,100.61000061035156,122.14346313476562,214.72064208984375,69.9792709350586
2023-03-22,155.87266540527344,267.0968933105469,98.69999694824219,118.9904556274414,209.97601318359375,68.83710479736328
2023-03-23,156.9590606689453,272.3644714355469,98.70999908447266,118.67235565185547,209.4891357421875,68.53994750976562
2023-03-24,158.26266479492188,275.218994140625,98.12999725341797,116.86665344238281,207.1693115234375,70.28571319580078
2023-03-27,156.31712341308594,271.1089172363281,98.04000091552734,120.21611022949219,208.1144256591797,70.05355834960938
2023-03-28,155.6949005126953,269.9808654785156,97.23999786376953,120.58101654052734,210.1764678955078,69.86784362792969
2023-03-29,158.77621459960938,275.16009521484375,100.25,120.82425689697266,212.88768005371094,70.67572021484375
2023-03-30,160.3465118408203,278.6326599121094,102.0,120.45936584472656,214.3578643798828,71.12145233154297
2023-03-31,162.85501098632812,282.8015441894531,103.29000091552734,121.91890716552734,218.46286010742188,71.57646179199219
2023-04-03,164.1092529296875,281.751953125,102.41000366210938,121.77857208251953,219.44615173339844,71.19573211669922
2023-04-04,163.57595825195312,281.70294189453125,103.94999694824219,120.150634765625,207.58935546875,71.65074920654297
2023-04-05,161.72915649414062,278.9170837402344,101.0999984741211,120.32978057861328,203.84713745117188,72.73721313476562
2023-04-06,162.6179962158203,286.03863525390625,102.05999755859375,120.19776916503906,199.684814453125,73.33153533935547
2023-04-10,160.0205841064453,283.8707580566406,102.16999816894531,120.59380340576172,205.75643920898438,72.830078125
2023-04-11,158.80584716796875,277.4358825683594,99.91999816894531,121.18785858154297,210.5965118408203,72.74649810791016
2023-04-12,158.1145782470703,278.083251953125,97.83000183105469,121.16899871826172,210.5010528564453,72.97864532470703
2023-04-13,163.50682067871094,284.3122253417969,102.4000015258789,121.63104248046875,211.6179962158203,73.2200927734375
2023-04-14,163.1611785888672,280.6827392578125,102.51000213623047,130.8153533935547,213.53684997558594,72.44934844970703
2023-04-17,163.18092346191406,283.2920227050781,102.73999786376953,131.8526611328125,215.02609252929688,72.93220520019531
2023-04-18,164.40553283691406,282.8702392578125,102.30000305175781,133.3330535888672,214.98794555664062,72.7093505859375
2023-04-19,165.5511474609375,282.94873046875,104.30000305175781,133.163330078125,214.46287536621094,73.30367279052734
2023-04-20,164.5832977294922,280.6532287597656,103.80999755859375,132.77671813964844,212.1907958984375,73.12722778320312
2023-04-21,162.97352600097656,280.30999755859375,106.95999908447266,132.52210998535156,211.42291259765625,73.35009002685547
2023-04-24,163.27967834472656,276.3960876464844,106.20999908447266,132.70127868652344,214.4560089111328,73.39653778076172
2023-04-25,161.73902893066406,270.1672058105469,102.56999969482422,129.8158416748047,209.84878540039062,72.26364135742188
2023-04-26,161.72915649414062,289.7366943359375,104.9800033569336,127.51504516601562,207.5067901611328,68.78137969970703
2023-04-27,166.3214569091797,299.01629638671875,109.81999969482422,129.2312469482422,205.72149658203125,70.43428802490234
2023-04-28,167.57571411132812,301.39996337890625,105.44999694824219,130.3533477783203,210.01194763183594,71.15857696533203
2023-05-01,167.4868621826172,299.7322998046875,102.05000305175781,133.14443969726562,208.5434112548828,71.31645965576172
2023-05-02,166.44984436035156,299.585205078125,103.62999725341797,130.99453735351562,206.508544921875,70.51785278320312
2023-05-03,165.37338256835938,298.594482421875,103.6500015258789,128.22227478027344,206.97889709472656,70.00712585449219
2023-05-04,163.7339630126953,299.585205078125,104.0,126.46837615966797,201.93016052246094,70.11856842041016
2023-05-05,171.41751098632812,304.7252197265625,105.66000366210938,128.93890380859375,206.45094299316406,70.11856842041016
2023-05-08,171.3483428955078,302.763427734375,105.83000183105469,129.2500762939453,206.16302490234375,70.62928771972656
2023-05-09,169.6398162841797,301.14495849609375,106.62000274658203,128.62774658203125,204.9152374267578,70.1835708618164
2023-05-10,171.40762329101562,306.3536071777344,110.19000244140625,128.69374084472656,204.6080780029297,71.40003204345703
2023-05-11,171.59524536132812,304.19561767578125,112.18000030517578,128.28826904296875,201.59423828125,70.66643524169922
2023-05-12,170.6656494140625,303.0773620605469,110.26000213623047,126.44954681396484,201.1238555908203,72.39363098144531
2023-05-15,170.171142578125,303.5579833984375,111.19999694824219,127.51504516601562,202.8035888671875,72.00362396240234
2023-05-16,170.171142578125,305.7944641113281,113.4000015258789,126.65699005126953,198.8778533935547,70.42500305175781
2023-05-17,170.7843017578125,308.6847229003906,115.5,130.5513458251953,203.58108520507812,69.96070098876953
2023-05-18,173.1182403564453,313.1282043457031,118.1500015258789,131.54144287109375,206.09584045410156,69.73783874511719
2023-05-19,173.22706604003906,312.9512634277344,116.25,131.23968505859375,206.15342712402344,69.162109375
2023-05-22,172.27761840820312,315.7431945800781,115.01000213623047,130.1553192138672,205.654296875,69.25495910644531
2023-05-23,169.66677856445312,309.9234313964844,114.98999786376953,128.79745483398438,204.1665802001953,68.86495971679688
2023-05-24,169.94366455078125,308.53729248046875,116.75,127.61878204345703,201.27743530273438,68.9392318725586
2023-05-25,171.0810089111328,320.40289306640625,115.0,127.92996978759766,201.5462188720703,68.14993286132812
2023-05-26,173.49404907226562,327.25494384765625,120.11000061035156,129.12747192382812,203.29310607910156,69.0826187133789
2023-05-30,175.34341430664062,325.6033935546875,121.66000366210938,129.6178436279297,201.46942138671875,67.93312072753906
2023-05-31,175.29396057128906,322.8311462402344,120.58000183105469,127.96765899658203,197.48609924316406,68.6527328491211
2023-06-01,178.10264587402344,326.9501953125,122.7699966430664,129.7310028076172,200.67276000976562,68.1854476928711
2023-06-02,178.95315551757812,329.7225036621094,124.25,132.4561309814453,217.52748107910156,69.01719665527344
2023-06-05,177.5982666015625,330.25335693359375,125.30000305175781,131.1548309326172,213.5345458984375,68.77421569824219
2023-06-06,177.2323455810547,328.0315856933594,126.61000061035156,131.39056396484375,217.57545471191406,68.57795715332031
2023-06-07,175.85769653320312,317.906005859375,121.2300033569336,132.66355895996094,226.0891876220703,69.3162612915039
2023-06-08,178.5773468017578,319.754150390625,124.25,132.70127868652344,225.0334014892578,69.99848937988281
2023-06-09,178.96302795410156,321.2582702636719,123.43000030517578,132.96530151367188,225.590087890625,69.22280883789062
2023-06-12,181.76181030273438,326.23260498046875,126.56999969482422,132.9558563232422,228.34483337402344,69.13870239257812
2023-06-13,181.28709411621094,328.6312561035156,126.66000366210938,133.91770935058594,235.58197021484375,69.48448181152344
2023-06-14,181.92002868652344,331.6296691894531,126.41999816894531,133.41790771484375,233.54714965820312,68.5966567993164
2023-06-15,183.95733642578125,342.20751953125,127.11000061035156,134.9266357421875,237.722412109375,69.49382781982422
2023-06-16,182.8793487548828,336.5351867675781,125.48999786376953,135.08692932128906,235.41879272460938,70.64334106445312
2023-06-20,182.96832275390625,332.32763671875,125.77999877929688,134.39859008789062,231.46426391601562,69.86766052246094
2023-06-21,181.92994689941406,327.9136047363281,124.83000183105469,134.2005615234375,231.78102111816406,70.82089233398438
2023-06-22,184.93637084960938,333.9595642089844,130.14999389648438,131.6168670654297,227.80728149414062,70.21344757080078
2023-06-23,184.61990356445312,329.3489074707031,129.3300018310547,130.9285125732422,225.02377319335938,69.3162612915039
2023-06-26,183.22547912597656,323.03759765625,127.33000183105469,131.24913024902344,227.43296813964844,69.42841339111328
2023-06-27,185.9846649169922,328.90655517578125,129.17999267578125,131.25857543945312,231.02276611328125,69.07329559326172
2023-06-28,187.1615447998047,330.1648864746094,129.0399932861328,130.68336486816406,232.15536499023438,68.63404846191406
2023-06-29,187.497802734375,329.3783874511719,127.9000015258789,135.24725341796875,234.43017578125,68.0452651977539
2023-06-30,191.8294677734375,334.7754821777344,130.36000061035156,137.142578125,236.1674346923828,69.34430694580078
2023-07-03,190.33612060546875,332.26861572265625,130.22000122070312,138.2458038330078,237.39605712890625,69.51251220703125
2023-07-05,189.21856689453125,332.42596435546875,130.3800048828125,137.3248748779297,234.99649047851562,70.04521942138672
2023-07-06,189.69329833984375,335.49310302734375,128.36000061035156,135.9672088623047,230.9171905517578,68.24152374267578
2023-07-07,188.5757598876953,331.5116882324219,129.77999877929688,137.04002380371094,235.33241271972656,67.33499908447266
2023-07-10,186.52862548828125,326.2128601074219,127.12999725341797,137.80908203125,238.8166046142578,67.01725006103516
2023-07-11,186.00448608398438,326.842041015625,128.77999877929688,139.96426391601562,242.69436645507812,67.46583557128906
2023-07-12,187.67581176757812,331.4920349121094,130.8000030517578,140.65736389160156,243.41424560546875,68.66206359863281
2023-07-13,188.43731689453125,336.8595886230469,134.3000030517578,141.34092712402344,245.5834503173828,68.88636779785156
2023-07-14,188.58567810058594,339.3959045410156,134.67999267578125,142.19540405273438,245.35308837890625,68.40974426269531
2023-07-17,191.8492431640625,339.87762451171875,133.55999755859375,145.62283325195312,247.11920166015625,67.90509796142578
2023-07-18,191.59210205078125,353.4046936035156,132.8300018310547,145.88870239257812,253.21417236328125,67.33499908447266
2023-07-19,192.94699096679688,349.06927490234375,135.36000061035156,146.4488525390625,253.44564819335938,67.38172912597656
2023-07-20,190.99874877929688,340.99835205078125,129.9600067138672,148.2527618408203,251.84442138671875,69.25083923339844
2023-07-21,189.82188415527344,337.9508056640625,130.0,147.1134490966797,248.5262451171875,70.93305969238281
2023-07-24,190.62294006347656,339.2680969238281,128.8000030517578,150.00918579101562,250.18533325195312,70.55923461914062
2023-07-25,191.48333740234375,345.03875732421875,129.1300048828125,148.88888549804688,252.78004455566406,70.5031509399414
2023-07-26,192.35360717773438,332.0523681640625,128.14999389648438,149.7813262939453,249.17254638671875,69.50318908691406
2023-07-27,191.08773803710938,325.1217041015625,128.25,148.1293182373047,249.15322875976562,68.47514343261719
2023-07-28,193.66893005371094,332.6422119140625,132.2100067138672,148.9743194580078,251.20779418945312,68.0826416015625
2023-07-31,194.28208923339844,330.233642578125,133.67999267578125,149.97120666503906,255.77996826171875,68.50318908691406
2023-08-01,193.4513702392578,330.6465759277344,131.69000244140625,149.2306365966797,278.4284973144531,67.44715118408203
2023-08-02,190.45480346679688,321.9561767578125,128.2100067138672,147.5406951904297,277.38677978515625,67.20415496826172
2023-08-03,189.06036376953125,321.1304626464844,128.91000366210938,148.44264221191406,271.48345947265625,65.51261138916016
2023-08-04,179.9816436767578,322.2314758300781,139.57000732421875,148.1293182373047,266.65087890625,64.6434555053711
2023-08-07,176.8763427734375,324.5220031738281,142.22000122070312,148.8319091796875,271.6764221191406,64.14816284179688
2023-08-08,177.81582641601562,320.5307312011719,139.94000244140625,147.9964141845703,272.8724670410156,64.21357727050781
2023-08-09,176.22360229492188,316.7754211425781,137.85000610351562,146.01211547851562,274.45440673828125,64.40982055664062
2023-08-10,176.00604248046875,317.4635925292969,138.55999755859375,145.7937469482422,273.76953125,63.82106018066406
2023-08-11,176.0654296875,315.5760803222656,138.41000366210938,146.63873291015625,275.1199951171875,64.40982055664062
2023-08-14,177.71926879882812,318.5548095703125,140.57000732421875,146.9425506591797,274.46405029296875,64.0733871459961
2023-08-15,175.728759765625,316.41162109375,137.6699981689453,143.2018280029297,267.5479431152344,62.94257354736328
2023-08-16,174.85731506347656,315.6432800292969,135.07000732421875,142.59417724609375,264.7892150878906,63.13883972167969
2023-08-17,172.3122100830078,312.1755065917969,133.97999572753906,141.1130828857422,265.4258728027344,63.09210205078125
2023-08-18,172.7974853515625,311.7814636230469,133.22000122070312,141.43589782714844,264.1043395996094,63.39115524291992
2023-08-21,174.13436889648438,317.1012878417969,134.67999267578125,141.9200897216797,263.091552734375,62.690242767333984
2023-08-22,175.5108642578125,317.67266845703125,134.25,138.9768829345703,260.6318664550781,63.1014404296875
2023-08-23,179.36314392089844,322.1452941894531,135.52000427246094,139.9167938232422,263.36163330078125,63.447227478027344
2023-08-24,174.6691436767578,315.21966552734375,131.83999633789062,139.7838897705078,259.76373291015625,62.821075439453125
2023-08-25,176.87750244140625,318.1849365234375,133.25999450683594,139.6129913330078,262.9082946777344,63.51264572143555
2023-08-28,178.44216918945312,318.894287109375,133.13999938964844,140.09719848632812,265.0592956542969,63.56871795654297
2023-08-29,182.3340301513672,323.5343322753906,134.91000366210938,141.23651123046875,270.11376953125,63.529205322265625
2023-08-30,185.82980346679688,323.90875244140625,135.07000732421875,140.66685485839844,272.3322448730469,63.13396072387695
2023-08-31,186.04766845703125,322.8939514160156,138.00999450683594,138.92941284179688,271.1748046875,62.8610725402832
2023-09-01,187.62225341796875,323.7806701660156,138.1199951171875,139.39462280273438,276.113525390625,62.926944732666016
2023-09-05,187.85992431640625,328.5980529785156,137.27000427246094,137.8565673828125,271.6570739746094,62.296443939208984
2023-09-06,181.13577270507812,327.9380187988281,135.36000061035156,137.6287078857422,272.8821105957031,61.816532135009766
2023-09-07,175.83766174316406,325.0121154785156,137.85000610351562,136.45138549804688,271.46417236328125,62.34349822998047
2023-09-08,176.45166015625,329.3073425292969,138.22999572753906,136.55584716796875,272.2840881347656,62.88930130004883
2023-09-11,177.62022399902344,332.9228820800781,143.10000610351562,137.15399169921875,272.06219482421875,63.54801940917969
2023-09-12,174.58990478515625,326.8444519042969,141.22999572753906,138.9388885498047,271.8307189941406,63.736236572265625
2023-09-13,172.5201873779297,331.0707702636719,144.85000610351562,139.00537109375,266.1492614746094,64.39496612548828
2023-09-14,174.03530883789062,333.671630859375,144.72000122070312,141.7017364501953,272.55413818359375,65.19483184814453
2023-09-15,173.31239318847656,325.3175048828125,140.38999938964844,141.28399658203125,269.2648620605469,64.59257507324219
2023-09-18,176.2436981201172,324.1747131347656,139.97999572753906,141.5782928466797,270.99151611328125,64.21614837646484
2023-09-19,177.33303833007812,323.770751953125,137.6300048828125,141.39791870117188,269.7665100097656,63.60447311401367
2023-09-20,173.7877655029297,316.0077209472656,135.2899932861328,140.79978942871094,268.7440185546875,63.378639221191406
2023-09-21,172.2428741455078,314.7861633300781,129.3300018310547,139.6984405517578,262.3970031738281,62.96459197998047
2023-09-22,173.0945281982422,312.3035888671875,129.1199951171875,138.3597412109375,263.39056396484375,63.70798873901367
2023-09-25,174.37203979492188,312.8257141113281,131.27000427246094,139.04335021972656,264.5577087402344,63.49156188964844
2023-09-26,170.29200744628906,307.50592041015625,125.9800033569336,137.60020446777344,259.9759521484375,61.48715591430664
2023-09-27,168.77684020996094,308.1462097167969,125.9800033569336,138.40721130371094,263.052978515625,56.42439270019531
2023-09-28,169.03431701660156,308.983642578125,125.9800033569336,140.1256866455078,266.4579162597656,53.71421813964844
2023-09-29,169.54930114746094,311.062255859375,127.12000274658203,137.68565368652344,263.33270263671875,53.91183853149414
2023-10-02,172.06463623046875,317.0224914550781,129.4600067138672,136.49887084960938,262.0980529785156,49.07492446899414
2023-10-03,170.72772216796875,308.7373962402344,124.72000122070312,135.4925079345703,259.4454040527344,49.66777038574219
2023-10-04,171.9755096435547,314.22467041015625,127.0,136.10011291503906,255.64486694335938,47.63513946533203
2023-10-05,173.21340942382812,314.61865234375,125.95999908447266,136.6739959716797,251.56471252441406,46.53412628173828
2023-10-06,175.7683563232422,322.4014587402344,127.95999908447266,138.77813720703125,256.619140625,47.277549743652344
2023-10-09,177.25381469726562,324.9234619140625,128.25999450683594,138.4624786376953,261.6929016113281,46.41179656982422
2023-10-10,176.65963745117188,323.5146484375,129.47999572753906,139.3041534423828,263.5352478027344,48.53853225708008
2023-10-11,178.0559539794922,327.48486328125,131.8300018310547,139.78236389160156,263.1687316894531,50.382957458496094
2023-10-12,178.95712280273438,326.2434997558594,132.3300018310547,139.45716857910156,260.062744140625,49.87480163574219
2023-10-13,177.1151885986328,322.86444091796875,129.7899932861328,141.55178833007812,258.4518737792969,51.276947021484375
2023-10-16,176.98641967773438,327.7015380859375,132.5500030517578,141.40830993652344,261.2009582519531,51.173431396484375
2023-10-17,175.431640625,327.13018798828125,131.47000122070312,141.1022491455078,262.9950866699219,50.97580337524414
2023-10-18,174.13436889648438,325.2091064453125,128.1300048828125,139.5528564453125,250.0406494140625,50.10064697265625
2023-10-19,173.758056640625,326.40118408203125,128.39999389648438,138.9598388671875,243.934814453125,49.3007698059082
2023-10-20,171.2030792236328,321.8201904296875,125.16999816894531,136.72178649902344,241.61756896972656,48.89612579345703
2023-10-23,171.3218994140625,324.43084716796875,126.55999755859375,134.85678100585938,239.79473876953125,48.4820671081543
2023-10-24,171.75762939453125,325.6228942871094,128.55999755859375,135.01934814453125,241.95689392089844,51.86978530883789
2023-10-25,169.4403533935547,335.61236572265625,121.38999938964844,134.28289794921875,237.48715209960938,53.13077163696289
2023-10-26,165.2711639404297,323.0220947265625,119.56999969482422,134.627197265625,235.05349731445312,54.17531967163086
2023-10-27,166.58827209472656,324.9135437011719,127.73999786376953,129.77809143066406,231.30130004882812,52.92375564575195
2023-10-30,168.63818359375,332.3022155761719,132.7100067138672,131.4327392578125,234.79173278808594,53.82714080810547
2023-10-31,169.11354064941406,333.0903625488281,133.08999633789062,133.0012969970703,219.1719207763672,54.86227798461914
2023-11-01,172.2825164794922,340.9322204589844,137.0,132.88650512695312,224.77606201171875,54.984619140625
2023-11-02,175.8475799560547,343.1487731933594,138.07000732421875,135.25843811035156,231.84422302246094,56.377342224121094
2023-11-03,174.93650817871094,347.5622253417969,138.60000610351562,136.7696075439453,233.42466735839844,55.878597259521484
2023-11-06,177.49147033691406,351.2369079589844,139.74000549316406,137.8025665283203,231.02978515625,55.55864715576172
2023-11-07,180.05636596679688,355.177490234375,142.7100067138672,137.735595703125,227.77203369140625,55.012847900390625
2023-11-08,181.11598205566406,357.8078918457031,142.0800018310547,138.41468811035156,227.6750946044922,54.10945129394531
2023-11-09,180.64064025878906,355.3351135253906,140.60000610351562,138.00340270996094,227.02548217773438,51.493377685546875
2023-11-10,184.83509826660156,364.1817626953125,143.55999755859375,140.0501708984375,232.38719177246094,51.88861083984375
2023-11-13,183.24855041503906,361.2361755371094,142.58999633789062,139.42849731445312,234.316650390625,51.28635025024414
2023-11-14,185.8664093017578,364.77288818359375,145.8000030517578,141.97259521484375,240.31832885742188,54.1565055847168
2023-11-15,186.4315948486328,364.9209289550781,143.1999969482422,143.21597290039062,243.4500274658203,53.63893127441406
2023-11-16,188.11734008789062,371.33746337890625,142.8300018310547,144.85147094726562,240.65768432617188,53.26251983642578
2023-11-17,188.0974884033203,365.09869384765625,145.17999267578125,146.16177368164062,245.3697967529297,53.98711395263672
2023-11-20,189.8427276611328,372.5911560058594,146.1300048828125,146.6112823486328,242.82949829101562,53.958885192871094
2023-11-21,189.03952026367188,368.2773132324219,143.89999389648438,146.30523681640625,241.82115173339844,54.5611457824707
2023-11-22,189.70388793945312,372.995849609375,146.7100067138672,146.6495361328125,238.5246124267578,54.521305084228516
2023-11-24,188.37515258789062,372.581298828125,146.74000549316406,146.85037231445312,239.83352661132812,54.597190856933594
2023-11-27,188.19664001464844,373.74615478515625,147.72999572753906,146.51565551757812,239.86260986328125,54.62565994262695
2023-11-28,188.80152893066406,377.78363037109375,147.02999877929688,146.85037231445312,239.96925354003906,55.17589569091797
2023-11-29,187.78016662597656,373.9830017089844,146.32000732421875,147.59642028808594,241.8599395751953,55.365638732910156
2023-11-30,188.35531616210938,374.0422668457031,146.08999633789062,149.2797393798828,243.09129333496094,55.50794219970703
2023-12-01,189.63449096679688,369.69879150390625,147.02999877929688,150.00662231445312,248.94752502441406,56.13407516479492
2023-12-04,187.83969116210938,364.39776611328125,144.83999633789062,151.10655212402344,246.99868774414062,55.659732818603516
2023-12-05,191.79620361328125,367.7343444824219,146.8800048828125,151.08740234375,247.42527770996094,55.2422981262207
2023-12-06,190.7054443359375,364.0621032714844,144.52000427246094,149.4997100830078,248.18153381347656,57.11123275756836
2023-12-07,192.63905334472656,366.1845397949219,146.8800048828125,149.9587860107422,249.57769775390625,56.7791862487793
2023-12-08,194.06698608398438,369.4223937988281,147.4199981689453,151.61343383789062,251.60411071777344,56.63688659667969
2023-12-11,191.5581817626953,366.530029296875,145.88999938964844,152.1681365966797,252.98097229003906,56.64636993408203
2023-12-12,193.0753631591797,369.5704650878906,147.47999572753906,153.52627563476562,253.4754180908203,56.466121673583984
2023-12-13,196.29808044433594,369.5605773925781,148.83999633789062,154.04275512695312,259.8164367675781,59.30270767211914
2023-12-14,196.44680786132812,361.22900390625,147.4199981689453,156.8451385498047,276.4930725097656,59.55885314941406
2023-12-15,195.91136169433594,365.9673156738281,149.97000122070312,158.03106689453125,277.0457458496094,58.34453201293945
2023-12-18,194.2454376220703,367.8626403808594,154.07000732421875,158.9875030517578,277.0166015625,57.87017822265625
2023-12-19,195.28663635253906,368.46484375,153.7899932861328,161.11080932617188,284.0459899902344,58.41093444824219
2023-12-20,193.19435119628906,365.8587341308594,152.1199951171875,159.29356384277344,280.8949279785156,56.76969909667969
2023-12-21,193.0456085205078,368.74127197265625,153.83999633789062,160.20217895507812,281.24395751953125,56.54201126098633
2023-12-22,191.9746856689453,369.76788330078125,153.4199981689453,160.10653686523438,281.5251770019531,56.68431854248047
2023-12-26,191.42930603027344,369.8468322753906,153.41000366210938,161.0533905029297,286.6347961425781,57.1207160949707
2023-12-27,191.5284423828125,369.2644348144531,153.33999633789062,162.01937866210938,289.04901123046875,57.47173309326172
2023-12-28,191.95484924316406,370.4588928222656,153.3800048828125,162.8801727294922,287.8467712402344,57.88916015625
2023-12-29,190.91366577148438,371.20916748046875,151.94000244140625,162.6889190673828,286.673583984375,57.62351989746094
2024-01-02,184.08151245117188,366.1055603027344,149.92999267578125,164.58262634277344,283.8036804199219,58.41093444824219
2024-01-03,182.7031707763672,365.8390197753906,148.47000122070312,163.8653106689453,275.6495666503906,58.80938720703125
2024-01-04,180.38282775878906,363.21319580078125,144.57000732421875,164.9527587890625,277.3947448730469,58.62913513183594
2024-01-05,179.65895080566406,363.0256042480469,145.24000549316406,165.78033447265625,280.1386413574219,58.8947639465332
2024-01-08,184.002197265625,369.8764343261719,149.10000610351562,165.53977966308594,283.357666015625,59.69166564941406
2024-01-09,183.58572387695312,370.96234130859375,151.3699951171875,164.23098754882812,283.3964538574219,58.82836151123047
2024-01-10,184.62686157226562,377.8526306152344,153.72999572753906,164.57745361328125,284.4241943359375,59.084510803222656
2024-01-11,184.03192138671875,379.68878173828125,155.17999267578125,163.8845672607422,283.1734313964844,57.604557037353516
2024-01-12,184.35916137695312,383.47943115234375,154.6199951171875,162.68165588378906,281.5736389160156,57.90813446044922
2024-01-16,182.08837890625,385.25634765625,153.16000366210938,161.66160583496094,278.4903564453125,57.253536224365234
2024-01-17,181.14634704589844,384.4666442871094,151.7100067138672,160.7954864501953,270.152099609375,55.28025817871094
2024-01-18,187.04640197753906,388.8100280761719,153.5,161.11305236816406,273.32257080078125,54.692073822021484
2024-01-19,189.95179748535156,393.54840087890625,155.33999633789062,163.89418029785156,277.88116455078125,54.32207107543945
2024-01-22,192.26222229003906,391.41619873046875,154.77999877929688,163.7017364501953,281.1832580566406,53.93311309814453
2024-01-23,193.5414276123047,393.77545166015625,156.02000427246094,162.62391662597656,281.3390808105469,54.435916900634766
2024-01-24,192.8671112060547,397.388427734375,156.8699951171875,164.07704162597656,283.1411437988281,54.084903717041016
2024-01-25,192.53988647460938,399.66876220703125,157.75,166.42510986328125,292.96942138671875,55.00513458251953
2024-01-26,190.80459594726562,398.7408447265625,159.1199951171875,165.7899627685547,291.6641845703125,55.47947692871094
2024-01-29,190.12037658691406,404.4565124511719,161.25999450683594,166.22300720214844,295.3851013183594,56.513553619384766
2024-01-30,186.46136474609375,403.3409423828125,159.0,169.62965393066406,296.85595703125,56.238433837890625
2024-01-31,182.8519287109375,392.47235107421875,155.1999969482422,167.79159545898438,292.5213317871094,55.62178039550781
2024-02-01,185.291259765625,398.5927734375,159.27999877929688,167.1853485107422,299.7099914550781,56.68431854248047
2024-02-02,184.2897491455078,405.93719482421875,171.80999755859375,168.14767456054688,306.91802978515625,55.166412353515625
2024-02-05,186.10438537597656,400.4387512207031,170.30999755859375,167.9263458251953,313.06439208984375,53.0982666015625
2024-02-06,187.7107696533203,400.2807312011719,169.14999389648438,168.5037384033203,314.3501892089844,53.34492492675781
2024-02-07,187.8198699951172,408.7308349609375,170.52999877929688,168.82130432128906,315.1976013183594,53.48722839355469
2024-02-08,186.73902893066406,408.7900085449219,169.83999633789062,168.2150421142578,313.6488342285156,53.4018440246582
2024-02-09,187.50350952148438,415.1473083496094,174.4499969482422,168.41712951660156,308.93438720703125,53.676971435546875
2024-02-12,185.81561279296875,409.92529296875,172.33999633789062,169.167724609375,313.2884826660156,54.597190856933594
2024-02-13,183.72068786621094,401.10009765625,168.63999938964844,167.69537353515625,304.7264099121094,52.41520690917969
2024-02-14,182.83702087402344,404.9769592285156,170.97999572753906,169.39869689941406,308.4960632324219,53.136207580566406
2024-02-15,182.54910278320312,402.0791931152344,169.8000030517578,173.09402465820312,314.6910705566406,54.33156967163086
2024-02-16,181.01014709472656,399.6067810058594,169.50999450683594,172.28567504882812,313.5611877441406,54.1038703918457
2024-02-20,180.26548767089844,398.3507385253906,167.0800018310547,172.95928955078125,305.6030578613281,53.70542907714844
2024-02-21,181.0200653076172,397.74749755859375,168.58999633789062,174.08523559570312,308.9148864746094,54.170284271240234
2024-02-22,183.05545043945312,407.11309814453125,174.5800018310547,176.17349243164062,313.7365417480469,53.76234817504883
2024-02-23,181.21864318847656,405.81756591796875,174.99000549316406,177.05885314941406,315.4801330566406,53.866703033447266
2024-02-26,179.86834716796875,403.0484619140625,174.72999572753906,176.4525604248047,316.941162109375,52.79923629760742
2024-02-27,181.327880859375,402.98907470703125,173.5399932861328,176.53915405273438,319.1328125,53.19175338745117
2024-02-28,180.12649536132812,403.2264404296875,173.16000366210938,177.4341278076172,321.0127868652344,52.69391632080078
2024-02-29,179.46127319335938,409.0812072753906,176.75999450683594,179.0508575439453,325.2986755371094,52.837520599365234
2024-03-01,178.37904357910156,410.9206848144531,178.22000122070312,178.3098602294922,327.9676513671875,52.85667037963867
2024-03-04,173.85154724121094,410.34710693359375,177.5800018310547,179.64749145507812,329.8670349121094,52.62690353393555
2024-03-05,168.90704345703125,398.2123107910156,174.1199951171875,181.4470672607422,324.87982177734375,53.03857421875
2024-03-06,167.9141845703125,397.65850830078125,173.50999450683594,182.39013671875,326.92535400390625,53.16303253173828
2024-03-07,167.79502868652344,404.6308288574219,176.82000732421875,180.7926788330078,331.39630126953125,53.85234451293945
2024-03-08,169.51271057128906,401.7429504394531,175.35000610351562,181.1294708251953,330.39300537109375,55.34585189819336
2024-03-11,171.51832580566406,400.0616760253906,171.9600067138672,181.19683837890625,326.282470703125,55.403289794921875
2024-03-12,171.994873046875,410.7031555175781,175.38999938964844,182.6884307861328,328.49359130859375,54.71398162841797
2024-03-13,169.90985107421875,410.5251159667969,176.55999755859375,184.17044067382812,332.6625671386719,57.00210952758789
2024-03-14,171.7665252685547,420.5335693359375,178.75,180.88890075683594,333.0522155761719,57.00210952758789
2024-03-15,171.38922119140625,411.83050537109375,174.4199981689453,183.13111877441406,337.97125244140625,57.51908874511719
2024-03-18,172.48138427734375,412.72064208984375,174.47999572753906,185.40223693847656,342.77337646484375,57.605247497558594
2024-03-19,174.8245391845703,416.76556396484375,175.89999389648438,186.48965454101562,344.7215270996094,58.65837097167969
2024-03-20,177.39608764648438,420.54345703125,178.14999389648438,188.93399047851562,347.2054138183594,59.54872512817383
2024-03-21,170.14813232421875,424.6378479003906,178.14999389648438,191.56112670898438,355.1050109863281,58.744529724121094
2024-03-22,171.05165100097656,424.0147705078125,178.8699951171875,189.21304321289062,348.8222961425781,59.14662551879883
2024-03-25,169.63185119628906,418.1995544433594,179.7100067138672,187.4808807373047,346.71832275390625,59.941246032714844
2024-03-26,168.49998474121094,417.0029296875,178.3000030517578,188.35658264160156,347.14697265625,58.811546325683594
2024-03-27,172.0742950439453,416.78533935546875,179.8300018310547,192.0037841796875,355.19268798828125,61.07094955444336
2024-03-28,170.25735473632812,416.0831604003906,180.3800048828125,192.75442504882812,356.926513671875,61.18583679199219
2024-04-01,168.8177032470703,419.8907470703125,180.97000122070312,191.4456329345703,354.3063049316406,60.678428649902344
2024-04-02,167.63616943359375,416.79522705078125,180.69000244140625,191.36868286132812,355.3680114746094,60.19974136352539
2024-04-03,168.44039916992188,415.816162109375,182.41000366210938,190.8297576904297,366.04376220703125,59.88380813598633
2024-04-04,167.6163330078125,413.2745056152344,180.0,189.37782287597656,360.1994323730469,61.01350784301758
2024-04-05,168.37091064453125,420.83026123046875,185.07000732421875,191.12013244628906,369.4627380371094,61.4443244934082
2024-04-08,167.24896240234375,419.9104919433594,185.19000244140625,192.11712646484375,363.78399658203125,62.095340728759766
2024-04-09,168.46026611328125,421.5819091796875,185.6699981689453,190.8297576904297,362.2546691894531,62.59317398071289
2024-04-10,166.583740234375,418.59515380859375,185.9499969482422,189.20361328125,362.4202880859375,61.281578063964844
2024-04-11,173.79196166992188,423.2136535644531,189.0500030517578,189.16490173339844,362.3326416015625,61.21455764770508
2024-04-12,175.2912139892578,417.2501525878906,186.1300048828125,176.9300994873047,356.14727783203125,60.39121627807617
2024-04-15,171.45872497558594,409.0812072753906,183.6199951171875,177.02691650390625,354.47186279296875,60.07527542114258
2024-04-16,168.17234802246094,410.0108337402344,183.32000732421875,175.00392150878906,350.5464172363281,59.07003402709961
2024-04-17,166.80218505859375,407.3010559082031,181.27999877929688,174.30697631835938,349.0268859863281,61.07094955444336
2024-04-18,165.84901428222656,399.814453125,179.22000122070312,175.43948364257812,348.64697265625,61.281578063964844
2024-04-19,163.8235626220703,394.72125244140625,174.6300048828125,179.84361267089844,346.72113037109375,61.55921173095703
2024-04-22,164.65756225585938,396.54095458984375,177.22999572753906,183.337890625,349.60504150390625,62.52615737915039
2024-04-23,165.71002197265625,403.078125,179.5399932861328,185.98037719726562,355.1188049316406,63.37821960449219
2024-04-24,167.8148956298828,404.5516662597656,176.58999633789062,186.89022827148438,355.38275146484375,63.72287368774414
2024-04-25,168.67869567871094,394.64208984375,173.6699981689453,187.17091369628906,330.43402099609375,64.04839324951172
2024-04-26,168.09291076660156,401.84185791015625,179.6199951171875,187.28709411621094,335.6936340332031,63.17717361450195
2024-04-29,172.26295471191406,397.8166809082031,180.9600067138672,187.08383178710938,341.9698791503906,64.54622650146484
2024-04-30,169.11557006835938,385.03912353515625,175.0,185.59320068359375,327.0807800292969,64.11540985107422
2024-05-01,168.09291076660156,390.5872802734375,179.0,185.7093505859375,323.6591796875,65.68550109863281
2024-05-02,171.79629516601562,393.455322265625,184.72000122070312,185.51576232910156,327.9313049316406,65.9152603149414
2024-05-03,182.072509765625,402.1781311035156,186.2100067138672,184.4026336669922,329.2120056152344,67.15028381347656
2024-05-06,180.4144287109375,408.9822998046875,188.6999969482422,185.84486389160156,334.4422302246094,68.21297454833984
2024-05-07,181.0994873046875,404.8285827636719,188.75999450683594,185.60287475585938,337.27734375,68.88312530517578
2024-05-08,181.4370880126953,406.015380859375,188.0,189.37782287597656,336.78851318359375,69.74476623535156
2024-05-09,183.25404357910156,407.7757568359375,189.5,191.1685333251953,343.90557861328125,71.40103149414062
2024-05-10,181.99139404296875,410.1690673828125,187.47999572753906,192.3978271484375,346.84820556640625,70.64469909667969
2024-05-13,185.2027130126953,409.1603088378906,186.57000732421875,192.35911560058594,348.6958312988281,71.40103149414062
2024-05-14,186.3460235595703,411.968994140625,187.07000732421875,195.0499725341797,350.16229248046875,72.20521545410156
2024-05-15,188.622802734375,419.1718444824219,185.99000549316406,195.63075256347656,351.9806823730469,73.7657470703125
2024-05-16,188.74208068847656,417.10113525390625,183.6300048828125,195.9792022705078,342.8692932128906,73.15303802490234
2024-05-17,188.7719268798828,416.328369140625,184.6999969482422,198.2248077392578,348.2950439453125,72.84666442871094
2024-05-20,189.93515014648438,421.4109802246094,183.5399932861328,189.31008911132812,354.6300354003906,72.63603973388672
2024-05-21,191.2375946044922,425.07684326171875,183.14999389648438,193.123779296875,351.0323791503906,73.67000579833984
2024-05-22,189.79595947265625,426.5431213378906,183.1300048828125,191.95257568359375,347.97247314453125,73.06686401367188
2024-05-23,185.79922485351562,423.0556640625,181.0500030517578,190.60714721679688,342.8497314453125,72.1094741821289
2024-05-24,188.88128662109375,426.18646240234375,180.75,194.275634765625,341.09002685546875,73.34449768066406
2024-05-28,188.89125061035156,426.3450012207031,182.14999389648438,193.10443115234375,338.7143859863281,74.22527313232422
2024-05-29,189.1894989013672,425.2056579589844,182.02000427246094,191.75897216796875,330.54150390625,73.4115219116211
2024-05-30,190.18368530273438,410.8395690917969,179.32000732421875,192.9398651123047,331.6560363769531,74.85714721679688
2024-05-31,191.13815307617188,411.29534912109375,176.44000244140625,196.13409423828125,330.9423828125,76.60914611816406
2024-06-03,192.90786743164062,409.7001647949219,178.33999633789062,195.3500518798828,323.9426574707031,74.87952423095703
2024-06-04,193.2260284423828,412.22662353515625,179.33999633789062,192.77532958984375,320.2374572753906,74.33992767333984
2024-06-05,194.7372283935547,420.0932312011719,181.27999877929688,190.9362335205078,322.07537841796875,74.24356842041016
2024-06-06,193.3552703857422,420.5985412597656,185.0,190.5974578857422,320.9414367675781,73.90630340576172
2024-06-07,195.75132751464844,419.9347839355469,184.3000030517578,193.54000854492188,321.5768127441406,72.6440200805664
2024-06-10,192.00314331054688,423.9176025390625,187.05999755859375,193.2108917236328,322.2318115234375,74.1664810180664
2024-06-11,205.9519805908203,428.6831970214844,187.22999572753906,188.1291961669922,319.9832763671875,70.09054565429688
2024-06-12,211.8377685546875,436.9857482910156,186.88999938964844,185.38990783691406,321.3715515136719,69.62803649902344
2024-06-13,213.00100708007812,437.5009460449219,183.8300018310547,187.45164489746094,319.0545959472656,70.5145263671875
2024-06-14,211.26112365722656,438.4818115234375,183.66000366210938,187.5677947998047,314.2740173339844,70.39888763427734
2024-06-17,215.4169464111328,444.2283020019531,184.05999755859375,188.7293243408203,315.1832275390625,69.67621612548828
2024-06-18,213.05068969726562,442.217041015625,182.80999755859375,190.68455505371094,317.86187744140625,67.87432861328125
2024-06-20,208.46734619140625,441.5829162597656,186.10000610351562,192.30101013183594,321.7625732421875,69.82075500488281
2024-06-21,206.29002380371094,445.6252136230469,189.0800018310547,190.0070343017578,320.50140380859375,70.15798950195312
2024-06-24,206.936279296875,443.53472900390625,185.57000732421875,192.50430297851562,322.6131286621094,71.16011047363281
2024-06-25,207.86090087890625,446.7844543457031,186.33999633789062,191.72024536132812,320.0713195800781,70.32180786132812
2024-06-26,212.01670837402344,447.9832763671875,193.61000061035156,191.10076904296875,319.41632080078125,70.6976089477539
2024-06-27,212.86181640625,448.6668395996094,197.85000610351562,192.78501892089844,320.1299133300781,71.03485107421875
2024-06-28,209.4019317626953,442.8213806152344,193.25,195.77593994140625,325.6437072753906,68.2308349609375
2024-07-01,215.49649047851562,452.510986328125,197.1999969482422,198.8636932373047,321.7137145996094,67.35399627685547
2024-07-02,218.99610900878906,455.0374450683594,200.0,202.13531494140625,320.42327880859375,67.90323638916016
2024-07-03,220.26870727539062,456.513671875,197.58999633789062,201.9998016357422,323.20941162109375,69.21369934082031
2024-07-05,225.03102111816406,463.240966796875,200.0,199.3231964111328,321.00006103515625,69.46422576904297
2024-07-08,226.50247192382812,461.93316650390625,199.2899932861328,199.6930694580078,321.6941223144531,69.4834976196289
2024-07-09,227.35748291015625,455.2950439453125,199.33999633789062,202.08741760253906,318.7612609863281,69.49313354492188
2024-07-10,231.63259887695312,461.9430847167969,199.7899932861328,202.25286865234375,321.12713623046875,70.2447280883789
2024-07-11,226.25392150878906,450.4997863769531,195.0500030517578,201.91221618652344,323.7178039550781,71.9791488647461
2024-07-12,229.2067108154297,449.3603820800781,194.49000549316406,199.46922302246094,328.0779113769531,73.2318115234375
2024-07-15,233.04440307617188,449.7666015625,192.72000122070312,204.44281005859375,338.03009033203125,68.38501739501953
2024-07-16,233.4619903564453,445.36761474609375,193.02000427246094,207.91749572753906,352.5085754394531,69.28115844726562
2024-07-17,227.5563507080078,439.42303466796875,187.92999267578125,211.08074951171875,349.7908020019531,68.31757354736328
2024-07-18,222.88348388671875,436.3020935058594,183.75,204.37464904785156,348.0604553222656,69.05952453613281
2024-07-19,223.0127410888672,433.0722961425781,183.1300048828125,204.1800079345703,339.84844970703125,69.37751007080078
2024-07-22,222.66477966308594,438.848388671875,182.5500030517578,204.66665649414062,341.4681091308594,70.2447280883789
2024-07-23,223.7086944580078,440.7407531738281,186.41000366210938,204.71534729003906,337.8362121582031,69.4834976196289
2024-07-24,217.27610778808594,424.9380798339844,180.8300018310547,203.0217742919922,329.8558349609375,72.6633071899414
2024-07-25,216.2322235107422,414.5351257324219,179.85000610351562,203.09963989257812,337.9637756347656,70.76506042480469
2024-07-26,216.69949340820312,421.3415832519531,182.5,206.5743408203125,344.0300598144531,71.55519104003906
2024-07-29,216.97787475585938,422.78814697265625,183.1999969482422,205.22145080566406,338.1895446777344,71.63227081298828
2024-07-30,217.53463745117188,419.0133361816406,181.7100067138672,209.4456024169922,335.4312744140625,71.574462890625
2024-07-31,220.795654296875,414.4855651855469,186.97999572753906,207.11940002441406,339.828857421875,73.60761260986328
2024-08-01,217.09716796875,413.25701904296875,184.07000732421875,202.4086151123047,325.4189453125,75.53475952148438
2024-08-02,218.58848571777344,404.71661376953125,167.89999389648438,193.82403564453125,314.9649353027344,76.31525421142578
2024-08-05,208.05975341796875,391.4998474121094,161.02000427246094,189.6972198486328,310.9698486328125,73.88704681396484
2024-08-06,206.03152465820312,395.9186706542969,161.92999267578125,194.9920196533203,320.4324951171875,74.1664810180664
2024-08-07,208.60655212402344,394.74957275390625,162.77000427246094,195.05039978027344,319.8042297363281,74.73499298095703
2024-08-08,212.07638549804688,398.97021484375,165.8000030517578,198.61270141601562,329.97357177734375,74.7157211303711
2024-08-09,214.9894256591797,402.26947021484375,166.94000244140625,200.30625915527344,332.03497314453125,74.63863372802734
2024-08-12,216.52230834960938,403.0521545410156,166.8000030517578,200.68585205078125,329.8459777832031,74.75426483154297
2024-08-13,220.24497985839844,410.1856689453125,170.22999572753906,202.38914489746094,332.56500244140625,75.27459716796875
2024-08-14,220.69290161132812,413.0093078613281,170.10000610351562,204.62774658203125,331.37725830078125,75.1686019897461
2024-08-15,223.6790008544922,417.89263916015625,177.58999633789062,205.90277099609375,339.2791748046875,74.59046173095703
2024-08-16,225.00282287597656,415.35174560546875,177.05999755859375,208.25816345214844,337.15887451171875,75.70819854736328
2024-08-19,224.8435821533203,418.388916015625,178.22000122070312,209.6986541748047,338.307373046875,76.45979309082031
2024-08-20,225.460693359375,421.63458251953125,178.8800048828125,208.79348754882812,336.982177734375,76.103271484375
2024-08-21,225.3511962890625,420.9794921875,180.11000061035156,208.87135314941406,336.6582946777344,76.7392349243164
2024-08-22,223.4898681640625,412.4534912109375,176.1300048828125,210.84715270996094,336.0594787597656,76.04545593261719
2024-08-23,225.78916931152344,413.68426513671875,177.0399932861328,212.4822998046875,341.9981994628906,76.75850677490234
2024-08-26,226.12757873535156,410.4088439941406,175.5,213.31935119628906,344.69757080078125,77.70281219482422
2024-08-27,226.97366333007812,410.7562255859375,173.1199951171875,214.30238342285156,344.6582946777344,76.71031951904297
2024-08-28,225.4407958984375,407.5403747558594,170.8000030517578,215.38275146484375,341.7920227050781,76.5176010131836
2024-08-29,228.72549438476562,410.0415954589844,172.1199951171875,216.27821350097656,345.168701171875,77.11502838134766
2024-08-30,227.9391632080078,414.03167724609375,178.5,218.79905700683594,349.5466613769531,78.08000183105469
2024-09-03,221.738037109375,406.3890380859375,176.25,214.419189453125,333.978515625,77.51750183105469
2024-09-04,219.82691955566406,405.8530578613281,173.3300018310547,213.47506713867188,330.552734375,78.63278198242188
2024-09-05,221.34983825683594,405.34686279296875,177.88999938964844,211.82046508789062,327.4214172363281,77.90542602539062
2024-09-06,219.79705810546875,398.70672607421875,171.38999938964844,206.78848266601562,323.2987365722656,77.56600189208984
2024-09-09,219.88665771484375,402.69677734375,175.39999389648438,211.02235412597656,327.89263916015625,78.73947143554688
2024-09-10,219.09033203125,411.1136169433594,179.5500030517578,200.07264709472656,328.01043701171875,79.81597137451172
2024-09-11,221.6285400390625,419.8876953125,184.52000427246094,201.69805908203125,328.8349304199219,80.91185760498047
2024-09-12,221.738037109375,423.81817626953125,187.0,201.08489990234375,333.3306579589844,80.94094848632812
2024-09-13,221.4692840576172,427.3814392089844,186.49000549316406,198.8657684326172,338.9552307128906,82.09503936767578
2024-09-16,215.3179168701172,428.1258239746094,184.88999938964844,202.311279296875,341.55645751953125,82.08533477783203
2024-09-17,215.7857208251953,431.9074401855469,186.8800048828125,203.66415405273438,347.18096923828125,82.40538787841797
2024-09-18,219.66766357421875,427.5997619628906,186.42999267578125,201.99008178710938,348.5846862792969,81.7362060546875
2024-09-19,227.8097686767578,435.4210510253906,189.8699951171875,204.861328125,366.4399108886719,79.80626678466797
2024-09-20,227.1428680419922,432.0265197753906,191.60000610351562,205.45504760742188,362.03253173828125,80.2620849609375
2024-09-23,225.42088317871094,430.2796630859375,193.8800048828125,205.79568481445312,364.33929443359375,82.25990295410156
2024-09-24,226.31671142578125,425.9720458984375,193.9600067138672,205.9416961669922,378.8276672363281,81.74590301513672
2024-09-25,225.3213348388672,428.8900451660156,192.52999877929688,204.5790557861328,371.28900146484375,82.0659408569336
2024-09-26,226.4660186767578,428.0960388183594,191.16000366210938,204.1800079345703,383.76507568359375,80.94094848632812
2024-09-27,226.73475646972656,424.8305358886719,187.97000122070312,204.88079833984375,383.88287353515625,81.98835754394531
2024-09-30,231.92063903808594,427.09356689453125,186.3300018310547,205.23117065429688,383.9221496582031,81.9786605834961
2024-10-01,225.16209411621094,417.5552062988281,185.1300048828125,201.51315307617188,385.1687927246094,82.69631958007812
2024-10-02,225.72946166992188,414.021728515625,184.75999450683594,201.7564697265625,386.7981872558594,82.85149383544922
2024-10-03,224.6245880126953,413.4361267089844,181.9600067138672,199.75148010253906,383.8927307128906,82.48296356201172
2024-10-04,225.74935913085938,412.959716796875,186.50999450683594,206.8413848876953,389.7823181152344,81.31917572021484
2024-10-07,220.6630401611328,406.48828125,180.8000030517578,206.55738830566406,390.92095947265625,77.86663818359375
2024-10-08,224.72413635253906,411.6197204589844,182.72000122070312,206.38111877441406,380.8203125,78.07029724121094
2024-10-09,228.47666931152344,414.3492431640625,185.1699981689453,208.9957733154297,388.89886474609375,78.14788818359375
2024-10-10,227.97897338867188,412.7413330078125,186.64999389648438,208.4278106689453,389.340576171875,78.49701690673828
2024-10-11,226.4958953857422,413.2177734375,188.82000732421875,217.681884765625,394.62152099609375,79.38925170898438
2024-10-14,230.228515625,416.0167541503906,187.5399932861328,216.88868713378906,386.7000732421875,80.40755462646484
2024-10-15,232.76670837402344,415.61968994140625,187.69000244140625,217.7798309326172,380.8497619628906,80.29118347167969
2024-10-16,230.70628356933594,413.01922607421875,186.88999938964844,219.00392150878906,386.3761291503906,81.84288787841797
2024-10-17,231.07456970214844,413.6147766113281,187.52999877929688,219.7677459716797,387.2301025390625,81.25128936767578
2024-10-18,233.91136169433594,415.0440368652344,188.99000549316406,220.6980438232422,386.6117248535156,81.83318328857422
2024-10-21,235.38450622558594,415.659423828125,189.07000732421875,218.37718200683594,384.6710510253906,81.4937515258789
2024-10-22,234.7673797607422,424.3243713378906,189.6999969482422,219.4739532470703,382.68109130859375,81.1737060546875
2024-10-23,229.69100952148438,421.4360656738281,184.7100067138672,218.7786865234375,379.99169921875,82.39566802978516
2024-10-24,229.50189208984375,421.5650939941406,186.3800048828125,220.31613159179688,381.3019104003906,80.3105697631836
2024-10-25,230.3380126953125,424.9595947265625,187.8300018310547,217.7014923095703,380.2281494140625,78.97222137451172
2024-10-28,232.3187713623047,423.41119384765625,188.38999938964844,220.82534790039062,384.7991027832031,80.36876678466797
2024-10-29,232.5875244140625,428.7313232421875,190.8300018310547,218.2792510986328,381.7452392578125,77.1586685180664
2024-10-30,229.03407287597656,429.3069763183594,192.72999572753906,219.75796508789062,373.5982666015625,76.70285034179688
2024-10-31,224.86346435546875,403.3220520019531,186.39999389648438,217.31956481933594,370.603515625,76.85801696777344
2024-11-01,221.87738037109375,407.31207275390625,197.92999267578125,218.3184356689453,373.9824523925781,75.01537322998047
2024-11-04,220.98155212402344,405.4162902832031,195.77999877929688,215.2239227294922,370.9187316894531,76.00458526611328
2024-11-05,222.4148712158203,408.3939514160156,199.5,216.8984832763672,377.6668395996094,76.27613830566406
2024-11-06,221.68826293945312,417.04901123046875,207.08999633789062,241.93841552734375,410.6783142089844,72.27078247070312
2024-11-07,226.42620849609375,422.2598571777344,210.0500030517578,231.47982788085938,402.1372985839844,72.36776733398438
2024-11-08,226.15716552734375,419.3914489746094,208.17999267578125,232.06736755371094,387.5180358886719,74.64684295654297
2024-11-11,223.4368133544922,414.8951721191406,206.83999633789062,234.32948303222656,390.640869140625,73.61883544921875
2024-11-12,223.4368133544922,419.87774658203125,208.91000366210938,234.59390258789062,387.1634521484375,72.01863098144531
2024-11-13,224.3236541748047,422.0315856933594,214.10000610351562,236.16073608398438,381.3117980957031,71.99922943115234
2024-11-14,227.41270446777344,423.7090148925781,211.47999572753906,236.85598754882812,381.5974426269531,73.00785064697266
2024-11-15,224.2041015625,411.9075927734375,202.61000061035156,240.2246856689453,378.3564147949219,74.04554748535156
2024-11-18,227.2134246826172,412.66192626953125,201.6999969482422,239.9504852294922,378.7406005859375,74.0843505859375
2024-11-19,227.4724884033203,414.67681884765625,204.61000061035156,238.0507049560547,376.64227294921875,74.7535171508789
2024-11-20,228.18994140625,412.3939208984375,202.8800048828125,235.78860473632812,375.8246154785156,74.5595474243164
2024-11-21,227.71165466308594,410.6137390136719,198.3800048828125,239.68609619140625,383.7942810058594,75.02507019042969
2024-11-22,229.05686950683594,414.7211608886719,197.1199951171875,243.39752197265625,391.5767517089844,74.20008087158203
2024-11-25,232.04624938964844,416.5013732910156,201.4499969482422,245.10147094726562,399.6153564453125,74.82492065429688
2024-11-26,234.22850036621094,425.6510925292969,207.86000061035156,244.78810119628906,401.762939453125,75.65479278564453
2024-11-27,234.0989532470703,420.67840576171875,205.74000549316406,244.61180114746094,397.6943664550781,76.660400390625
2024-11-29,236.490478515625,421.1458435058594,207.88999938964844,244.5432891845703,400.06854248046875,76.80684661865234
2024-12-02,238.7424774169922,428.624755859375,210.7100067138672,241.1452178955078,396.5221252441406,75.24473571777344
2024-12-03,241.79165649414062,428.84356689453125,213.44000244140625,239.74485778808594,393.3204345703125,74.48320770263672
2024-12-04,242.15037536621094,435.0295715332031,218.16000366210938,238.35426330566406,393.56671142578125,73.94623565673828
2024-12-05,242.18028259277344,440.2011413574219,220.5500030517578,240.39117431640625,389.1040954589844,74.39533996582031
2024-12-06,241.98098754882812,441.1459655761719,227.02999877929688,242.23219299316406,389.1533508300781,73.45807647705078
2024-12-09,245.8771514892578,443.58251953125,226.08999633789062,238.7557830810547,393.3204345703125,72.93086242675781
2024-12-10,246.8935546875,440.9072570800781,225.0399932861328,237.8254852294922,382.6121520996094,72.3841323852539
2024-12-11,245.6180877685547,446.5363464355469,230.25999450683594,238.48159790039062,383.0849914550781,72.22792053222656
2024-12-12,247.0828857421875,447.1032409667969,228.97000122070312,236.52304077148438,375.1153564453125,71.48592376708984
2024-12-13,247.25228881835938,444.82574462890625,227.4600067138672,234.9660186767578,374.849365234375,71.8764419555664
2024-12-16,250.15196228027344,449.12213134765625,232.92999267578125,234.61346435546875,373.28302001953125,71.06610107421875
2024-12-17,252.58334350585938,451.9764099121094,231.14999389648438,233.41876220703125,370.2094421386719,70.55841064453125
2024-12-18,247.1725616455078,434.9997253417969,220.52000427246094,225.59439086914062,358.47662353515625,68.84986114501953
2024-12-19,248.90638732910156,434.6416931152344,223.2899932861328,228.1307373046875,355.00897216796875,68.11761474609375
2024-12-20,253.5897674560547,434.21405029296875,224.9199981689453,232.67453002929688,360.59466552734375,69.97262573242188
2024-12-23,254.3670196533203,432.8714599609375,225.05999755859375,233.44815063476562,359.9543151855469,70.77320861816406
2024-12-24,257.2866516113281,436.9291076660156,229.0500030517578,237.28688049316406,362.10186767578125,71.18326568603516
2024-12-26,258.1037292480469,435.7157897949219,227.0500030517578,238.0996856689453,361.6585693359375,70.65604400634766
2024-12-27,254.6858673095703,428.1772155761719,223.75,236.17051696777344,359.43212890625,70.40221405029297
2024-12-30,251.307861328125,422.50836181640625,221.3000030517578,234.35887145996094,357.6097412109375,70.06050109863281
2024-12-31,249.5341796875,419.1965637207031,219.38999938964844,234.7407989501953,357.3634338378906,69.99215698242188
