Date,AAPL_Close,MSFT_Close,NVDA_Close,AMZN_Close,JNJ_Close,JPM_Close,XOM_Close,CAT_Close,PG_Close,NEE_Close,AAPL_Volume,MSFT_Volume,NVDA_Volume,AMZN_Volume,JNJ_Volume,JPM_Volume,XOM_Volume,CAT_Volume,PG_Volume,NEE_Volume
2020-01-03,-0.009721945255710907,-0.012451912806949905,-0.016005888067623708,-0.012139034655920922,-0.011577805962603271,-0.01319643219578781,-0.008039528303322774,-0.013884667082754598,-0.006725679777524585,0.007124464455176005,146322800,21116200,205384000,75288000,5752400,10386800,17386900,3100600,7970500,7097200
2020-01-06,0.007968171920401446,0.0025848863281043855,0.004193543962988766,0.01488557393050649,-0.0012475263170009798,-0.0007951688802789736,0.0076782882475443515,-0.0006735617465372101,0.0013869854078150112,0.004993341845140886,118387200,20813700,262636000,81236000,7731300,10259000,20081900,2549600,6674400,5518800
2020-01-07,-0.004703195043136987,-0.009117934614371714,0.01210681460472407,0.0020916204156393725,0.006106704948755537,-0.017000441127015153,-0.008184214841737925,-0.013213109000137724,-0.006191576845592794,-0.0008696114187810577,108872000,21634100,314856000,80898000,7382900,10531300,17387700,2841900,7583400,6653200
2020-01-08,0.01608643574308033,0.01592856124921105,0.0018755988502074938,-0.007808640261289357,-0.00013775217547828955,0.007800798386874419,-0.015080343769085847,0.008880947896289682,0.004262784795711738,-0.0004558725165401123,132079200,27746500,277108000,70160000,6605800,9695300,15137700,2153200,5385100,5936000
2020-01-09,0.021240780314388807,0.012492736926492665,0.010982594925359468,0.0047991747864684076,0.0029660736211893912,0.0036514210697726757,0.007655585199572323,-0.002505378827348359,0.010937915714091195,0.007835939895916244,170108400,21385000,255112000,63346000,6112700,9469000,14811800,2272500,5944000,6958000
2020-01-10,0.002260564981066304,-0.004627034644372641,0.005349186230922287,-0.009410596802031268,-0.0022693104378155304,-0.009968120990677454,-0.008887426503935147,-0.008010148072916445,0.0009687311303272494,0.0018923574113498542,140644800,20725900,316296000,57074000,5042600,10190900,11995600,2393700,3927100,5125600
2020-01-13,0.021364479270465475,0.012024313684630084,0.03135233256097503,0.004322578245699482,0.0044116389501367426,0.00830456241470623,0.009545677714067002,0.00472191932529209,0.007340495044077855,0.011701808855057783,121532000,21626500,319840000,55616000,4593200,12355200,9953900,3355200,8409200,5879600
2020-01-14,-0.013503373227088611,-0.007043026296800758,-0.018652183370307163,-0.011558211718052602,0.005627999438900355,0.011661543376286332,-0.008596004947180269,-0.0009536737100768189,-0.0015214929502362917,0.0053978432027212975,161954400,23477400,359088000,68818000,7037500,24906000,16261000,2742200,7829700,8252800
2020-01-15,-0.004285376557877862,0.006476209886662865,-0.0069152741019885555,-0.003969126548924895,0.003344509879367852,-0.014985448518171962,-0.0015895430809135247,-0.007567612541631963,0.010185435187922032,0.015540978469626321,121923600,21417900,263104000,57932000,4960300,16293400,11390300,2640500,4843700,6397200
2020-01-16,0.01252660526237559,0.0183234634956575,0.013682441933661194,0.00854991102959346,0.008094521295841428,0.003876599907908451,-0.0039078305368206445,0.015799966679163058,0.000873233811641283,0.002742710066975018,108829200,23865400,284192000,53190000,6476000,10783800,13340300,3070900,6233700,7914400
2020-01-17,0.011071115381805718,0.005596701558288286,0.0014059027907646904,-0.00703966144232826,0.006545237256976977,0.006921775941784336,-0.0037781040000464117,0.006401759320643352,0.0026971083827300735,0.0044793362975845685,137816400,34371700,253792000,79946000,9083600,14697700,18144100,3331500,11315200,9354000
2020-01-21,-0.006777175826873649,-0.003590567761647123,-0.005375246675121348,0.014629525206926841,0.0006704372494021893,-0.0098408135481588,-0.014294042013872632,-0.013059978234337577,-0.0025316681037923505,0.013772734276022103,110843200,29517200,217916000,74156000,9543900,8474200,17982600,2476700,8553100,11486400
2020-01-22,0.003569624542795191,-0.004804867874322327,0.008751972533692642,-0.0023995494624704516,-0.006833313018820619,-0.0011694183186470308,-0.005770956406492833,-0.022077692802011217,0.0017448076829436054,0.011717050785656324,101832400,24138800,239240000,64326000,10305300,7549100,17033100,3602400,7396700,7065600
2020-01-23,0.004815753096800046,0.006155653582724296,0.010995007422227365,-0.0015259112256781338,0.0018886558829505073,-0.0010243245001378964,-0.006250778484347186,0.0008411405716914899,-0.00457137109498762,0.0006925233049410728,104472000,19680800,244516000,49692000,8671900,9345700,19605900,3182700,11096500,10212400
2020-01-24,-0.0028819171007733457,-0.010076870352189626,-0.009412055103885764,-0.012172426638861644,-0.0014139123365890516,-0.024827932646002915,-0.006739827382655217,-0.01660220215501662,0.0012002170297922277,0.01399579501626902,146537600,24918100,373512000,75324000,9051900,15166400,18238600,2526200,9508600,10310400
2020-01-27,-0.02940532852178024,-0.016723120879466924,-0.0410411868116235,-0.01788746376771211,0.0028993049934626924,-0.008411377061109504,-0.02382374658520192,-0.033124469147390534,0.004394863320067444,0.011451455046478376,161940000,32078100,470536000,70570000,7587100,12860500,21231000,2920500,9338400,8678800
2020-01-28,0.028289450947167172,0.019595807254205733,0.03234805864432033,0.01362436592451366,0.005041812759598585,0.018177681824750325,-0.0013901092476763521,0.00744138670144423,0.0027050514333955,-0.0034864505292282466,162234000,24899900,310976000,56160000,7336600,13062800,19664700,2763800,6200200,8262800
2020-01-29,0.020932461090278576,0.015592744352089571,-0.009799611037883627,0.0025630978623367717,0.0069566290788871665,-0.001487879184290053,-0.008352729753974053,-0.007020671912152832,-0.007696467328903611,-0.00018801333327334024,216229200,34754500,258848000,41760000,6288600,9326000,14202800,2620000,5271000,6008400
2020-01-30,-0.0014492770561910229,0.02820752100011692,0.0010993354521093845,0.006824489189870775,-0.0011957092319437868,0.012366846094399753,0.010606831102242031,-0.003019693972401094,0.007116423705881392,0.015690721751769887,126743200,51597500,290504000,126548000,6470600,9048900,18544700,3862600,5894400,6328800
2020-01-31,-0.044338796688511484,-0.014758722479070285,-0.038159371842588996,0.07379135586484753,-0.009909452134132746,-0.025976772635851963,-0.04121016131160449,-0.02969608758382869,-0.01055962834561186,-0.0064091743726281125,199588400,36142700,370420000,311346000,8651700,12785200,34282900,6785700,6612900,7536800
2020-02-03,-0.0027460433959569652,0.02437916852337474,0.01649550160987845,-0.0022501685803328897,0.008732523903440814,0.007630619956700446,-0.02237574882086857,-0.012029136006277197,0.00393191632633294,-0.005182658683651975,173788400,30107000,255564000,117834000,5765200,10021100,27389300,4385300,6052300,11041200
2020-02-04,0.033013476442324,0.032916317998944455,0.02829425231648286,0.022687342140775613,0.009522595880306017,0.01439585026936796,-0.0125143514620083,0.02882036584864167,0.004395988405392348,-0.008507885741573018,136616400,36433300,271544000,105786000,6541400,9157100,31922100,3501600,6512200,10482800
2020-02-05,0.008154638126291802,-0.0012216602735368731,0.014688490420182276,-0.004781236737139594,0.01576484271451517,0.017000426118097156,0.04602261664307594,0.029435940254078696,0.009151949827827632,0.00820279327158846,118826800,39186300,208220000,87524000,5979900,10150700,32099200,4448100,6125400,8666800
2020-02-06,0.011696781697189573,0.020733887381865213,0.013918001923249212,0.0050787328892443195,-0.0029869436916465375,0.0001456893410467508,-0.013550015702948448,-0.001382482378314287,0.0026021223278083205,0.0060738980827372835,105425600,27751400,218284000,63660000,6201200,8992300,16055400,2283800,9102700,7874400
2020-02-07,-0.013592491224634573,0.001416080069190695,-0.010462356734182832,0.014169136390608683,-0.01068194257573074,-0.003197223452554132,-0.0066258388173870975,-0.028269749784348597,-0.008337031915223059,0.004509381825423819,117684000,33529100,189752000,101906000,5700300,6379800,15112500,3812300,5915100,6410000
2020-02-10,0.004749184055574895,0.026156815983237935,0.04523236124850216,0.026273579599096486,-0.0001977302739232245,0.004155043276864445,-0.010560859096398256,0.007123356926838742,0.0007134992464739032,0.00816228359246396,109348800,35844300,529608000,101124000,4835600,5960700,20934500,2331600,5216100,7666800
2020-02-11,-0.006033211330288002,-0.022575475149678614,0.018709294975257196,0.007915025985726132,0.0008559761343309713,0.0018876125354305717,0.00950598376272982,0.013921789742840085,-0.015930528727082227,0.0015085444292857186,94323200,53159900,638556000,114920000,3715300,6578600,14908700,2381900,6105700,7850800
2020-02-12,0.023747550526960204,0.0014638689538111205,0.01735806758680547,0.004277469597884664,-0.005921274789646658,0.0,0.012225584514525378,0.024965426368626753,-0.005718516698372311,-0.0069446122027421175,113730400,47062900,374644000,66686000,5166800,7958000,17862100,3222000,6031700,5836400
2020-02-13,-0.007120964117591666,-0.0054136605851310415,-0.006457805477852685,-0.00468981707537619,-0.006618522095285684,-0.0008691405768931348,-0.005549164715046295,0.0009309675366497849,0.012231583564402237,0.019277807921654677,94747600,35295800,528016000,60636000,5480200,7447500,16949400,3318800,7159000,7500400
2020-02-14,0.000246498719002064,0.008927082396516406,0.07020448447308247,-0.006977166077050345,0.00026654302546846864,-0.0030463574010791694,-0.004595472321909599,-0.012381820699304269,0.0094431334561067,0.011071994478392577,80113600,23149500,1041924000,52124000,5716300,6627600,10855300,2813400,5889100,7354800
2020-02-18,-0.01831070018934311,0.010142768993243623,0.023396373201200582,0.009742990607446878,-0.006594419692501963,-0.013240200092181409,-0.012695831596339469,-0.010217882301659542,-0.01006823405441104,0.01263816793237904,152531200,27792200,620164000,58912000,7230700,8996400,18948500,3869700,6767600,9789600
2020-02-19,0.014482749695196917,0.0029991698244464793,0.061132225093643466,0.006749650094826309,-0.0013409035402862646,0.013639300007491473,0.007682236569782175,0.002049704179493572,0.004564826782386122,-0.026130743843282844,93984000,29997500,694332000,51224000,6115200,7071200,12804900,2134900,4734000,21134800
2020-02-20,-0.01025883784589432,-0.015271323199487652,-0.019065757141417894,-0.007888626914309249,-0.0038271281888164754,0.0,-0.00795509814444173,0.0005115503323949167,0.009087957019370263,0.008591966883437108,100566000,36862400,810052000,62626000,7464700,7422800,14817200,2678200,6094600,10731600
2020-02-21,-0.022635423199527827,-0.0316127438445335,-0.04739223669010961,-0.026533823330561868,0.01051405282689033,-0.012219148226760068,-0.012195129979240549,0.0020449670868423198,0.0009479456492607063,0.0020212512480530798,129554000,48572600,768180000,92926000,7776800,9772800,20315700,2855600,8723900,11030800
2020-02-24,-0.04750017869169487,-0.04311516851567443,-0.07069745140563244,-0.04135555023463999,-0.02060672523941287,-0.02687594644977931,-0.04684600270868389,-0.03673203524464852,-0.026835016526069233,-0.01314867669419284,222195200,68311100,856916000,130940000,10588900,13618400,32096600,4964800,7533900,9091600
2020-02-25,-0.0338719878378384,-0.016501870132068164,-0.04109353765507906,-0.018190498951138112,-0.00863530683919067,-0.04464291938604115,-0.03832503728806802,-0.023984342576467976,-0.015166166965982275,-0.013178203492956064,230673600,68073300,1055496000,124382000,10529000,20797200,36414500,4840200,8903200,10285600
2020-02-26,0.015863805665837116,0.012494593763182404,0.02136997637921345,0.003472315416060967,-0.0067060479476261925,0.0030097628136309673,-0.021955775275883105,-0.005814021183013329,-0.010458758262621437,-0.00318095572639987,198054800,56206100,747732000,104492000,10093800,24825600,29801000,3902500,6894200,9551600
2020-02-27,-0.06536824004459185,-0.0704587485759317,-0.05566546622267843,-0.048136265467272676,-0.03173698942656966,-0.04161413409152581,-0.06017723833530031,-0.03883014402754459,-0.05542617479647172,-0.045585306584783436,320605600,93174900,906416000,162880000,12566700,23005500,48141300,7369000,13298900,14604000
2020-02-28,-0.0005848601416891253,0.02421294356542858,0.06916047858741026,-0.0002918467224900523,-0.033352371890268406,-0.043338594947170406,0.03251692262181605,0.007868672570561674,-0.002378675631564575,-0.012077429073699908,426510000,97012700,1133252000,189620000,19820300,45931400,62446700,8300700,22784300,27468400
2020-03-02,0.09310044521959049,0.0665392124975388,0.02354956799715069,0.03726611425327642,0.04119582688212953,0.04659391487262021,0.047434315121375636,0.02704465446683524,0.05590374063429682,0.06167907120938798,341397200,71030800,890744000,135234000,11508200,27355400,38127600,6100200,12399800,19305600
2020-03-03,-0.03175921703263673,-0.047919712942031234,-0.03812901301209315,-0.023009811402324054,-0.031638726924368754,-0.037524755281096,-0.047884352921203854,-0.02523528830523336,-0.011626019967341583,-0.011924678571621716,319475600,71677000,652792000,150690000,13662500,32547700,50580700,6358100,12510900,15636000
2020-03-04,0.04638431849612612,0.03671517643214983,0.07002900116112665,0.03501322901563819,0.05819054432515314,0.024709359572758327,0.021832044342550372,0.02428042077358783,0.05356689149924465,0.0643786442299048,219178400,49814400,597408000,95458000,10560500,25795900,24079600,5074700,9459300,14713200
2020-03-05,-0.032436763546088265,-0.025095266452955123,-0.03943614940994866,-0.026216794314283476,-0.010245838585756673,-0.049061314141543466,-0.044066722845991446,-0.04262161049286639,-0.023052125985332572,-0.021472629846459146,187572800,47817300,540328000,94964000,11339200,25025600,40788200,6015300,9363500,12412000
2020-03-06,-0.013280219913228919,-0.02826745246377138,-0.026528882096994444,-0.011922924014239333,0.0001409353509949085,-0.051680255808162046,-0.048293896019806604,-0.004591365836866146,0.0002465586959223831,-0.015715390335382273,226176800,72821100,515412000,105472000,12239100,38159400,55640500,5767900,9817400,14556400
2020-03-09,-0.0790921216891115,-0.06777240992968947,-0.07743180796083138,-0.05285383245165354,-0.03935755848966227,-0.13545516187571194,-0.12224773617598628,-0.142821876862113,-0.04602981256602234,-0.038775804301617645,286744800,70419300,614160000,156264000,13848600,40352000,72896300,8636200,13116500,15564400
2020-03-10,0.07202156438911,0.06838390411435391,0.0637220853970224,0.05065506668458686,0.03811176471011213,0.07769661943630268,0.03702791534835814,0.023253435678338263,0.03868688177144497,-0.021241611780371983,285290000,65354400,580648000,142666000,12698100,31102700,60445900,8293200,11419100,23743600
2020-03-11,-0.03473074050585512,-0.04530181210230688,-0.055959795681287394,-0.03750889642974897,-0.06947181779558642,-0.04707039084787157,-0.03294179908468653,-0.054465079031428165,-0.07432605899379241,-0.05658324362237299,255598800,56371600,499964000,112496000,17763400,38127000,51986100,6543600,16456000,19631200
2020-03-12,-0.09875451965765025,-0.09483844318097456,-0.12236753762952135,-0.07922082514747941,-0.04848251569232065,-0.08243031231161979,-0.11434020958101754,-0.08372217395692405,-0.08737339719583159,-0.13417037573840163,418474000,93226400,816540000,226924000,21539200,49725200,65725300,10285900,20988000,31668400
2020-03-13,0.1198086719714595,0.14216907801875323,0.1134017388302615,0.06464833687376514,0.07080760881709502,0.1801249555424551,0.025282703583642263,0.07999145616638437,0.12009040824242279,0.060653854254881345,370732000,92727400,634836000,176194000,20084200,38543300,79891500,8718600,17378700,31586400
2020-03-16,-0.12864718162318522,-0.1473902162935944,-0.18452076306751453,-0.053697516604298,-0.05331737934168401,-0.14964856780080482,-0.09522557359611383,-0.06252556717677982,-0.04882971941262182,-0.09112655112700896,322423600,87905900,726972000,178346000,18877900,38589700,48924700,9899000,17367400,20240400
2020-03-17,0.04396996840937106,0.08233628091108613,0.10626229780517082,0.07026613247879654,0.07441190095391081,0.0611135294260563,0.06726560700299467,0.07269056245667649,0.08976951114244036,0.10125630652117978,324056000,81059800,833632000,218342000,18911800,35239800,41204400,7206100,19451400,21538000
2020-03-18,-0.024479903472806597,-0.042095958515564136,-0.06650676125988819,0.012257741060410998,-0.01193345785580402,-0.10526884181377649,-0.1002444925611824,-0.0007983302904842615,-0.006681171239947381,-0.050144323243691336,300233600,81593200,874268000,192904000,17521100,41525600,54036400,6995100,23139200,22198000
2020-03-19,-0.007662106121923307,0.01645326585449136,0.050044636944512666,0.027830613766863133,-0.058609810497794346,0.016807752210913574,0.0395532413559454,0.02886546696858283,-0.0563645368994552,-0.016805886215301324,271857200,85922700,765512000,207998000,18482300,32175100,49412400,6870800,16428100,17441200
2020-03-20,-0.06348558925945413,-0.0375591211918016,-0.033901661887243195,-0.018522798541689034,-0.05635596394241549,-0.021101752874461144,-0.049085166479228226,-0.07290537231905014,-0.07579161410589419,-0.07411898913529003,401693200,84866200,804636000,196358000,19785100,30150800,76534600,7650300,19922900,22482400
2020-03-23,-0.021244073721624512,-0.009974360628808632,0.03372991409024717,0.030735291504301987,-0.07298355308699234,-0.053533206405876554,-0.03940126855924986,-0.038220166319605786,-0.04617820867514766,-0.052620193587972985,336752800,78975200,643876000,156170000,20815200,32536600,56952500,6737500,17776800,23661600
2020-03-24,0.10032531398758837,0.09089576529220955,0.1715641582651799,0.019586561347294085,0.07234136462872898,0.11894241017722296,0.12686819802305838,0.10332062701846656,0.057011698958238544,0.1369037007145446,287531200,82516700,1101644000,142942000,17604800,34363200,61835600,7417100,14625500,17900800
2020-03-25,-0.005508707679658165,-0.009572607505945796,-0.01428648155523049,-0.027967604900146936,0.0018457632235420185,0.037317373221071204,0.052200666903084114,0.03285981108627967,-0.022756013574549483,0.018109057551552565,303602000,75638200,793432000,129582000,13986100,38111700,56607700,6578100,13789100,17794400
2020-03-26,0.05262302268072738,0.0625511813424171,0.04730861589947155,0.03693312450375408,0.06005031090243351,0.0696610486655822,0.0410300434173434,0.05569868597988492,0.06401122226734102,0.09906283216847478,252087200,64568100,696108000,124426000,15066800,29826300,46722000,6059600,15796000,14655200
2020-03-27,-0.04140212729802395,-0.04106082946560419,-0.017532024098690147,-0.028325389436650084,-0.02694153735228111,-0.07123921436352776,-0.04817091383505889,-0.04579186675972968,0.025982090576633476,0.003678295837441947,204216800,57042300,638828000,107758000,12133200,30041500,51558600,5746500,16073100,16184400
2020-03-30,0.028537859504386143,0.07034027107602348,0.05088419482619444,0.03360354691971379,0.07997722021109532,0.026006687282433827,0.014884780011663157,0.059465121439505886,0.043841643705692546,0.06061632080111168,167976400,63420300,602252000,122522000,21754000,21656900,45835000,5725600,14571600,16373600
2020-03-31,-0.002040675229187161,-0.015726787354115035,-0.007492590132215149,-0.007245622950859176,-0.014134336512905854,-0.03711239055841742,0.012533507979391345,0.038760994280315764,-0.043477997815324576,-0.021909823313677856,197002000,77927200,949960000,102472000,15746100,23379300,41491600,8970800,21691000,18899200
2020-04-01,-0.05261702323185147,-0.03550831230128082,-0.07788334639524053,-0.02155179126735396,-0.017692298954811836,-0.06297883053749442,-0.01158845959106869,-0.04041695889035812,-0.006091302603419724,-0.09305114807640102,176218400,57969900,656912000,82438000,12606100,28029600,36045900,6847000,11095800,13691200
2020-04-02,0.01668664353601379,0.02070862728362055,0.051014100282856356,0.005834205106051371,0.03369290200787134,0.0373397303017855,0.0764723886402261,0.04840574153651067,0.046373341094755105,0.03766657259158568,165934000,49630700,675764000,86720000,11594500,24018000,62000200,8106500,9168800,9234400
2020-04-03,-0.014371547339427582,-0.009210244058948991,-0.045249847131173526,-0.0063788821910731874,0.0076607574441125426,-0.029557541481444405,-0.029455515544980937,-0.017731637602488193,0.00594409659108841,-0.02124074767654227,129880000,41243300,663212000,72198000,10071200,21199400,48425700,5036400,7768700,8755600
2020-04-06,0.08723778075843835,0.07436772160356231,0.10040587583493177,0.04772922477644714,0.04166327365555822,0.06436647103681015,0.032134527606132,0.050231151679138275,0.023722756361565178,0.05806699712822572,201820400,67111700,727884000,115464000,14994400,26820800,41301900,5785600,16848400,13267600
2020-04-07,-0.011582573716224398,-0.010770421022381349,-0.03491051199520978,0.007013456003121421,-0.01631354330030299,0.013190109708613118,0.019026373804796437,0.012372413626973389,-0.04278088898557686,-0.025670381059178293,202887200,62769000,784520000,102280000,11567100,22563800,48921800,8489900,14438400,10507200
2020-04-08,0.025594486917039028,0.010031234595274219,0.030575325933125175,0.015609461784076739,0.04204273267674363,0.04037989114043139,0.06328801414076346,0.0449474089331634,0.020661635628602903,0.02192634394830173,168895200,48318200,542444000,79546000,10758200,22903300,33355600,4686100,12564500,18290800
2020-04-09,0.007216259538973757,6.083739771711727e-05,-0.01498371732662207,-0.00011748445832981957,-0.01417021616759484,0.08971331237064573,-0.016419308214102424,-0.018602743188648296,-0.00382280646593669,0.05044987115244437,161834800,51385100,525564000,92930000,11125400,42055900,60107300,4752100,12747300,19587600
2020-04-13,0.01962762501433235,0.0022399974581588378,0.02624047597533119,0.0617350661426328,-0.010337836195025596,-0.044472384082688166,-0.008578825215901031,-0.08709909511882308,0.011250498513216911,-0.03697812628019004,131022800,41905300,398408000,134334000,8153200,26911900,29651900,10519600,7926700,10757200
2020-04-14,0.050503152727506384,0.04948363432514857,0.05225141144909018,0.052769449861283624,0.044787878896165756,-0.02739586093555635,-0.0077174493147488255,0.02050106906584981,0.04320822375449662,0.026120974795325935,194994800,52874300,530948000,161744000,13838000,46151300,30769000,7166300,10474200,11673200
2020-04-15,-0.009127266487218844,-0.010477674963679906,-0.010952659172948964,0.010668695718768717,0.011162088914983492,-0.04931953586978988,-0.04595830360453501,-0.042496662039206656,0.0021496978707549186,-0.021288916160819293,131154400,40940800,366148000,137332000,11962300,30118600,33125000,5652800,14192900,9990800
2020-04-16,0.007945437979678838,0.030020694202784526,0.049351965918131846,0.043554542393708484,0.013612188737434305,-0.0381098607414434,-0.03285571673640297,0.015153029786375338,0.002309797031244898,0.0010958080495191425,157125200,50479600,745620000,240764000,12181700,32449600,30934000,5926400,12020200,10331200
2020-04-17,-0.013568486277944714,0.008811601651523615,-0.008076018143055697,-0.013782136130354505,0.015701652746588524,0.08988869517757503,0.10395955051571226,0.03663427267715713,0.026255174030531236,0.036971702251447525,215250000,52765600,539120000,158600000,10920000,30191900,40829100,4132300,15899800,10952800
2020-04-20,-0.020756326129383607,-0.019820803782802376,-0.01802819370010411,0.007835757606907912,-0.0023026747707739492,-0.03645703698329694,-0.04720050428714739,-0.01461740245101295,-0.032801326953975085,-0.03512549104264362,130015200,36669600,449388000,115414000,12226200,23679400,39260800,4083800,10832000,8714400
2020-04-21,-0.030910639235406157,-0.041357205262999686,-0.06110458676261832,-0.02736033095931456,-0.013120514701376873,-0.02900434755831871,-0.005342388766121475,-0.04144862848193176,-0.00762841218942234,-0.00921683710474075,180991600,56203700,735160000,149534000,9951100,23035000,44381600,5743300,9465400,10622000
2020-04-22,0.028803664998626743,0.03396504827345592,0.06174201820729852,0.015192527091639096,0.022113959108958525,0.003256515541294691,0.028564323120977786,0.0071917459289096985,-0.0023395184261268964,0.049910721700547,116862400,34620200,483356000,84244000,11515600,16662400,27074200,3794000,10259400,11759600
2020-04-23,-0.0038755314402245666,-0.012102526450912032,-0.007478814263856881,0.015214823484082762,0.016471368741138637,0.0005595705288758968,0.031331651910961655,0.020516891040615715,0.006669001024791621,-0.024396086800379968,124814400,32790800,424160000,101332000,10665000,16638800,35271000,3545400,17277000,9360400
2020-04-24,0.02886955405750724,0.018259397784411213,0.019647323783236414,0.004488511186874211,-0.004179557276865364,0.01476659884335585,0.006444351686611727,0.010007990363356756,-0.00519303651986025,-0.005971502652671656,126161200,34277600,352328000,76498000,8653400,15809200,28653800,3045300,12751100,8029200
2020-04-27,0.0007069946135653815,-0.0028646026412044723,0.025864351063984437,-0.01419786171076054,-0.0036807122110167345,0.0431047220599432,0.004802034354054685,0.010172007191067367,-0.01119696816021698,0.01627019475237379,117087600,33194400,479388000,112912000,8924000,22870200,28274400,5344800,10635700,8457600
2020-04-28,-0.016209544584427693,-0.02436066456106889,-0.01925430756468116,-0.0260606110425593,-0.018796076266908712,0.007080874248123203,0.02344119232297248,0.0022568792181290043,-0.0047681733627682465,-0.017651833057576893,112004800,34392700,442904000,105388000,8558700,20238900,26545100,5604600,9958000,8464800
2020-04-29,0.03284532228662207,0.04487348512574707,0.024368585826499256,0.02533616474965794,-0.007596258769797082,0.026970202256310305,0.055370176537004046,0.03984053121493991,0.001625772487058308,-0.01742584097440314,137280800,51286600,379160000,91832000,9285200,20462600,29502500,4261100,8707900,9901600
2020-04-30,0.021096087445503287,0.010032192236681503,-0.020706419521212438,0.042689574239964,-0.0013307257061822009,-0.021459337733462647,-0.020859656213071398,-0.030651234060446564,0.006747426551166447,-0.017054451515211233,183064000,53875900,375916000,190692000,14829600,19127600,37076300,4040500,10026400,17934800
2020-05-01,-0.016099442027173616,-0.02589119508521376,-0.032503091731623246,-0.07597409237648922,-0.0116640614300062,-0.026211220709603578,-0.07165931325369657,-0.047259145116737455,-0.008907967186924104,-0.017609800594771463,240616800,39370500,342096000,195452000,7309000,18547700,35399300,3960400,7366400,9168000
2020-05-04,0.014148517129086047,0.024460003667282404,0.03009411129694417,0.013101236487597756,-0.00013442550598574687,-0.011903544680491929,0.04033387523032905,-0.028498992467997364,-0.008988331854700271,0.013388952541035115,133568000,30372900,317556000,97318000,7198400,15725900,27465600,4500700,5636000,9077200
2020-05-05,0.015009052710835968,0.010735589112992772,0.008411063223962678,0.0007815221854263754,0.008295499647078097,-0.0015194155928319741,-0.0011137731083500357,0.01104687577596053,0.0020730168043514574,4.354896556768573e-05,147751200,36839200,368896000,64850000,6562300,18064100,29276200,3477400,5425200,8042000
2020-05-06,0.010317626834620564,0.009847377681696301,0.013787532974891992,0.014436139090531874,-0.009498341454788894,-0.018804220691898244,-0.018737701515499583,-0.011385503452767454,-0.025084094170991666,-0.03233373683404139,142333600,32139300,323464000,62356000,6191600,20978000,22659000,4465300,7892200,7377600
2020-05-07,0.010344451642796848,0.005807326834885496,0.023775221326332696,0.006953694859791026,-0.003308966312123407,0.010412957344416274,0.005683213396684872,-0.003529340859792285,-0.008222723111671493,0.008173899644247307,115215200,28316000,373732000,67928000,5570500,16771900,22160300,4377900,8762800,8692000
2020-05-08,0.023801870490847588,0.0058821853454289474,0.025026860023668496,0.005068389389295991,0.007521046566226541,0.01633618194960107,0.0438516443127952,0.044925125979077496,0.03369888406682553,0.023387450407223787,133838400,30877800,339216000,64132000,4712100,20487800,19977400,3911300,9279900,11308800
2020-05-11,0.01573531072032086,0.01115446142076526,0.03238429188149694,0.012350743942999287,0.0027570302742510044,-0.029449995592676137,-0.009527808890879452,-0.031219406507196346,-0.0055197397113705415,-0.010229337416654438,145946400,30892700,469060000,65184000,5887500,31907600,22258000,4207300,6947500,7854400
2020-05-12,-0.011428314294457453,-0.022652022536889804,-0.032608122835507736,-0.021606420523622827,-0.013211727325815659,-0.03267751207094871,-0.016715114322504054,-0.033238120944869554,-0.006590754188199877,0.0024186634156335707,162301200,32038200,493060000,61498000,7039200,27962900,25439100,3874100,6734400,9565200
2020-05-13,-0.012074155669012487,-0.015122286639866367,-0.002883703507895574,0.004654320575239401,-6.795020008032449e-05,-0.0344708747078295,-0.049637318989423806,-0.0049523191159388524,-0.005499977774318765,0.009608346117123023,200622400,44711500,625852000,95658000,6970500,35451600,30827900,5376100,9312600,14076800
2020-05-14,0.006143502032152082,0.004339064287140815,0.03219779910133602,0.008838926123896362,0.0034664837564646334,0.04153274489931369,0.008823944615544255,0.016366903078212536,-0.0009653672761690268,0.009168938123783166,158929200,41873900,602312000,72962000,6871400,35152500,24856500,5542400,9310000,11595600
2020-05-15,-0.005911950681756872,0.014568358073525856,0.05731310132783407,0.008761547889003296,0.018964941363543764,-0.018510061062606886,-0.007091880999692157,0.016291313947558006,0.007029083788366863,-0.018860498112270974,166348400,46610400,987660000,84700000,10340400,26099000,22445600,6583100,10694800,20232400
2020-05-18,0.02356096880361802,0.009554670834698742,0.03056249232614472,0.006838841203809398,0.0005317958800226119,0.05296868801910648,0.07952370521347651,0.06578969455052053,0.013960575635478367,0.03335512744875846,135178400,35264500,774460000,87144000,7388400,30504400,32026100,5603500,10020800,9123200
2020-05-19,-0.00577828236405431,-0.006922606164535883,0.00631411594499709,0.009508426590011165,-0.00996536927666325,-0.019679455451480088,-0.030877843489552026,-0.025560906500918024,-0.03244144883505984,-0.021023517926767044,101729600,26799100,717320000,86410000,6107300,19597300,21771600,3404900,8047600,6532800
2020-05-20,0.019448127770294033,0.013870813716829078,0.018681618310392833,0.019846275173532213,-0.008992310047213459,0.0299990465241311,0.03254456837791486,0.03220921626157702,0.00747063307684237,0.009934945238425197,111504800,31261300,587536000,79962000,5713400,20552400,19352400,3735700,6593800,5847200
2020-05-21,-0.0074555742293609395,-0.012011127750629402,-0.021711579576699003,-0.02049693045417056,-0.006568155903640016,-0.012701262206833652,-0.01785324219977691,-0.014089675794839773,-0.014653609107338705,-0.01671033402789457,102688800,29119500,761068000,102288000,6487300,14621400,19130700,2342300,6552700,8308400
2020-05-22,0.006438480702264382,0.00043623073683862756,0.028603345738898334,-0.004029821100215103,-0.00912854847039346,-0.007763251462408527,0.0008975460459990092,-0.013939833011314073,0.008779699245998751,0.021625182951229727,81803200,20826900,1038764000,57342000,6140900,13557900,15406400,2735100,5571900,5990000
2020-05-26,-0.006773301667689746,-0.010571722493936231,-0.0341781227263761,-0.0061636144559754635,0.0013160923658666057,0.07097348983822149,0.029372417684425,0.04392276678207585,-0.0050622839951266485,0.00196715407558945,125522000,36073600,770780000,71364000,7072300,41233900,20356500,4185100,10432400,7658800
2020-05-27,0.004356826091141519,0.0013219227078486995,-0.022081426915786295,-0.004736042347035618,0.0022828402068839626,0.05792111965352853,0.007187725168973369,0.04267088462354218,0.016602670471868253,0.029106740212870852,112945200,39517100,1175892000,101138000,7950000,39402000,20788300,4462700,8279700,12343600
2020-05-28,0.0004401654152499379,-0.0022551643632438,-0.004486584992965503,-0.003854151605534595,0.014355488260096916,-0.014895789730992037,-0.02595174873478101,-0.013723254815487973,0.019053546588429615,0.042425213339722045,133560800,33810200,734896000,63804000,6189600,24713900,19698000,3743700,6586700,12416000
2020-05-29,-0.0009742584426678524,0.010198263163680332,0.04577596570609477,0.017187950901155657,0.012111407422336073,-0.025535847296264347,0.009547754058111924,-0.005052109142688277,-0.0012063574578189407,0.016709080285052247,153532400,42130400,745256000,70198000,8504000,26526400,25874700,4219000,7868000,15309600
2020-06-01,0.012297908664527846,-0.0022918518906711594,-0.007802351081422354,0.011738616181262485,-0.010487213563249331,0.013256802119225197,0.017813441902730265,0.0030800878050867286,0.011473445402036653,0.005862353716576063,80791200,22622400,389876000,58578000,6141800,15176800,19031000,2131300,5105600,6655600
2020-06-02,0.004629504848934429,0.011376777894212431,0.002157306741950471,0.0005543957444538172,0.0072016161872920925,0.003347022624141882,0.022256124809036937,0.023402455092406793,0.006908370206503367,0.003716112817827355,87642800,30794600,391320000,50598000,6078300,21195000,22319000,2977500,6327900,10640000
2020-06-03,0.005505465563137024,0.002433467646967058,-0.006317080882955128,0.002422733405640143,0.00269802575160627,0.05397721222256435,0.040794584213229124,0.030570888118375716,0.003981057868623461,0.011613217620919158,104491200,27311000,365440000,53420000,6339500,25941100,23418000,3712600,6171000,7303200
2020-06-04,-0.008612431680531607,-0.013163492185755188,0.00011418492215398146,-0.0071820481181339435,-0.012916058135370778,0.02081153799457125,-0.002843376610555781,0.014714170555035988,-0.020923136790550023,-0.029624659841008927,87560400,28761800,424280000,58974000,8170500,26784700,18731400,3076700,6895800,12012400
2020-06-05,0.02848073123107775,0.023398268979670567,0.01750966668031051,0.009103493113018724,0.003884711855095979,0.045001805252173455,0.08105921502348012,0.04776656053223727,0.01964678562007549,0.00988533836027039,137250400,39893600,481748000,66128000,9725400,42231000,41328900,5591900,7337800,12370800
2020-06-08,0.005912744005101667,0.006196426040805614,-0.012892239704562547,0.016536458949464095,-0.0035982990056044883,0.019958503123010507,0.03127342104225872,0.019242481424963653,0.006084800516258371,0.023979906398866824,95654400,33211600,387736000,79414000,7555600,24881800,33579400,4139200,6926700,8149200
2020-06-09,0.03157815563121669,0.007645028267100118,0.02737087936569349,0.030427139202305886,-0.005518720832388135,-0.025650085477395224,-0.022287157259771262,-0.025631923985711014,-0.005963927180605677,-0.006948692484870955,147712400,29783900,468488000,103520000,8247200,17031100,27276900,3819600,5563200,7990400
2020-06-10,0.025727088360921302,0.037091693834126804,0.035457671014900605,0.017913292558120908,0.012606109360077111,-0.040528252553022615,-0.05362480763770294,-0.013041364158836832,0.007520614134570058,-0.007267864418539882,166651600,43872300,632180000,98920000,10137100,24913300,31156800,4018700,6678200,6674400
2020-06-11,-0.04801016551927484,-0.05369831013908444,-0.06090706543003166,-0.03380230045218746,-0.04688777249385245,-0.08344331226406632,-0.08825259243069483,-0.08222581377643023,-0.024909888778747002,-0.03294543796606675,201662400,52854700,583652000,116002000,11913300,36259200,39183000,5969300,8937500,9718400
2020-06-12,0.008633307052708039,0.007891726755855144,0.0154897655371673,-0.005058743377937103,0.009086280713992423,0.027363414924457485,0.02143762829501994,0.013163411300172623,-0.005504946715980785,-0.005718028707029532,200146000,43373600,570908000,108722000,8687400,24856800,30978100,4492700,7998500,8356800
2020-06-15,0.01236729415519111,0.006391625908767962,0.02700815030742021,0.01086830941079775,-0.006330921749455709,0.01381813765749218,-0.0006357333136651766,0.003735078229875066,0.009254528476927426,0.0067230039673245034,138808800,32770200,400004000,77302000,8649600,22153600,27929300,4093100,8786000,8404400
2020-06-16,0.026502014653810413,0.024505186255778355,-0.011473071685341507,0.0165547312399128,0.022725412846849924,0.007999825828436391,0.022485920865737752,0.05258481053731434,0.012340487140040102,-0.0016093560665664253,165428800,42556700,535716000,71712000,7579100,22193600,26203400,6892400,8165200,8056800
2020-06-17,-0.0013917152680895661,0.003461391324212748,0.018470467711211525,0.009830663019560593,-0.0030457098675162886,-0.025279193039367764,-0.03257225279385223,-0.01444950852623239,-0.001693137383349197,0.0033444359018508507,114406400,25687800,408304000,59186000,5100100,15639800,19279400,3228100,6320800,6767600
2020-06-18,0.0003984297380732471,0.01070848484893272,-0.0019488647559758876,0.004922484646629588,-0.004235432375306547,-0.0054281982247672556,0.006219039514605118,-0.0049908733786326875,0.01144748552075292,-0.00028091702436094934,96820400,23061600,254408000,49756000,4797400,16591900,21478700,2467700,6274400,6386800
2020-06-19,-0.005714657956471858,-0.005959845535625119,0.004691972522895327,0.007923935918584757,0.0029284837632332916,-0.011421103939535104,-0.02003425463421582,-0.0010188592615739678,-0.0030182059084045143,-0.02699552369661573,264476000,44441100,524160000,115540000,12206900,40371200,48899900,6488000,17506200,14452800
2020-06-22,0.026163846434039906,0.027773477088790077,0.028667663703967783,0.014508287231048467,-0.0030592352712410786,-0.010837294230796046,0.009569466487005407,-0.013102141239479836,-0.009838478678636742,0.019941299532648005,135445200,32818900,398468000,64176000,5285600,16216900,17565400,2806300,5695600,7190800
2020-06-23,0.021344815512151838,0.0066810944775048675,-0.008056335085685817,0.018641697717608263,-0.003696110460541191,0.012196433112230176,0.006031909673435587,0.003656824535436032,-0.00016977842911936047,-0.015503391905973607,212155600,30917400,375108000,84634000,5921600,15381400,18916600,2357100,5340400,9306000
2020-06-24,-0.01765222704844327,-0.02015747722929262,-0.022698216775534075,-0.010855867894827953,-0.02127961405050116,-0.03339149652982498,-0.047109120634921675,-0.033188152875870514,-0.01112724300711787,-0.006332235377840778,192623200,36740600,449372000,90532000,8211200,22919800,27626900,3766500,6547800,6901200
2020-06-25,0.013275602392548436,0.012636624221514792,0.027556724345932926,0.007380066387785211,-0.0010727684686397954,0.03486176704229704,0.015055822348354342,0.021710647517825477,0.012626721876949132,-0.010385923239073613,137522400,27803900,376072000,59374000,7421200,25743600,19353600,2903400,5489300,7824800
2020-06-26,-0.03072582961419834,-0.02001620253841896,-0.03530039873015356,-0.02240276315369638,-0.01331727420272144,-0.05481834535056007,-0.034314432883267965,-0.018603138144937303,-0.022563214671622145,-0.012293040476302308,205256800,54675800,592084000,130016000,12849700,41896300,31518600,3645800,23201700,10107200
2020-06-29,0.023046893782516786,0.010747165550567761,0.004915007731795873,-0.004638148068063508,0.008925146544631835,0.004428336765855967,0.016047365783432355,0.023367874733142724,0.0210880419525572,0.008551264257904867,130646000,26701600,342248000,84468000,5309800,18499700,17052100,2798700,6866900,5793200
2020-06-30,0.008347415245509193,0.0255492639969761,0.03236453499135705,0.029264486024190406,0.011435561911087522,0.011397707493363995,0.009025483693009484,0.00998014997420027,0.016233194786811955,0.008101206092460789,140223200,34310300,367892000,75394000,7738300,19137000,22153600,2778800,7818000,9532400
2020-07-01,-0.0018912331165593654,0.005847426053149363,0.003395382191561991,0.043453386195574595,-0.001777313871437869,-0.008505078058197446,-0.02258516899600349,-0.0034782380692097714,0.00342905426911555,0.025357001470780238,110737200,32061200,326648000,127268000,6174800,18755700,17290100,2807800,6501200,6024400
2020-07-02,0.0,0.0076212020822588045,0.008630723358999948,0.004029609482701257,0.004202655763460905,0.003248195636721629,0.008465051400640133,0.013168242852347856,0.007501163443079717,0.0005685088873474964,114041600,29315800,364056000,131868000,5152200,27845600,18216600,2527500,6150900,5981200
2020-07-06,0.02675005321645796,0.02152598667185157,0.023615861997428933,0.05768955229869066,0.01425848417696951,0.025253574665223155,0.007032632489019086,0.013388640890670711,0.006204549728100028,0.0022727434745264397,118655600,31897600,315892000,137612000,6156400,18625300,22692000,2491900,6023300,6256800
2020-07-07,-0.0031028222340202527,-0.011627920182320506,0.0033026258501271943,-0.018619371729473477,-0.0009092383497989465,-0.028210767509516566,-0.02590678538414748,-0.017229516416915613,0.004850671465715495,-0.0009717537884771366,112424400,33600700,357800000,105150000,5622600,25757200,17407600,2018100,6866300,6017200
2020-07-08,0.02329017280515666,0.021992788621741255,0.034872629168646974,0.026995584181255694,0.0029400266192856073,0.010615486435340049,-0.0023127557374132968,0.0073116102318147025,0.005482248139070833,0.02654821905641369,117092000,33600000,365480000,100752000,6257400,18762200,18291400,2279500,6494100,9633600
2020-07-09,0.004300342585168426,0.007001026573379532,0.028680488293073347,0.032949191382365184,-0.005444017305911264,-0.021650624868500556,-0.04126071244238305,-0.018731057384033356,-0.00333648507117823,-0.005053931144720192,125642800,33121700,494548000,127774000,5738600,25600800,25882000,2663500,5341000,6818800
2020-07-10,0.0017492885539971414,-0.003032927136804253,-0.002830825274343751,0.005457748808544549,-0.0008423073776677725,0.05466714947633711,0.03118932590367063,0.018134021241295928,0.011511959766143498,0.030199689826735154,90257200,26177600,497676000,109720000,4282400,28954200,18951000,2691400,6752600,10079200
2020-07-13,-0.004613425906584312,-0.030888831965109498,-0.04074720590366332,-0.030000019073486373,0.019948032795432225,0.01433440478450998,0.0002344069526756254,0.019998598142172863,0.0012914785437874166,-0.0129430141327459,191649200,38135600,457076000,154408000,6951900,32079200,20028300,3708400,7681500,9600800
2020-07-14,0.01654846608075511,0.006181627684817004,0.03230637180546592,-0.006443299095769239,0.01866261620292442,0.005734867814951139,0.03305201652040157,0.04832664309303336,0.008383783058681482,0.024625255239775212,170989200,37591800,542676000,144638000,7447100,42731700,21444100,6540800,6272100,12154400
2020-07-15,0.006877491564645455,-0.0014881353440566736,-0.01443099109280499,-0.02436122126125273,0.0022983515665910836,0.015477105409023917,0.012707115322329043,0.010812272793585986,-0.004716641322217829,-0.013521199195893896,153198000,32179400,403984000,115778000,8512800,22508400,17332400,4915200,8145000,8444800
2020-07-16,-0.012305089679049752,-0.019803616291869997,-0.009044727389491358,-0.002981196241378159,0.006677489430300554,0.002807541434664662,-0.007842104670530259,0.0014453776161202914,0.0020885105427266293,0.03621614068336765,110577600,29940700,344964000,127884000,9304700,16886900,14673700,3621500,3959300,10142000
2020-07-17,-0.0020201740625476194,-0.005100156528923927,0.00658648068685741,-0.01264375276193297,0.0006700318208734402,-0.018498181776421263,-0.017163283959692133,-0.0045807349861068936,0.006973092555608629,0.026082480145787956,92186800,31635300,266284000,95226000,7441100,16137700,17958900,2458200,4868600,12461600
2020-07-20,0.021073841729942533,0.0429812012285824,0.030314018781002927,0.07929519957328535,0.0016741358699918774,-0.008761429524319575,-0.02343774808245791,-0.0165814921819899,-0.003104309492748092,-0.0038131299798740415,90318000,36884800,284852000,151964000,6191500,14458100,18553900,2478000,4242100,6368800
2020-07-21,-0.013801421100362199,-0.013469090503355985,-0.017339354428042686,-0.018314900474015072,0.000935968127822262,0.02168570283182114,0.050588210682568135,0.009210709719870813,-0.0013572649933282221,0.00729086061254014,103433200,37990400,277036000,122426000,5575900,17798100,28821800,3221100,5162300,5958400
2020-07-22,0.002808860657262935,0.014371400988452132,0.010674328434204572,-0.012229630062539742,0.001802869542708363,-0.0072427959875388526,-0.023292190974538385,0.00816947221879305,0.008555206756192923,0.014801373767273418,89001600,49605700,367292000,82084000,5910200,14271200,21345400,2156800,5929200,6368000
2020-07-23,-0.045516238166561584,-0.04349457286855407,-0.029601034791860492,-0.036568799201794455,-0.0026660761997550075,0.002938580835492255,0.0020634432056176877,-0.002774488119236529,0.006469830669106003,0.0019612950600469414,197004400,67457000,411660000,113138000,6566300,12870200,17934400,1613700,6664800,8150000
2020-07-24,-0.002477389263501162,-0.0061223489997269676,0.006391832781961426,0.007486874288995304,-0.009959682895774313,-0.007072303794346868,-0.006178356534604967,0.00717456127752758,-0.001585214714828087,-0.0025626925640444,185438800,39827000,473292000,112648000,5405900,12744200,16415300,2036300,6014200,7716000
2020-07-27,0.023700335841931652,0.01266754694738026,0.0222668732121718,0.015387648743417026,-0.00634610889255971,-0.014041335134275412,0.014736280886203934,0.01679024838425036,0.0028579583122958496,-0.00934898538946427,121214000,30160900,292132000,83410000,5675200,11959100,18547900,2506900,6464600,8909200
2020-07-28,-0.01642736628580488,-0.008976996607596321,-0.01976684152618724,-0.017962780502695397,-0.002377913044284141,0.004334305379247283,-0.011799370247057128,-0.013296082225034866,0.012349536672991546,0.008680680622991988,103625600,23251400,271636000,62534000,4842200,11754300,19190500,2029900,7644400,6547600
2020-07-29,0.0191682947937597,0.010097966358853183,0.02447251921939575,0.011065474265779418,-0.0019755996640835605,0.0242498464441252,0.011021895890804823,0.018111740315458924,0.0033626124003844904,0.00499913521053208,90329200,19632600,284508000,59482000,4489100,12743500,14143200,2338300,6702000,5381600
2020-07-30,0.012099952882988152,-0.0007842575616907599,0.014189645047210986,0.006049030252796905,0.0020477526884385977,-0.026685203017369874,-0.04905749207786325,-0.0270404647958139,0.02423828767913183,0.0031980483828328854,158130000,25079600,308880000,122566000,5922500,14834800,29901100,3063500,10400700,4235200
2020-07-31,0.10468867540674043,0.005444118318055802,7.076920081106053e-05,0.036960821567137314,-0.007355167745333735,-0.00391659914740472,0.005015748795715869,-0.028157530589160706,-0.0022828163869261786,-0.005808517512312594,374336800,51044000,386080000,161710000,8259600,14535000,32116200,6780900,8487000,8030400
2020-08-03,0.02519760639155333,0.056241060707701296,0.037259285681897625,-0.01668096589563972,0.010908769389281092,-0.005587864319581581,0.004039699289286158,-0.008278272015140975,0.0012965579615249467,-0.011079645730392551,308151200,78983000,412720000,101494000,4078700,12962800,23033600,2851100,7769400,8624400
2020-08-04,0.0066783976808022505,-0.015008872083605462,0.01975456491784433,0.008657119256458845,-0.0008825129997993564,-0.005723177463752505,0.028876057626997298,-0.001972931778288056,0.019041821269868864,0.026874360563136745,173071600,49280100,310336000,93886000,4162200,13366200,17724000,2301800,7773700,9142400
2020-08-05,0.0036244973200674213,-0.0016409496057195883,0.0052544735891859595,0.021090645909052075,0.008014972593324288,0.017373149162916324,0.008741213267685177,0.026231678489425425,-0.002615901732291648,-0.00445545098125355,121776800,28806400,249924000,78330000,5467500,15260900,17175100,2767800,5680000,6381600
2020-08-06,0.034889286142634424,0.016013868962398092,0.004319371528009208,0.0062308600392182445,-0.005727533566197374,0.00030818072359783955,-0.004788938069870352,-0.004297356102459515,-0.005470826774526483,-0.003418410252620019,202428800,32656800,244316000,78812000,4837900,10482100,14434900,2446400,3974100,4588000
2020-08-07,-0.02273588326256426,-0.017887608476724104,-0.011997384862846738,-0.017841853651889505,0.00711597005743303,0.022007711250865203,-0.004582893064462912,0.003943665935320473,0.006329649630721246,0.0175738271882806,198045600,27820400,342516000,78722000,3635100,14743700,18757900,2223700,4934900,4368800
2020-08-10,0.014535092001111138,-0.019907756518772635,-0.0030809218740240896,-0.006093187166982039,-0.0038356488057564864,0.012678608040330497,0.024631750107869665,0.052624386979405635,0.004118359712960817,-0.01438609275473346,212403600,36716500,427796000,63346000,4096600,14989900,24367800,5181600,5812700,7240000
2020-08-11,-0.029739954906359944,-0.023385425723340125,-0.02821310757613693,-0.021437993092404684,-0.007160870915180362,0.03159788376382,0.010334623284053768,0.0035905035620915626,-0.006487778451465198,-0.02062439554751405,187902400,36446500,354512000,74362000,6388400,31518600,28987500,4206000,5329900,6825200
2020-08-12,0.03323441293842344,0.028567376740987305,0.05440102823591997,0.026478049605839216,0.01830310599239815,-0.008476319625644435,-0.00022671936011420257,0.00028073533705708087,0.016738075678260467,0.024478842613455676,165598000,28013100,464412000,70442000,5257300,19240800,22503200,2541200,5920400,6124400
2020-08-13,0.017697397748927646,-0.0023425079400327675,0.00024021638879667684,-0.0003858318082136103,-0.011091524892470117,-0.005537251074314797,-0.024495435029098678,-0.013326745207078994,0.0023621592410076886,-0.0006681206882749313,210082000,22588900,374460000,62980000,5155500,13598600,17338700,2939900,4989500,3680000
2020-08-14,-0.0008912713714347431,0.0009583738006377907,0.010574341367695528,-0.004112558082955964,0.0016215977792339853,0.0003907096072683913,0.0044177184243801015,-0.005047199349251796,-0.005007919339529154,-0.013712755254014275,165565200,17958900,366436000,55034000,4240200,12134400,13595700,2038500,5845200,4912800
2020-08-17,-0.002610876234637294,0.006606203412020228,0.06684539745465834,0.010924312234330102,0.005059296397378565,-0.02636456742129556,-0.01296287297779719,-0.008859702617445842,0.0029605670233954218,0.008876945189530527,119561600,20184800,621300000,53824000,4306900,14988000,15554600,2284000,5603800,4801200
2020-08-18,0.008332943243103408,0.0057541463969730255,-0.006180536251451985,0.04087466955935781,0.007383091538492481,-0.013940548475550596,-0.004925126825988668,-0.0025232312963441306,0.007454031239008119,0.00021196170775628076,105633600,21336200,503448000,106920000,4322600,13246500,13014000,1563200,8670700,4764800
2020-08-19,0.001254601250936238,-0.0060671437107853166,-0.009970991238058335,-0.015701145907449088,0.0019986091295114417,0.002339344612551919,-0.011076886446195089,-0.0025293090604098234,-0.005420970865649077,-0.0025081633124541813,145538000,27627600,622624000,83702000,7816300,13533000,14473100,1849500,6827700,5481600
2020-08-20,0.022189632090020117,0.023271616635573533,0.0002060602850095794,0.011314270642265756,0.006849190012162332,-0.01197341467263957,-0.015252546401227085,-0.003912544448082866,0.007954758081836655,-0.0008146880381115773,126907200,26981500,921388000,66650000,4874700,13672600,15678500,2279700,4352200,3631200
2020-08-21,0.05153241164203526,-0.007269968384025494,0.04468325034035492,-0.0038364352508537536,0.008849285227090498,-0.0005136909672958101,-0.007502880739230666,0.006909920935792568,0.004310970819421778,0.0010635458799648223,338054800,36249300,999868000,71518000,6722800,12228300,25517700,2524600,5706600,5685600
2020-08-24,0.011960318313695373,0.0031450064785729648,0.0028974348354411372,0.006923017605080961,0.002635940239187562,0.02815464306299509,0.029505373988437666,0.023478128143000987,0.007785610114119823,0.000779076293005776,345937600,25460100,490564000,93326000,5387900,17898300,18208900,2921700,7420500,3548800
2020-08-25,-0.008203866602319643,0.013009688435049682,0.0023386478539753064,0.011800549645987202,-0.0005914984074998353,0.004397288077614414,-0.03173857438595096,-0.0037412236961128498,0.003970756501925576,-0.004670511162559232,211495600,23043700,289076000,79856000,3863500,13648900,31285600,2467500,4718300,4051600
2020-08-26,0.013599067628947248,0.02161940938152851,0.0018038723366315956,0.0284955613728457,0.0015782240494865984,-0.014029694577315066,-0.021281940094309504,0.00481766523102567,-0.004818273615445734,-0.008211577580038987,163022400,39600800,321244000,130174000,8008300,12052400,26795000,2379900,4746200,5238800
2020-08-27,-0.011954161394507112,0.02455332374340924,-0.011332111342044926,-0.01215915158498826,0.004465147170871653,0.03289925394263715,-0.006748247917783168,0.010858200937903018,-0.0013005047348022547,0.004610847500437387,155552400,57602200,317604000,85296000,5575400,22163900,32034300,3010300,6156100,4555600
2020-08-28,-0.0016198731544830869,0.010283516986127506,0.04113784231557127,0.0005293902228860059,0.00431415833765203,0.004103766433011691,0.023905192912553108,0.0018134990510336735,0.004051779695054991,0.002402217970365106,187630000,26292900,537160000,57940000,5395700,13756700,33477100,3698700,4166300,4618400
2020-08-31,0.033912089181394656,-0.014765696965062247,0.017246286830123525,0.014451219151166761,-0.0014969346571814812,-0.025104725658146698,-0.018431871888620832,-0.009190608833314462,-0.0031705286561760637,-0.00135883030164341,225702700,28774200,500840000,83718000,6362700,14219400,25259600,2886500,5596800,6013600
2020-09-01,0.03983274589030983,0.007715274280015283,0.033693514471552,0.01395547583299983,-0.012319673243483598,-0.0004992323809910326,-0.012769030009539994,0.02628091023888235,-0.0010846112413164244,-0.007307514436607043,151948100,25725500,511316000,68644000,6307700,11595600,22464100,2673900,5671800,5729600
2020-09-02,-0.02071849040510132,0.019272329009459188,0.03802186892487569,0.009239471142122424,0.015245220029679318,0.015079007855039794,-0.0060868565143707976,0.022047005250960483,0.016862036731589702,0.04016178104511292,200119000,34080800,874012000,78630000,6881900,14475700,26413400,4515500,8384800,9754400
2020-09-03,-0.0800610207709862,-0.06194701451815421,-0.09277522411231542,-0.04628410915968095,-0.02782296236088322,-0.0031482476083245503,-0.002041176224852337,-0.01681512098634952,-0.016013169561507556,-0.026608036077358066,257599600,58400300,945128000,163222000,8672800,23281200,28817200,4479100,7277900,7855200
2020-09-04,0.0006618338520618661,-0.014035849880985163,-0.03019489560904076,-0.021787358799564616,-0.006419320280684038,0.021612764900020398,-0.0007670596873241564,0.00967574942537719,-0.0021697555630916243,-0.011654327815581178,332607200,59664100,1463684000,175636000,7200100,26325500,24632500,5129400,7437700,7247600
2020-09-08,-0.0672948503244375,-0.05409556537080429,-0.05620911397021178,-0.04394435952982134,-0.00895062547195824,-0.034775939310391135,-0.023029698091391326,0.002294466482422708,-0.014641854959299705,0.0021277656507614484,231366600,52924300,795728000,121884000,8756800,22108600,38496400,4775200,6847500,7158000
2020-09-09,0.039886521978736766,0.042583606040393907,0.06732152588927809,0.03770662418145765,0.01656913403957394,0.009507713034254461,-0.0060243266629698144,0.02807725807232675,0.016257300202329628,0.016048516151720982,176940500,45679000,736200000,103774000,6960700,13434000,25886100,5345100,6002900,4781600
2020-09-10,-0.03264595908540002,-0.02801839940094697,-0.031714701450917815,-0.02860545100214451,-0.018637192990540674,-0.01031038050590416,-0.02503261415704139,-0.018534483854806383,-0.0104959293747382,-0.019336384965233266,182274400,35461500,698684000,106614000,6191800,15922800,34381200,4387000,5242500,4362800
2020-09-11,-0.013128695438952231,-0.006524935577071012,-0.011959816681772262,-0.018547317429499666,0.005922140535436826,0.01242104453333348,-0.002702761198932757,0.02649151811993211,0.010534058915427691,0.0044777967060547486,180860300,33620100,636928000,101880000,3934700,13784300,26838600,3237100,4398000,3932800
2020-09-14,0.0299998739456957,0.00676372234356637,0.05818141755971307,-0.004251985314208007,0.0038568538942100883,0.013851855591566764,-0.006504321767740295,-0.0020801365670624072,0.00354693845029308,0.013553671110462906,140150100,30375800,1201744000,90592000,4375800,19017400,26129900,2569300,4767400,3916400
2020-09-15,0.0015603811409412582,0.01640623989199419,0.00922538662671557,0.017132004407634627,0.0036400168637704677,-0.031131121307485188,-0.010638130801474799,-0.03198493522330792,0.0,0.048879535169122246,184642000,21823900,727556000,80430000,3658800,23683000,23724200,4092400,4046500,10827600
2020-09-16,-0.02951348169951651,-0.017865530217855752,-0.036679318050548027,-0.024723344317983953,-0.003290786660175349,0.004230577700018001,0.04245939578174429,0.016891045152236384,-0.006708321232044234,-0.051910713596022506,154679000,26328100,556384000,90244000,4323000,19270600,30890900,3302000,6049900,19501600
2020-09-17,-0.01596375523874105,-0.010436522029596329,-0.004075148200236467,-0.02253666798925036,-0.008288578256034906,-0.011434483371153936,-0.00026449857624444295,0.018264832019878607,-0.0013070843123680342,-0.002960809959194677,178011000,34011300,792512000,128982000,5461400,18290100,24696200,4487000,4648500,9385600
2020-09-18,-0.03172012341558783,-0.012419399429428601,-0.022004495149186898,-0.01788790878106783,0.013657359895160148,-0.0021305636746854484,-0.016137929659864825,-0.009618719586613311,-0.0010908732505171548,-0.00930141944010221,287104900,55225300,698460000,177852000,12174000,20121600,46853800,5113500,10192800,14386000
2020-09-21,0.03032577702058603,0.010729173541058401,0.02690878430343413,0.001881613182508124,-0.027349078714480002,-0.030910059348305263,-0.020435237533643735,-0.046328503207576976,-0.004804514432213747,-0.00260024750217025,195713800,39839700,721044000,122358000,7574500,28378800,35351800,4278200,7092600,7558800
2020-09-22,0.01571590037796855,0.024093893946983247,0.009626956578889123,0.05692335984779917,-0.006133669075009229,-0.010911755896640396,-0.024704930528276492,0.012523174768101386,0.009143285593409267,0.006734337918538946,183055400,33517100,646452000,138976000,5295900,19257000,27303200,2579500,4722800,7192800
2020-09-23,-0.041945977281770186,-0.03292838273742882,-0.04067188784883746,-0.04126889165142078,0.00159475912010687,-0.016229900258688423,-0.03208564636744726,-0.018824175975474366,-0.011959951621506315,-0.017082551028472892,150718700,30803800,647012000,113054000,8784400,19952700,31251400,2420100,6373700,5855200
2020-09-24,0.0102687323236621,0.012961865479162782,0.018496789841046857,0.006643681788120581,0.0015924635858204361,-0.0008625607238400557,-0.0020356163624781765,0.0052635191651524416,0.004475130633338598,0.015476555055246921,167743300,31202500,731240000,110588000,5614800,18366500,26796000,2138800,5708200,7478400
2020-09-25,0.0375160190600905,0.022786631139220415,0.04257781999658983,0.02494874307344297,0.006843195854512096,0.008741676587487479,0.009324242014427275,0.005305521126989898,0.005112394838191259,0.015421304994758023,149981400,29437300,588016000,92304000,5531200,13293100,23486000,1848900,4969900,5456800
2020-09-28,0.023868867749362144,0.007795138766579779,0.012525613903320076,0.025498115680328004,0.009954814819289393,0.028779287632479722,0.01934163412510337,0.012130777459511632,0.002833831182200486,0.00823234020145569,137672400,32004900,573808000,84484000,5843200,20894100,23396500,2212700,5810800,6918400
2020-09-29,-0.007567810677080344,-0.01040863771421352,0.014633665216242875,-0.009190126805558863,-0.0003400344747706008,-0.008423590758767752,-0.02917028275180067,-0.0018282520038234162,-0.005434309451996744,-0.0035898791315399636,99382200,24221900,621460000,69916000,6768600,12848200,20770500,1605600,4492100,7094000
2020-09-30,0.015075732712151124,0.014812358896871158,0.02304202227686969,0.0012241460404771587,0.012375840712327557,0.009648844618531882,0.0014587467578028868,0.01180404301329463,0.012603867290561954,-0.01963825429671806,142675200,33829100,689184000,97922000,8487700,16400600,22223700,3642800,8727800,23238400
2020-10-01,0.008462127263361374,0.010126710808526118,0.006208314860413955,0.023034752317315554,-0.010477925358131412,0.007270932344665804,-0.03495478509202066,-0.01635933161758185,0.0017988100093326853,0.01873438987874998,116120400,27158400,525004000,99438000,6457800,15778700,36890200,2157400,5713400,10018400
2020-10-02,-0.032280152991243094,-0.0295113910579341,-0.04056345268149919,-0.02988273802333874,-0.007331526741616856,0.009487378837755633,-0.004527717034276679,0.022016059929327758,-0.0080436768600195,-0.005622751953343164,144712000,33154800,552496000,112262000,5485600,15149600,32694300,3220500,6077900,8306000
2020-10-05,0.030791061294952904,0.020321104164008785,0.044421862694596026,0.0237440429687501,0.013608113737108907,0.021136466268513177,0.023044212836678124,0.023676010005613035,0.009194910885352847,0.023971338992372138,106243800,21331600,479820000,75506000,4992800,13871900,22965200,2597700,6333900,6599200
2020-10-06,-0.028669538622787316,-0.02124726668865895,0.006890290907188845,-0.03102028886576813,-0.013290373638459752,-0.010298916806907754,-0.010373250073188234,-0.012769706186652185,0.0015782753861017795,0.008231419758833347,161498200,28554300,784420000,101738000,5118200,19220400,26731800,2559800,6042900,7288400
2020-10-07,0.016967096204222765,0.01903741797884151,0.016561502497679514,0.030881037106998743,0.011076093865789671,0.017445573863153374,0.003294272417865729,0.021382056689836837,0.007807575466773686,0.023563478251020564,96849000,25681100,418084000,86188000,5603100,16358500,23779300,2334200,4640900,10130400
2020-10-08,-0.0009557500603520896,0.0035743078798138317,-0.008969326850416848,-0.0016084400175445657,0.0068298997595914734,0.020555577476534248,0.05253734412938171,0.012211608538668317,0.006751808399833692,0.013193374938178515,83477200,19925800,378900000,63482000,4413500,15659000,34413700,1842900,4569800,5694400
2020-10-09,0.017395901263065783,0.02483612495388199,-0.005491946778348411,0.030120249141207367,0.013970182461248815,-0.005698570799672509,-0.014747400521535226,0.014553980895872565,0.008965646133973992,0.006212000571133913,100506900,26458000,346892000,98158000,5054100,13689100,29228600,4084200,6551700,6472000
2020-10-12,0.0635205042292688,0.025902482844526453,0.033660082928302026,0.04754990740220588,0.0057627028156777005,0.012252771579798427,-0.0031664609525284826,0.023090285209753203,0.010985412540607697,0.00911154626192845,240226800,40461400,434744000,167284000,7273200,16058000,17912800,4279800,5791500,5816400
2020-10-13,-0.026527329415805045,0.006594552236408147,0.0015639154450133308,0.00020333647320058823,-0.022918853288927177,-0.016204573089371288,-0.011839579516393806,-0.0030132493890077106,-0.0019377476601745158,-0.013740295529914737,262330500,28950800,344604000,114894000,11057600,21697300,20995100,3319000,4509400,8596800
2020-10-14,0.0007433398960372539,-0.008974444847345553,-0.010738167800454779,-0.023208080547411636,-0.001752333053594235,-0.0055567800137620305,-0.0020455905321110635,0.009190683910476505,-0.0011788685550708777,-0.002753213440797042,150712000,23421700,276100000,116254000,7706400,15204100,17743000,4087100,3860700,5501200
2020-10-15,-0.003960779615838184,-0.005433155107956944,-0.008886076530092213,-0.007450142689235051,-0.006144704268283285,0.01496718914632833,0.008784895665705061,0.008740240895027673,-0.0014581527718936504,-0.007251239189361436,112559200,22733100,267224000,104468000,5978600,17171200,23251600,2958500,4997100,5739200
2020-10-16,-0.014000667444138637,0.0,-0.01134557005034087,-0.019750480983333984,0.0061826951012615705,-0.0020645254072410024,-0.010159872465155595,0.022479403129879172,0.0038934004957511537,0.023922945642698368,115393800,26057900,242392000,129488000,6097000,13275000,22627200,5569000,6806100,7449600
2020-10-19,-0.02554172665459431,-0.024765583766605648,-0.022716677511638306,-0.020013957457728493,-0.025523182736270855,-0.016845523073049762,-0.019941342127474893,-0.007229615038831905,-0.01717585646108577,-0.0197972922164813,120639300,27625800,298068000,104472000,7250800,11725700,23645800,2757700,6427600,7710400
2020-10-20,0.013191590773406592,0.0020071215746031434,0.010946295852177768,0.003055554339711275,0.0015931775347031163,0.005711269580018996,0.008378443064189334,0.008714811238716313,0.004017022844979401,0.0048071540730545426,124423700,22753500,229212000,90194000,5325400,11257100,23040600,3007100,7582100,6003200
2020-10-21,-0.00544618029830346,0.0006987648210428077,-0.008849055016544205,-0.009968886774915697,-0.004288911625216163,-0.009963127160233953,-0.01602400260915038,-0.009408999762522074,0.005404285938141573,-0.010996843639118126,89946000,22724900,219596000,91854000,5221300,10730500,28619300,2502000,5649700,7796000
2020-10-22,-0.009583392196149565,0.0004190402215638045,-0.0121074479243658,-0.0026812857408547996,0.007989980856471401,0.03532244030978782,0.05126685631791972,0.013500719856180066,-0.007082863224183056,0.015418883505140535,101988000,22351500,290480000,84240000,5279700,14837200,31831500,2356800,4502900,8463600
2020-10-23,-0.006133624906048851,0.006235796387617842,0.01715811145219126,0.008814971867029398,0.001102850514386633,0.009039666233424004,-0.02008055384113072,-0.00023703763853188953,0.006574768361405026,0.0026466606175274965,82572600,18879600,233484000,69334000,4154400,15087600,27429100,2857300,4278100,5617200
2020-10-26,8.672441476353931e-05,-0.02844192805524537,-0.033038474863381184,0.0008238907949942309,-0.008744020337365543,-0.02475668823877819,-0.023711854456837655,-0.03197103911699961,-0.007585290108152787,-0.0013858404244033729,111850700,37111600,336896000,118024000,6929500,12410700,30888700,4506600,5315500,5707600
2020-10-27,0.013472342151050754,0.015089404002857743,0.01944253545890584,0.024723687101579017,-0.005695868863247688,-0.018866002840458584,-0.01589208912152973,-0.03241401711570657,0.00750185710736706,0.001552886476337001,92276800,36700300,250520000,85820000,4890100,10391700,27100700,4857900,6806700,4834200
2020-10-28,-0.04631213154276459,-0.04956614918098079,-0.05745782968902424,-0.037595069983728635,-0.03346127117376174,-0.028088037840995117,-0.038086428870397704,-0.04274611454024624,-0.03301504626114926,-0.01741845286653043,143937800,51195600,376520000,111766000,8426100,16389500,42136400,5645100,8192200,7508900
2020-10-29,0.03705037579803916,0.010064996477286536,0.03144073045039519,0.015249235849637444,-0.008456060372685537,0.006525541040156124,0.04434596456600581,0.023220679660948873,-0.0006538279396192115,-0.006043557396539945,146129200,31432600,320080000,131930000,7205400,14208800,38622800,3867200,5476900,7753100
2020-10-30,-0.05601799814811359,-0.010990579370135922,-0.037623094073159224,-0.0544564552314909,-0.0005832025729411994,0.008953480752470266,-0.010615798371261143,0.015387648198197823,-0.003416207818261463,-0.010809429445571284,190272600,36953700,416820000,167728000,7364100,15194500,47885700,4373500,6422000,8790500
2020-11-02,-0.0008267754489408308,-0.0006913613782708605,0.0037299510266961544,-0.010430948040659138,0.011523576403689173,0.02254201236531861,0.041998775561995494,0.03960492204104238,0.010211420247673297,0.026225812791487613,122866900,30842200,299652000,145148000,7088000,15011600,40130300,4072400,6682800,9233600
2020-11-03,0.015353611513102994,0.020263997090435026,0.03487466207857426,0.014621516534147005,-0.0013701970065030933,0.03152109706231787,-0.017063908135583894,0.02707175529085193,0.019638642780112736,0.011846314717866013,107624400,27512000,272900000,97958000,6363000,17482600,36773000,4843600,6244200,6887900
2020-11-04,0.040836417763448374,0.048248773104675236,0.05950682669737262,0.06322966294024535,0.006498385997279588,-0.0305578791864628,-0.0053874853702303716,-0.07430344894667495,-0.004106380547985178,-0.03551711653800271,138235500,42311800,410228000,136780000,10263500,18886500,35410100,9081700,5820600,12128800
2020-11-05,0.035493837163784514,0.03188677267938589,0.026514706803236088,0.024941733698923496,0.0025823319914077825,0.04089747292425039,-0.001805650928068947,0.05063441934960089,0.01237159718832026,0.019503527268805332,126387100,36080100,319028000,115786000,8016200,17837400,30824100,4821600,5673100,8644100
2020-11-06,-0.0011360808157324653,0.001925664188084042,0.028389918588220153,-0.003199936061909714,0.017816085151648453,-0.013320491122974731,-0.01175771180866858,-0.011037360195083834,0.0059699902796599424,0.01297673255752052,114457900,25231900,383348000,92946000,5942500,12552800,33985600,2983000,4702300,6076100
2020-11-09,-0.019968049853627767,-0.02382433318143906,-0.06395077940168414,-0.05062255447737596,0.026924605006967806,0.13539225365742702,0.12660168831162255,0.059086550261147286,-0.036584557549202756,-0.0027734189186888747,154515300,44395000,582976000,143808000,12351600,47792400,76879400,5969600,12664700,12864500
2020-11-10,-0.0030090345079755165,-0.03379280438040999,-0.06314759401093906,-0.03458294580536425,0.015060328593915706,-0.0032506788750608084,0.022185305593596327,0.008664039765227338,0.016450281169148262,0.006356775302923001,138023400,44045100,644068000,131820000,7386500,20539300,49055400,3499100,7854000,8649200
2020-11-11,0.030352720294727797,0.02625474221713775,0.05074390064395362,0.03372959332756431,-0.0032371504673253115,-0.014933077589916466,-0.010309248586476305,-0.016482882362754858,0.01290492716490621,0.02039723056011722,112295000,29440800,404744000,87338000,6382400,14443400,34124500,2345500,5554300,6903300
2020-11-12,-0.00234312948604809,-0.0051259314914930965,0.002887935772890149,-0.008640935353967705,0.003383042495028743,-0.01228421102024202,-0.03426545452101015,-0.0019474177405142123,0.0005629369950568286,-0.011219810745474956,103162300,21593900,365812000,87240000,4710300,22063000,30933700,2185500,5631700,5901900
2020-11-13,0.00041944090878254237,0.00496678652184368,-0.011871562240380884,0.005957652481424658,0.010788689681556995,0.006262668258494308,0.02412731083693309,0.015254640045203605,0.014984189762026201,0.006782409160213332,81581900,18621100,346312000,75124000,5893500,11847900,29241500,2120200,6466800,6235000
2020-11-16,0.008720463594485528,0.003325403385793013,0.016413533921130874,0.0007190451875813686,0.006337650591695221,0.0282257990825856,0.057649851520170214,0.008619035035529743,-0.01282245887482103,0.007254677015385846,91183000,24953300,413776000,76174000,6266400,19858600,38596800,3902400,7976600,7667600
2020-11-17,-0.0075644483554019315,-0.0127514540437772,-0.00688091900732668,0.001469221257177411,-0.009943342059062998,-0.01014497486787802,0.013364565779834248,-0.007390721184902804,-0.0038615794966779804,-0.014662132642680348,74271000,24154100,312028000,68894000,7297700,14553200,26521100,2110800,6396800,5866300
2020-11-18,-0.011391316563241216,-0.013183737667469941,0.00048434163959765186,-0.00963120822903818,-0.013257575088081563,-0.007406716335557784,-0.03775544475592296,0.004828053606515281,-0.015364511888031118,-0.010703798737819792,76322100,28372800,510924000,58336000,6661000,12571200,31068000,3165100,6097100,6501900
2020-11-19,0.0051681259582934125,0.006348393749000758,0.0008563767442211212,0.003722494885254779,-0.001560742466805376,0.0026896310892530195,0.005106264135796623,0.0009262711480768626,-0.00121732406436581,-0.008708360507836854,74113000,24792700,565936000,60206000,7987700,10202500,26954400,2012100,5284100,7392300
2020-11-20,-0.01095746375005291,-0.009556594061110535,-0.026227459809216036,-0.005652814007175211,-0.005301125162275877,-0.008566909051847316,-0.012299663447953746,-0.0038748980079287287,-0.0016482935638102436,0.005590513458920698,73604300,22843100,341088000,67488000,6354900,12718900,18351000,2449800,4726900,5891000
2020-11-23,-0.029742631870829928,-0.0013309683409542528,0.003992549482397578,-0.00032591205652088284,-0.010182309934102296,0.028803471022671445,0.06551200141086966,0.014805664148894726,-0.0038764713118778493,-0.0129715912897439,127959300,25683500,361356000,94178000,7318300,13209200,29367600,2403500,4770600,7634600
2020-11-24,0.011594191934648501,0.01784803309479388,-0.013869832609936905,0.006348492495275249,0.0,0.04623743464260133,0.0665646066339256,0.012129674425624515,-0.0032431613311535434,0.0054984854509425585,113874200,33979700,346500000,72042000,11034800,20121600,46979300,3447000,7101800,6699600
2020-11-25,0.007467305003618474,4.6683781579348604e-05,0.021377045849802823,0.02149089105013391,-0.0013208592199247526,-0.010460514095172901,-0.027870363155236166,-0.012832165988039268,0.0026752228789785892,0.01795496419565512,76499200,21012900,259916000,75808000,7594600,11715600,28178200,2506400,8411300,6443100
2020-11-27,0.004826271761748435,0.006359013879724262,0.0020021093703923576,0.003224444340751864,0.002227150361720387,-0.006637863463191174,-0.015192390958918,0.0025767318852576437,-0.0005048756536403243,-0.011056905297568198,46691300,14512200,167276000,47858000,3059000,5983600,14971900,976900,4252200,3669300
2020-11-30,0.021099684817317277,-0.005389551076250942,0.01057598339419985,-0.008543726224847115,0.0047222078606452556,-0.027553198625016595,-0.05125648446835995,-0.00851035443069037,0.0018758075899971693,-0.020497843581051556,169410200,33064800,286952000,81278000,15663200,14411800,45614300,2382600,11640400,13120300
2020-12-01,0.03082719401601941,0.009996767223801495,-0.000857904124306752,0.01642659261366375,0.019145889822620887,0.015778697207554426,0.009703772115706943,-0.0019011822188469418,0.0036005204224469622,0.007609510612719639,127728200,30904500,296948000,90740000,9738200,12668900,32472900,2710200,7169700,8099500
2020-12-02,0.0029337772302084897,-0.0038852021611129883,0.01153832003174804,-0.005139620139509304,0.004679751750210404,0.019208477696294413,0.03740238270270946,0.0035209859147973255,-0.00724685917221346,0.0021577432368007354,89004200,23724500,283360000,62586000,7745500,10811300,29369500,1971000,6963000,5128800
2020-12-03,-0.001137710273465209,-0.005246978316813311,-0.010671636810373974,-0.005244192164348127,0.005805247444425232,-0.006555320297811362,0.006760225891520255,0.004371071862293796,-0.007372310293426443,-0.012918700321382759,78967600,25120900,199520000,57840000,7310500,12904400,27038900,2903900,8742500,7660500
2020-12-04,-0.005612490293864125,0.0005603232049153917,0.012111981106948555,-0.007578327983446487,0.008523663282106408,0.009072854026199062,0.036558121241641484,0.043406136859585054,0.0009466397844555274,-0.011315776281014323,78260400,24666000,202244000,58272000,6747100,13583700,28723600,6086200,6617200,7763800
2020-12-07,0.012270000340735443,-0.0003268387642325621,0.0035767238295927317,-0.00144820943300783,-0.0086514303272478,-0.003760022329792334,-0.018713900825583885,-0.019208618510645703,0.0015277701518203735,0.010342108228763802,86712000,24620000,223244000,55026000,6634700,9724300,24899400,4587400,6918000,6752200
2020-12-08,0.005090839469051867,0.008026759469645928,-0.018868974773076697,0.006108347649924184,0.017319065002541656,0.0009844999523536124,0.03276259809276261,0.0007273423833280557,0.002687526838531129,0.005595778848143995,82225500,23284100,271920000,65726000,8339800,9592100,32573800,2001600,6493500,8255400
2020-12-09,-0.020903703602049184,-0.01948985100612588,-0.03140448589872269,-0.02300385041546993,0.010227656163474652,-0.007786725505305125,0.013257788196118003,0.006877707254513199,-0.011879702356086708,-0.00013558039923522447,115089200,32440600,401300000,82016000,8440100,13073900,37824800,2915500,6773400,6683700
2020-12-10,0.011988935822252467,-0.006043535880665307,0.0032093823181493786,-0.0008730964486967085,-0.005552108175587156,-0.00644380842468717,0.028270963553026274,-0.006775093131670351,-0.006598001527535202,-0.005294080446783922,81312200,26733300,207764000,60604000,7392900,13668400,38058700,3109400,6800500,6204600
2020-12-11,-0.006734870319200059,0.013015411062187177,0.003160633751519759,0.004813852496939441,0.0045978724092989864,-0.005903374131544958,-0.004771574009650781,0.00245982552380708,0.00737965589509515,0.0070963033647652995,86939800,30979400,209264000,61294000,5977400,9981600,25478800,2673400,6548000,6022500
2020-12-14,-0.005146696061250733,0.004407916565754899,0.022707513112811606,0.013011701561464806,-0.025367663148147424,-0.010538457067294393,-0.03607310518509754,-0.006915854960881873,-0.004834939913028413,-0.0033876153841216894,79184500,28798400,270156000,83116000,8547300,12112400,30595000,2533600,6485300,5759900
2020-12-15,0.05009053730675195,-0.0003268605896236121,0.0038884445043556592,0.0025815971159888207,0.010062155885511848,0.017075190065173107,0.019422175351585524,0.020724291329666356,0.005888707282846406,0.01849095988930194,157243700,27000600,193016000,66390000,7612600,12590200,27138400,2360300,5397000,6859400
2020-12-16,-0.0005476255436457356,0.02405075104300103,-0.008832014851344439,0.023961224378619583,-0.005977011227425888,0.0029089103365262936,0.015334380264937941,-0.012325337119257762,0.004537291893944584,-0.0062743141456595986,98208600,35023300,223116000,88552000,8486100,11169400,34273000,2031800,5382500,7787700
2020-12-17,0.00696362960033281,0.0006385042915726391,0.007457105018711108,-0.0015057469987226346,0.02639124289249839,-0.008287055773943508,-0.005034227495371524,-0.0018382124382000375,0.007139288079189621,0.00832895460490679,94359800,32515800,231384000,69486000,9920300,11618000,21204600,2296500,7405300,9384200
2020-12-18,-0.015850954800051165,-0.003782718649992134,-0.005190718681039153,-0.01063939440891426,0.0057932680548302695,-0.004930217736341946,-0.01724939527193159,0.009990501203411828,0.005714183864023781,-0.0073278539449829205,192541500,63354900,342064000,119914000,17137200,28954800,46596800,5262700,19988800,13298300
2020-12-21,0.012395503579232914,0.01829907110473794,0.00453962896569049,0.0014149045573290664,-0.00964307807088216,0.037537753099507354,-0.018254046543931368,-0.00442097840726452,-0.010932000284306631,-0.0014759272452239403,121251600,37181900,302332000,76736000,7893400,28323600,27869500,2071000,6732400,7251400
2020-12-22,0.02846432383606623,0.006064974875274798,-0.0040504395166930385,0.00010603453584812073,-0.0019606658474669025,-0.01521649974241912,-0.01692489680445375,-0.01987148636422953,-0.007053440683681078,0.004166137117106672,168904800,22612200,185580000,47388000,4699500,11788200,21792900,2493300,5023100,5335300
2020-12-23,-0.006975698424787513,-0.01303912787361039,-0.020258652136434296,-0.006627122071927394,-0.005107494027601023,0.02794442700387867,0.012851569183474743,0.010420521393842641,-0.0015378730686120834,-0.005085638017610972,88223700,18699600,179144000,41876000,4607300,14973200,19085900,1862500,6004200,4626400
2020-12-24,0.007712265469387081,0.007827228747945059,-0.0011912944208519738,-0.003949415822362745,0.003488192870863438,-0.0043975088515892935,-0.004069953305532725,0.006389404057222103,0.010121470968935009,0.008744810017412119,54930100,10550600,97884000,29038000,2114900,4164900,8039000,585700,2588200,1387500
2020-12-28,0.03576536094883509,0.009921392167263399,-0.007215022295518403,0.03507113271672124,0.0047223673481178174,0.006585145659914415,0.0033656327300553013,-0.006627426946065995,0.006970813051627056,0.006801488956294843,124486200,17933500,212564000,113736000,3855500,8072600,23877500,1508800,3714700,3753700
2020-12-29,-0.013314848825450531,-0.0036008029379910322,0.0033525458784458007,0.011583625131030173,0.0062016388252708055,-0.002632794172368169,-0.01126032851723835,-0.009642723350354543,-0.0018749852318571403,-0.0021194414001660666,121047300,17403200,170372000,97458000,5212000,8389200,20287700,1490300,5139300,3774900
2020-12-30,-0.008526647631607376,-0.011019255460802957,0.015645297404281777,-0.010882060864285004,0.012391004996153532,0.002799846485137092,0.007996023121770834,0.019190234150019858,-0.004695643885365919,0.007699536205574065,96452100,20272300,225396000,64186000,5412800,7398000,23807300,2720600,3261400,3804800
2020-12-31,-0.007702340283681219,0.0033381776122141105,-0.006903247883741193,-0.008801370623195415,0.008523283105263735,0.013640696771087368,-0.009134589717580521,0.010997686267404161,0.009944243704039568,0.01633498628039942,99116600,20942100,192424000,59144000,5099900,8580200,22786500,1717800,4076400,4119400
2021-01-04,-0.024719348562464605,-0.02126600977312021,0.004480888703122243,-0.021584740620304466,-0.005591562008338324,-0.009443509133314931,0.006792870651242788,0.000714023758506821,-0.009486976131374059,-0.037977842891028346,143301900,37130100,560640000,88228000,11765900,16819900,27764700,4078300,8330900,9388400
2021-01-05,0.012363763840826492,0.000964788289780083,0.022209842785201328,0.010004358381754175,0.011757016302834877,0.005441071893923732,0.04819278451708664,0.008180310082532838,0.006385018136932041,0.007410208439596833,97664900,23823000,322760000,53110000,9602300,13731200,44035100,2933700,6856400,7339800
2021-01-06,-0.03366180616288028,-0.025929552966974856,-0.05895288673015364,-0.024896614147709384,0.009409935094571109,0.04695595303663369,0.02551703862417165,0.05565257899699172,0.010526181273358803,0.048950397362198306,155088000,35930700,580424000,87896000,8230100,24909100,36484800,8034700,10578000,12155700
2021-01-07,0.034123150525204426,0.028456962893072202,0.05783030926692434,0.0075771277744003385,0.0033788719088150287,0.03283906944835269,0.007845938892202753,0.0019082362141078502,-0.009346196801939932,0.010965164871109545,109578200,27694500,461480000,70290000,7747200,21940400,29528100,5297500,7355400,8816000
2021-01-08,0.008631459472784986,0.006093119727181406,-0.005039868531275915,0.006495514374673217,-0.0020577008435135324,0.0011041919875969253,0.011121051239020963,0.0001546489994728173,-0.00043233634235606555,0.023205514870833888,105158200,22956200,292528000,70754000,8228900,12035100,28628200,3186600,7448500,8376200
2021-01-11,-0.023248934384557995,-0.00969875233096873,0.02596659956500602,-0.021519462280005563,-0.004186459902991935,0.014924041576067859,0.030356236471554388,-0.002058932371651667,-0.0067727311322673955,-0.017748922344019813,100384500,23031300,518344000,73668000,7066200,15937900,38246200,2540800,7239900,7064300
2021-01-12,-0.0013953902585296385,-0.011770703147093609,-0.010039443504199053,0.002125797051401035,-0.007780641870056115,0.01571906122583866,0.022203442820756036,0.01898264392294924,-0.005803396285467666,0.0007528881153364697,91951100,23249300,291476000,70292000,6903200,18033500,36915100,2466100,6333500,7669300
2021-01-13,0.016226555601655424,0.006560501007345065,0.003485518245764929,0.014438406874172749,-0.0015178894109143526,0.000927114630807413,0.011278044722737635,-0.008352976944747237,0.0015321995968977653,0.026206862443802548,88636800,20087100,210028000,66424000,6643100,14816800,29000300,3154700,6078800,8542600
2021-01-14,-0.015127103960225763,-0.015346215574244093,-0.024497979337904097,-0.012135545173177387,0.017480604040841508,0.005842485126166697,0.03903365795605973,0.007708642490984463,-0.010636864498463239,0.008430913743235458,90221800,29480800,283120000,61418000,10030800,18565600,35474800,2486600,6172800,8899000
2021-01-15,-0.013730487352520249,-0.0017371661763299073,-0.02581389810943191,-0.007424600125642833,-0.002178784332334427,-0.017921427243062116,-0.048102111695496164,-0.014083213952844731,-0.007510843765166864,-0.005937299818301933,111598500,31746500,277780000,84880000,7630800,27881000,42411300,3317100,7757600,10561600
2021-01-19,0.005427022944464843,0.017822570568574836,0.012889473467767809,0.005318518294228358,0.015471115387777123,-0.00432771193825654,0.01983717020454545,0.0024279521014258787,-0.008754903126800606,0.009385528764201956,90757300,30480900,226188000,66102000,9057600,19843800,24932600,2361200,9184900,8142700
2021-01-20,0.032856241836993316,0.03649991163207855,0.026141332027646902,0.04570048462239673,-0.0024574414072167095,-0.014995867907754312,0.014127900179979669,-0.008863324347438861,-0.012500156937146012,0.014974636524797802,104319500,37777300,258572000,106196000,6839900,16028800,22342400,2501100,12506600,8576800
2021-01-21,0.03665835861055644,0.0028083565676793043,0.03753999845025335,0.013363421550624865,-0.0040028973434201864,-0.008384164181392761,-0.02866956375603502,-0.0007797479708762101,-0.000983688659459081,-0.004045701281015779,120150900,30709400,337780000,98722000,6818000,13411700,29044500,1951200,8761600,9268600
2021-01-22,0.016073573206798475,0.0043558502007468025,-0.011177108914627198,-0.00446331304512726,0.011253417142150779,-0.0077134173508008885,-0.014134246392480954,-0.0013008546401331866,-0.007709321830927207,0.0059732505612106745,114459400,30172700,246820000,56438000,8137000,12933200,23264800,2027000,7202800,6371800
2021-01-25,0.027683860365596002,0.015844533175229047,-0.00432092028251474,0.0005376354551673845,0.014857743215642039,-0.01248237301236077,-0.011174238359558664,-0.02396601580086466,0.017230843924610273,0.031587964942916935,157611700,33152100,251112000,74996000,9924400,14212800,26395800,3837100,9640000,13215600
2021-01-26,0.0016794887289190985,0.012198780267192788,-0.01596673894316336,0.009754137082109926,0.027111609032499873,-0.004087068682846806,-0.021961742851522303,-0.0006936397026000574,0.006427762443407703,-0.018879199512344624,98390600,49169600,163980000,59104000,14205700,11307800,23976800,2506000,5996700,12476900
2021-01-27,-0.00768416682937878,0.00245339348295448,-0.038518109056784766,-0.02812581228312927,-0.015251037802522016,-0.028271861251895514,-0.011336486263209156,-0.03514767483672998,-0.035389661064088807,-0.05913393219445717,140843800,69870600,371272000,93204000,14207300,17603900,32410300,4095300,10826700,16893300
2021-01-28,-0.03498508047087712,0.025890965208106076,0.010315138179854966,0.0015591193708615059,0.007624420464927173,0.017597452605496278,0.01565610061057887,0.02053926758951552,0.015423019593294063,0.028307970599324994,142621100,49111200,228316000,62984000,8944400,13761800,24967200,3445400,8242000,8541300
2021-01-29,-0.03742037907340101,-0.02917161664670731,-0.004693146243504587,-0.009704654514695155,-0.03564637879762167,-0.011067594703426442,-0.02648720628006207,-0.00813741286646974,-0.016492934288477423,-0.01928231180125317,177523800,42503100,271552000,85872000,22505900,14808100,38961100,4541400,8344100,13189700
2021-02-01,0.016519742888827738,0.03315205014818701,0.019034403939720335,0.042629902924745666,-0.002574835923042862,0.007383306555022173,0.0017842086749213504,0.010282262389861518,0.0059280400887942175,0.010263429187173267,106239800,33314200,217204000,83204000,9971400,11080700,24412400,2738200,6534200,5589500
2021-02-02,0.00633697847934922,-0.0005839009577870424,0.02415566012893211,0.011104214562255077,-0.008972892282221312,0.030782277392816804,0.01580596723133798,0.04211777133487771,-0.0013959266636053291,0.015054966205696907,83305400,25916300,220440000,141972000,11443300,12253600,31940400,5265400,6825600,6645400
2021-02-03,-0.007778363224771989,0.014571260338636316,-0.001936342920476286,-0.019961565909300982,-0.004651110363997013,0.011451263962033442,0.039228349422062214,-0.005454566422884,0.0012423951012610068,0.001447051016985501,89880900,27158100,245408000,141776000,8601900,10600800,28459300,2979000,7309400,5971200
2021-02-04,0.02575766592467832,-0.004074199631470932,0.009885037259100837,0.005575845147329783,0.009283404292387498,0.023013137499909853,0.01919026518191802,0.0010446715213405788,0.0006204267354936732,-0.000602040779293378,84183100,25296100,201340000,73414000,7758100,12419500,25280300,2253800,6613700,6398400
2021-02-05,-0.003098096393528982,0.0007851966428318313,-0.005360560037327655,0.006349415177487883,0.015185960533203424,-0.0019530174106517917,0.03351968624699797,0.007044130373285329,0.004184967420650443,0.007228633898173964,75693800,18054800,169152000,72416000,9495300,10051300,34980100,2240000,5063700,5745800
2021-02-08,0.001096695951909199,0.0011148751290048775,0.06237584456654455,-0.008713780773966562,0.0028580039733407947,0.01565458819899601,0.04304286371567678,0.023056876829514517,-0.0030870910285919484,-0.0023920115610973625,71297200,22211900,434624000,65148000,6035300,10136400,36998700,2725700,7011200,6792300
2021-02-09,-0.006573538210910779,0.005361309023495409,-0.012154907195815579,-0.00539885256244832,0.008185887152023952,-0.0039962593919080636,-0.011711680028759663,-0.000860843975389769,-0.003870913140685217,0.0051556568490624954,76774200,23565000,287560000,44070000,5544200,8614800,28977000,2331600,5917800,5008900
2021-02-10,-0.00455812890463958,-0.0038971169460646493,0.03512526659421167,-0.005573405440383872,0.0032474746827100276,0.0005733525105815485,0.009677817060879557,0.0022304940914159577,-0.003497019157862047,0.0009546519275176468,73046600,22186700,485352000,63032000,5921300,10323200,25723800,2816400,8594100,6200800
2021-02-11,-0.0019206209553489506,0.0068774901674502065,0.03295115326672282,-0.007439273910078148,-0.004495874695513269,-0.0027926195451872804,-0.025038995076020587,0.003186082408604074,0.0008576837498286416,0.00047651151288974347,64280000,15751100,450828000,46028000,4871300,9201000,26972200,2178200,6139200,4417200
2021-02-12,0.0017757406016272181,0.002045135415400079,-0.01898246583877261,0.004775969497859078,0.0031313941576356363,0.01421709024605744,0.013643647769289835,-0.0018148603451247913,-0.005532663704268859,-0.009767782811779702,60145100,16561100,374756000,46706000,4413100,8324600,19756700,1804200,8407300,5787200
2021-02-16,-0.016103612943139556,-0.005265410823004024,0.02466352105962799,-0.0026726192693009576,-0.009064592777366043,0.02407049619738033,0.03008711061992364,0.022172852170925017,0.0023509313553633504,-0.023337035750180757,80576300,26728500,321960000,51494000,5656100,12130600,28060100,3722700,8246000,8312600
2021-02-17,-0.01764413282571564,0.0043593650796958094,-0.027673885399586817,0.012141589169594624,0.003574093570570147,0.003111329946577479,0.015564882352185228,-0.0003953170966025654,0.00422121391443242,-0.006281583194012508,97918500,21653500,274756000,65950000,6676700,10810100,25509700,2290400,8845200,8598300
2021-02-18,-0.008636218434600718,-0.0016789939447012792,-0.00516580621220919,0.005920814274298136,0.0004828593884342869,0.003376766278795129,-0.01570485019133483,-0.01176486022576062,0.008329333692107976,0.0006200462478289648,96856700,16925600,233868000,60548000,5189100,10587800,20627600,2345800,6936400,5378900
2021-02-19,0.0012333338396379734,-0.011567262997093875,0.0065748811860142364,-0.023535055745747435,-0.016652770641133796,0.01669064093582473,0.00672817874501086,0.04997025565111324,-0.01860549796923683,-0.03257764576431832,87668800,25262600,271724000,86104000,8190900,11969800,22607200,4937300,8277900,9660900
2021-02-22,-0.02979905324494836,-0.026808259596325823,-0.038237322041399624,-0.021280609604111933,-0.0006171184695891174,0.009390907280391714,0.03685310319082613,0.038825938753274114,-0.004248049760202988,-0.03841244088283835,103916400,36446900,325884000,70314000,6447100,11488400,36435100,4578300,6975500,13190300
2021-02-23,-0.0011110514060763688,-0.00528745059728275,-0.014889436031867653,0.004326059526709614,-0.008834267093497772,0.00803162591243023,0.013812245658542333,0.009722118032857052,0.007426184906137889,-0.005193503917459874,158273000,30228700,391780000,93544000,7042800,16234400,33527900,4125100,10145300,12719000
2021-02-24,-0.0040521518962179925,0.005487039037567865,0.025243773735561303,-0.010946968676518232,0.013400579441799954,0.01759515106869225,0.02997279798291519,0.010400635957045212,0.0010979390475676087,-0.01271536299548226,111039900,26339700,448320000,60226000,10286100,15061400,28728600,4925000,7263000,12302200
2021-02-25,-0.03478254740949782,-0.023705006523790262,-0.08217802302158406,-0.03240038681954516,0.0010456882105784882,-0.013571931427902584,-0.01657836980433469,-0.0029216640640047364,-0.008460093586339257,0.009335442668503502,148199500,39542200,824436000,90676000,9719700,18127700,29670900,4313000,7790800,11747100
2021-02-26,0.002231533885855619,0.014804140725124926,0.030584378589505024,0.011700387973209825,-0.026419130841584204,-0.026524670515356008,-0.02492865474707029,-0.02677852591913621,-0.02409538182768234,-0.007831409826121516,164560400,37819200,500932000,85518000,14417500,19829200,35291000,4461300,17718800,12583200
2021-03-01,0.0538512989178328,0.019623221659592405,0.009278463879543342,0.017203798394717307,0.005427186372966908,0.022626972641605958,0.03733699358170672,0.01797301970994236,0.006152417459947435,0.033070447349975884,116307900,25324000,353184000,54582000,10551400,14845500,36998300,2871200,7740200,12272600
2021-03-02,-0.020893630009652386,-0.012957005564526725,-0.03146281139219076,-0.016404262105025436,-0.001883238760771122,-0.0032559506371843128,-0.005850895457805927,-0.017928676311752656,-0.0031378161576753882,-0.00487449911200899,102260900,22812500,264116000,51916000,7610900,14221700,30302600,2854300,10206500,8738500
2021-03-03,-0.024456641616225183,-0.026980813888728084,-0.04486722181043479,-0.02893170479822993,-0.017607728999212702,0.019332286173581625,0.008025619535423134,-0.004216440925394194,-0.005972771647109298,-0.0399789290323459,112966300,34029500,377592000,79774000,8499600,14324100,35358900,2664000,7537000,11748900
2021-03-04,-0.01581181468754822,-0.0036473080721648454,-0.03393258099701679,-0.009128157985388907,-0.02016378825376286,-0.015368433592068409,0.03874734654217549,-0.009957741713700563,-0.008200630781251439,-0.016960724218287537,178155000,44727800,573344000,109632000,11033200,20093900,52137500,3568400,10228100,11998700
2021-03-05,0.01073817929493015,0.021479301533487538,0.007376603272871041,0.007687481916645478,0.019794907080035617,0.0023244735478140655,0.037812985860446346,0.03473228512561599,0.03135496579038688,-0.008275997899711895,153766600,41872800,542840000,107772000,8331600,18465100,51429800,3602300,10490900,15509900
2021-03-08,-0.04167341952915593,-0.01817804876781315,-0.06967455004879552,-0.016167463748385735,0.008327777550304782,0.01325302898699321,-0.000984748862532192,0.006449991394754884,0.010557207637203803,0.00226334070250922,154376600,35267400,543112000,83700000,6546700,17133300,38154600,3048700,9224700,12479400
2021-03-09,0.04064960569080234,0.028101460821893465,0.08033306964700948,0.03756837366056898,0.0019059906235368018,-0.007063211871312869,-0.015442715365856396,-0.021572309376714505,-0.008876106137936879,0.044594563226800776,129525800,33080500,521824000,80600000,7461300,16238800,35645900,2902400,8859700,9363700
2021-03-10,-0.009166501918035586,-0.005817287663716586,-0.004153359730995176,-0.0017010173123747085,0.009194634390895295,0.02173493427838591,0.030702412990749606,0.01964924377924593,0.009193509278103251,0.005944639761010784,111943300,29746800,384376000,60250000,6635600,14342200,31579100,2435800,9070900,8247200
2021-03-11,0.016502577923011685,0.02026515275397589,0.04212698651965563,0.018298429776605563,-6.285988237564322e-05,-0.005221294859331316,-0.007447000326142761,-0.005880599368084716,-0.0033769642659732257,0.005372103878239498,103026500,29907600,299916000,55528000,6305600,11771500,24802600,2960000,6941500,6602500
2021-03-12,-0.007625490063092988,-0.005819850105151625,-0.010582323559946816,-0.0077402727850476305,0.002890644977479706,0.011858504968363937,0.01076509993604069,0.042045720733653535,0.00969172649335115,0.0108201160709811,88105100,22653700,243964000,48438000,5474800,12849500,20422700,4756500,6521900,6113100
2021-03-15,0.024456725360464837,-0.00398711623267356,0.026077408688245818,-0.0025279442445658162,0.00513769123510599,-0.004995306819764789,-0.025496377351847066,0.007598313840982973,0.003277947902935674,-0.001982566053175372,92403800,26034900,221988000,58272000,5524100,12101100,31243600,4215300,7172600,7129200
2021-03-16,0.01274297296227056,0.012350486532069826,0.007580821708141006,0.0033034103914528767,0.0059221394406756556,-0.011971542564972792,-0.021195452160329364,-0.018549103911745468,0.002955716002046138,-0.0018541237379452458,115227900,28092200,272128000,50776000,6369100,12805600,30624800,3539200,6485200,6512700
2021-03-17,-0.006450550439208835,-0.0028185852752452556,0.0037618206918694774,0.014188848597238346,-0.0037180914937881004,0.0102925507947349,0.004398633766556914,0.031661470010668546,-0.004032786452546344,-0.03210347829446969,111932600,29562100,243864000,62372000,6001400,13952400,25575500,3518500,6192900,10343300
2021-03-18,-0.03390496890490402,-0.026662211952596437,-0.04637869208198875,-0.03435878370750434,-0.001866037660838149,0.016506759393013715,-0.043119419459829667,-0.01262705664964181,0.002180220982776593,-0.02508225938886588,121229700,34833000,293896000,72992000,4801800,21898500,38622800,4336200,6871300,14198800
2021-03-19,-0.004480295514898036,-0.0016037808760077654,0.00968746876979476,0.015511909856343209,-0.002679657924207879,-0.015921295980713124,-0.00563280096083163,-0.023365768503694873,-0.005361232980080288,-0.0040774222453462405,185549500,46430700,299208000,92508000,14891500,54418800,84439400,7485100,20262100,22806700
2021-03-22,0.028335670080415376,0.024484537145581964,0.026507002308117977,0.01167821172408301,0.00287428016835678,-0.026879194836081366,-0.01026751183198149,0.0032405067717826697,0.01695167076596782,0.011999308275241205,111912300,30127000,297804000,58044000,7544100,19944800,29315100,2211600,8077600,10057700
2021-03-23,-0.006888610111916216,0.006737503629520303,-0.008759173407201781,0.008560288075996736,-0.000934642547110287,-0.010001948082738132,-0.01234101153214906,-0.03437746940704689,0.018589773086397532,0.03250073983592694,95467100,31638400,222048000,76346000,7178300,17076300,33493300,4017600,9503800,10723800
2021-03-24,-0.019993670930494423,-0.008923306833323208,-0.032725824322140995,-0.016073304438495972,0.009728856066546054,0.007761069798962517,0.020282180264551863,0.013654011543222433,-0.0003017715076364391,-0.016076475260546674,88530500,25620100,245840000,59180000,6370100,13079800,29781800,4258000,8318000,14537400
2021-03-25,0.004163450862237017,-0.013250642056118367,-0.00852254941071895,-0.013219634289670767,0.00037030088233946934,0.012813930709033361,-0.0028397751016988604,0.01365087001142462,0.006940181672531409,0.008512751070930857,98844700,34061900,295144000,71270000,6269800,15608300,31495900,2901800,7517300,6823600
2021-03-26,0.005141631506208277,0.01781861974469212,0.02425171905856649,0.0018941122432061253,0.01827517604495399,0.016650208796157973,0.02723398996567039,0.02341131248660644,0.014758729204792598,0.008305017592440622,94071200,25479900,363968000,66258000,7619200,16754400,34226500,3040100,10821200,10106000
2021-03-29,0.0014849461024937227,-0.0052434041090207995,0.008489595777747772,0.007765307334585803,0.00673018234571332,-0.015539352270993234,-0.005371674090425271,0.003137277548584283,0.015651719281837728,0.009992065988213561,80819200,25227500,273520000,54920000,8535100,17570300,21144400,3003200,11176000,8644500
2021-03-30,-0.012274536336477682,-0.0144108815855295,-0.005908194844327697,-0.006645597502498379,-0.0062034921146978395,0.01178907709791388,-0.012369333380784941,0.012423075832726393,-0.015410518177338406,-0.007753932025652999,85671900,24792000,200204000,46752000,7236300,13184300,20303400,3139100,8090600,5964600
2021-03-31,0.018765674278348188,0.016907551474566462,0.03701920145436688,0.01269600564306872,-0.0039995229791530695,-0.014564503100714443,-0.015170252225727654,-0.005191475587346006,-0.00014739375419758893,0.018727828565452853,118323800,43623500,314776000,61878000,8281500,16736700,23686500,4512300,9202600,9430500
2021-04-01,0.006958731741985913,0.02790871840579956,0.03472362672778062,0.02162845443110406,-0.0092486923568329,0.009721885278399789,0.027941744631224674,0.0037522402723801918,-0.008491461768876607,0.002116249608684173,75089100,30338000,308276000,58806000,7229700,16561500,23194500,3787100,9117800,6548900
2021-04-05,0.023577302745531492,0.0277283453715782,0.012724664977741273,0.02079404593469847,0.0036848602865584557,0.005300503050092553,-0.015507728535593568,0.004167667446659529,0.016160201510819094,0.013329724379736563,88651200,36910600,255672000,66698000,7387100,13508000,23264800,2323400,8279100,7328400
2021-04-06,0.002462139077169523,-0.004858001358462705,-0.009007981989777036,-0.0009018902147276409,-0.00024506719899886065,-0.007029925630763212,-0.002832054801911177,-0.013135970240694461,0.00036625618470642607,0.010158921005435362,80171300,22931900,191744000,50756000,5074200,13071600,18926300,2614500,6180600,6570500
2021-04-07,0.013390343357290169,0.008230433744241594,0.020344088175025865,0.01723733655641202,0.0013468180970683807,0.015667490847411703,0.004437562457730637,-0.000997070377521836,0.0017582045347510622,-0.0019341443242125722,83466700,22719800,251284000,66924000,4608000,16903500,22385000,2449600,10244500,6761600
2021-04-08,0.019233783279565708,0.013405227190087743,0.01226715332167383,0.006071242952548017,-0.003911877968940214,0.0012266088449321977,-0.010425919820245877,0.00030361418236823923,0.0038028723609189186,0.004521638471443268,88844600,23625200,244416000,56242000,5039400,12335500,21999300,2158900,6190300,7454600
2021-04-09,0.020251663389196706,0.010266490920757043,0.005797200736146646,0.02209562242522667,-0.010553993540354911,0.007478210478360614,-0.0023214576160529576,0.0011715762012658448,-0.006483706737746675,0.0023147610054155,106686700,24326800,195172000,86830000,8418300,12122400,20020700,2482900,5855400,4969600
2021-04-12,-0.013232959553396872,0.00023464663028316401,0.056180541342280454,0.0021321218730274705,0.0024185310272950566,-0.0021115077556734807,-0.006622273875918627,0.0007800885860611562,0.0040326933714252,-0.0038490987114273567,91420000,27148700,869324000,65636000,5022800,12273400,20238800,1688200,6440900,6052900
2021-04-13,0.024306555863342627,0.01008162128712864,0.030935585747962957,0.006098747605224553,-0.013363201735714036,-0.011927117982439284,0.0037835843836457883,-0.006841994368571247,-0.013218928882491543,0.018031756750419792,91266500,23837500,676212000,66316000,18424100,16113600,19370600,2286400,9161200,6319000
2021-04-14,-0.017853360506328686,-0.01121888799423687,-0.0256703410816973,-0.01970591825597423,0.002759131871583387,-0.01869017636166337,0.028899693382676395,0.014083276971938563,0.003626752836183522,0.001139017096203343,87222800,23070900,385500000,62904000,7718300,19939600,28051100,2491000,7584000,4478200
2021-04-15,0.01870811039285636,0.015297654976265562,0.05631022857871604,0.013828409714570444,0.00293888583644919,0.006348906448693903,-0.005931685919722818,-0.00025793572190135894,0.012094144454361189,0.013269083679184002,89347100,25627500,598480000,64672000,7524600,17694100,23250300,1860200,7945300,5012400
2021-04-16,-0.002527861229904893,0.004778754959435139,-0.013927592443044201,0.006022342354579324,0.011534624393763071,0.007425745363670355,-0.005615996171205673,0.003612462500296232,7.289219901296384e-05,0.009478762106747807,84922400,24878600,335208000,63720000,9049400,13773400,22752000,2128400,7708500,15124100
2021-04-19,0.005068418462763402,-0.007670694016879365,-0.03461112008258882,-0.00806900981526193,0.0027734275515785,-0.004240338734907589,-0.0031768841290050753,-0.004156595447122102,-0.004662944801771762,-0.014208260100425862,94264200,23209300,404420000,54508000,8353500,11900200,21123300,1712600,9149400,7658200
2021-04-20,-0.012829969707128686,-0.0018550429792324463,-0.012401029794209206,-0.011067567276491497,0.023295900013835746,-0.022141815689549094,-0.021069347650761072,-0.02048286345358652,0.008344634236994608,0.009274608639709747,94812300,19722900,334132000,52460000,14050700,13716700,21782100,2815800,10040500,7192100
2021-04-21,0.00292980886994032,0.00898304161856256,0.012474389498899008,0.008195669633476843,0.0006609099169871957,0.008507906558468115,0.012841377846203983,0.02121857994983123,-0.006533390116848392,-0.031789493683557324,68847100,24030400,216776000,44224000,6333200,12236700,16625600,1977700,8465900,8565100
2021-04-22,-0.011685352040453623,-0.0130859540580478,-0.033218294610946275,-0.015758395892332966,-0.008463859802400164,-0.02105763893310908,-0.013035714895042072,-0.015357254181287194,-0.009927962657240164,0.0044888323608169856,84566500,25606200,277788000,51612000,7233000,15256100,21600100,2410700,7338300,8261700
2021-04-23,0.018038363520524348,0.015476028394106889,0.02794567641639656,0.00962218974677076,0.0020581629229319276,0.01913575226072628,0.005427885000848676,0.009874539111359937,-0.005125236587317228,-0.0010216212911127176,78657500,21462600,227500000,63856000,6015300,14041900,15337900,3458300,6708300,6034900
2021-04-26,0.0029780364283864547,0.0015316334332693415,0.013936685882461886,0.020389780364207244,-0.008458344740297385,0.002463389409172567,0.001979510129781703,0.0019553661216895613,-0.020008836738389157,-0.003962119310092382,66905100,19763300,197796000,97614000,6027800,10799100,16083800,1864800,9910600,7425100
2021-04-27,-0.0024494516241428954,0.001605761730534061,-0.006218519221248164,0.0024729175512423485,-0.005727460262245576,0.004582888991168765,0.013110550957562639,-0.0009541536349513269,-0.0006097318591598011,-0.008340400833039774,66015800,31014200,164572000,76542000,6217700,12821200,19278600,1959300,8296800,5871900
2021-04-28,-0.006027085057748405,-0.0282855790510238,-0.006826102107569065,0.012017786731569835,-0.007353701884821207,0.0064797671673808566,0.03013655718207997,0.008509160189974052,0.00167726482341779,-0.0024587254490499033,107760100,46903100,209416000,92638000,7448000,8943700,24729800,2965300,6262800,5522200
2021-04-29,-0.0007489259210659016,-0.008053250715983062,0.0031419278567457187,0.0037039347600635875,0.013705614454281312,0.019444033279780504,0.014283278232829488,-0.02079201490031568,0.008447409528667071,0.0016860111966612301,151101000,40589000,173196000,153648000,6394300,12976900,27318400,5442400,6786800,5558700
2021-04-30,-0.015133011726230272,-0.0013068430145891652,-0.020571378666637608,-0.001120636171800582,-0.008952719373039875,-0.008892431250926092,-0.028842942990463083,0.002813538206738464,0.006867471393591451,0.003755744167413866,109839500,30945100,201912000,140186000,9079100,11705100,30518400,3953500,9188600,8024600
2021-05-03,0.008215340917200775,-0.00126886571154472,-0.011509128064223662,-0.023340170719312603,0.01523999504768736,-0.0029257395960200494,0.027603182972935736,0.0002629722537319523,0.011842127833560756,-0.010450298305219596,75135100,19626600,203912000,117510000,6594100,11801100,20509600,3182900,8070300,6076000
2021-05-04,-0.03538558695217975,-0.016159828443372937,-0.03272295526310376,-0.022034541333801894,0.015495552056638218,0.013823596568264707,0.006290146362970095,0.022965424817209534,-0.0034073128974684286,-0.013168211509859917,137564700,32756100,405324000,108788000,10179500,12977700,23522200,4040700,9624000,9178300
2021-05-05,0.001955433698769049,-0.005326880908029574,0.007473326178703665,-0.012479432999494278,-0.00417245325737392,0.013120482113747611,0.03007279821506814,0.019150773362937468,-0.008027151124928467,-0.025234597915414603,84000900,21901300,292024000,74226000,7792300,10506700,31526200,3690600,8295900,10643200
2021-05-06,0.01280254205236031,0.013226640225979525,0.004460876484077225,0.010955401769447537,0.0040105035314117465,0.020124868001349938,0.009512845199006303,-0.0034050164564735086,0.012587794179205858,0.0031173750698703095,78128300,26491100,193380000,88954000,5529900,13542400,26836800,4527000,9771100,7069200
2021-05-07,0.005327202357339633,0.010931815659728228,0.019916731668624843,-0.0044640578502762596,0.0045305259914272256,0.0034227406448770203,0.014297424995491026,0.016535129079916278,7.405984439845525e-05,0.007026327139179944,78973300,27032900,229328000,94206000,5316200,14257800,33610600,3327900,6299100,5677400
2021-05-10,-0.02580440665437389,-0.020914316281965162,-0.03689508392116858,-0.03072052637375966,0.010504687177565142,-0.00012411415779878254,0.0024027209557713203,0.006722355671520797,0.01864621805900235,0.003622675324520097,88071200,29299900,268904000,116772000,8357500,14014300,31956600,3752900,8852700,6210400
2021-05-11,-0.007410223604350952,-0.0038433637396217968,0.002838886173423427,0.010474816917876772,-0.008163422684543065,-0.01662325677471399,-0.03179940142115034,-0.013643285040248476,-0.004939610680545714,-0.009759557443038358,126142800,33641600,285584000,92396000,8217900,15451700,34563800,3163100,10973700,10515100
2021-05-12,-0.024938521685103687,-0.029362585363064575,-0.0382875698006524,-0.022323796765424953,-0.004026757564388639,-0.006875255268040115,0.005358357020810667,-0.008274090173667314,-0.010584553561042709,-0.034156925807861116,112172300,36684400,303408000,98728000,6758300,14381700,34426500,3668500,8853700,9093200
2021-05-13,0.017919681114826558,0.0168619090334321,-0.0067775188401446584,0.0030235440044839024,0.010463634859796844,0.025722473188557915,-0.012325158013649418,0.01158763820947617,0.016083660893690954,0.01523662576387741,105861300,29624300,285404000,67018000,8018600,15395000,24268200,2228100,8753600,5469300
2021-05-14,0.019844647089657608,0.02106724816108252,0.04227884143918148,0.019430851184491837,0.0015299977977922818,0.015541748360417662,0.02478929177611211,0.008997373790425645,0.0021058881903710525,0.006746293436871831,81918000,23901100,258616000,66500000,5797700,10584000,20735400,2041600,5989500,5446200
2021-05-17,-0.00925844330407588,-0.01196849235962505,-0.005441320854964626,0.0147351540352203,0.0009986116166069703,0.0040240840704948155,0.02336687041776786,0.010568463145107954,-0.002028881159503504,-0.016685113515781946,74244600,24970200,216980000,74478000,5722600,9886800,25282500,1998400,7690700,10369300
2021-05-18,-0.01124585044325599,-0.00856493402102032,-0.010571480979135628,-0.011653058569779051,0.00035217749664284703,-0.01408881776501092,-0.028300533770300285,-0.021732903016993266,-0.010237386562221062,0.005424214695243235,63342900,20168000,186256000,56568000,5846000,11098100,25170800,2436200,9239100,8195100
2021-05-19,-0.001281484163583868,0.0024737089836528448,0.0035675702442337087,-0.000148514828115065,-0.0021707079454758027,-0.007637608833126808,-0.023994860730058964,-0.010857221366799563,0.002053908537141824,0.005118241571758775,92612000,25739800,344000000,53594000,5533800,13278900,28889800,3143100,9806800,8486600
2021-05-20,0.021012222426211258,0.013820367777165776,0.03887098852594595,0.004913709794237331,0.005820651748789318,-0.0017381487895811176,-0.002373542415114782,-0.007937010688913726,0.010248805795945337,0.022433528441155426,76857100,21800700,321592000,52664000,4853200,10426000,20692500,3339200,8768200,10798500
2021-05-21,-0.014767019358876254,-0.005314778838907408,0.02595366031828661,-0.013732853548741542,-0.0006428723357271293,0.011378521361596894,0.0013596239694695367,0.009574930125199721,0.0,0.002019048172559046,79295400,21863100,672992000,82098000,6501800,10249000,20792700,2479100,10161000,8689300
2021-05-24,0.01331405425008092,0.02288196563013689,0.04137298953436863,0.013084215261017773,0.0038254785302318517,0.005409976280486228,0.01171098662276715,0.0076293355358305615,-0.00028979050058941525,-0.005507619210816994,63092900,21411500,554816000,48456000,5195100,9440300,18400300,2372700,6981300,6746900
2021-05-25,-0.0015735133924571487,0.00374846748677915,0.002289754697919033,0.004332851226203749,-0.0027556283516791957,-0.010333808512434262,-0.022647505786321798,-0.0078642835529662,0.0034068146320329618,-0.008915520914686836,72009500,17704300,435408000,65222000,7444700,12609100,25616100,2265700,8142400,7440600
2021-05-26,-0.0003940598143066243,-0.0009136261732433093,0.0033390555375567565,0.0018747562447005706,-0.005938313151282126,-0.00012364640560857953,0.011672011264835636,0.0022768296067299243,-0.0022395013542311215,0.0013629493322155906,56575900,17771600,370440000,47680000,5726400,13058300,21698700,2070000,8122900,7408800
2021-05-27,-0.012376768538295502,-0.008668475737678927,-0.013503089802531232,-0.010734558114025683,-0.0015379077308449451,0.015571942761271274,-0.006447179975982209,0.015018230160972701,-0.022733891092631242,-0.006397131219604835,94625600,24426200,581476000,51224000,8114700,15707500,33556000,3594700,33095700,10956100
2021-05-28,-0.005348071992759218,0.0014840064511218998,0.04884437008550058,-0.0021794289420000723,0.0026065274432820473,-0.0006690324176047424,-0.003244699355693048,-0.0008289798747349586,-0.0009630967492463283,0.003013967898184866,71311100,18270200,644536000,46596000,6400800,10291300,19246800,2290700,10477100,9177500
2021-06-01,-0.0026482022414764383,-0.009131811571449933,0.0012311215281726184,-0.0013714148069622345,-0.021979380257352132,0.011020322674479832,0.03580618854658302,0.00696867065488882,-0.014608562896992305,-0.009817002628288218,67637100,23213300,472804000,48600000,10448400,9445400,28474200,2476000,9993900,9056100
2021-06-02,0.006276161401038927,-0.0004039929782112539,0.03158728251754073,0.004765962837133042,0.0040473266309588585,6.0311102013876905e-05,0.00793915980933857,0.002883638268771138,0.004364798942134929,0.008180924677499979,59278900,19406700,594168000,40290000,6806000,10498600,22978300,2348500,8254100,6421000
2021-06-03,-0.012154309952347231,-0.006429381073604135,0.011413615476935535,-0.014526941142032901,-0.0009623165720343829,0.0006622461845717798,0.003938239422498491,0.001560732896743966,0.01790781782347084,-0.004675975096157692,76229200,25307700,580008000,47966000,5808800,13354400,20272800,1923200,11249800,8871500
2021-06-04,0.019022325237828097,0.020674681339249323,0.035858130407213196,0.006027657821926935,-0.00042163994235921987,0.0016251599695895624,0.004413368404556861,0.0007380922737323381,0.0007361620117143364,-0.00041483950256471225,75169300,25281100,617120000,44994000,6510300,8510800,20427800,1837900,6894400,6586300
2021-06-07,7.929546444818136e-05,0.012042017345655687,0.002317839160452806,-0.0025606925929613222,-0.00680846788828815,-0.004686544875776688,-0.006509524052079163,-0.017457638152506227,0.0034572466374462874,0.001797166611810841,71057600,23079200,575756000,44316000,5362800,7267200,15477900,2330700,8418000,5988500
2021-06-08,0.006672007579028749,-0.004885585518288882,-0.009194573584694332,0.020669153552085318,-0.008796699580599476,-0.003984313667034334,0.0176904774636657,0.0016686095428719572,-0.011581957808524113,-0.0045538814234045155,74403800,22455000,323848000,68334000,7746800,10370700,28953400,2212300,6911500,5803000
2021-06-09,0.003077079022064444,0.004038304717727703,-0.005428844548067913,0.005220349302289318,0.013465067266705821,-0.012484756119741092,0.008369431157570828,-0.022943147015371923,-0.00037074304150652715,0.004297587593425467,56877900,17937600,381656000,49110000,5552600,12377400,29133000,2919600,6200700,6660400
2021-06-10,-0.00802324645504271,0.014393408492909154,0.003845535474379158,0.02087684594544914,0.008997957056597894,-0.015588363722242371,0.0015962462552525647,-0.038014166155971085,0.0074186878938229395,0.014630618262331252,71186400,24563600,287772000,69530000,6463100,12119400,27488700,6281800,6515500,8203300
2021-06-11,0.009832815036614262,0.002527040978367312,0.0229699048063694,-0.0008418265339896758,-0.012688442042336878,-0.0006863630775152396,-0.009243201860217432,-0.02228311862957466,-0.0068487477796423946,-0.00027196168887511085,53522400,18999700,416308000,56348000,7389900,13683800,17631700,8734900,10641400,4548400
2021-06-14,0.024577655810714027,0.007755119469972982,0.010855066217662523,0.011067127216432215,0.002485400508589919,-0.016968663443608478,-0.0016081378773200594,-0.007657424661659751,0.0003710047180098819,-0.0024492487072798053,96906500,19150500,321376000,51394000,4931300,19917900,16997200,7213300,6302000,4991900
2021-06-15,-0.00643757402737577,-0.005887330469935281,-0.012778289870732928,-0.0002186996793457352,-0.005321183154078368,-0.01516811011882091,0.03641040327373357,0.002054545181405354,-0.0019274456294173792,0.0016369189980827148,62746300,18038900,243032000,48524000,5062900,24485500,30717100,5055900,5543400,7770300
2021-06-16,0.003933892401763561,-0.0037928426194133724,0.0012225442007702814,0.0094941835711142,-0.0003649610909293166,0.007023900112782977,-0.0035753962049397403,-0.010480403570042651,-0.013887665393110593,-0.0017704888886619363,91815000,27220000,307124000,84056000,6988500,25321200,24803200,4156900,8936400,9646200
2021-06-17,0.012600871921519596,0.013676311697773169,0.047557038566635734,0.02166464377780497,0.004804696049517609,-0.028860042794717322,-0.032917357270600744,-0.03550358340674664,0.009112860669567846,0.017462619918473088,96721700,27565500,809656000,102730000,5874700,29722400,28491800,7995300,7875600,10553800
2021-06-18,-0.010091630216212955,-0.005634540086812079,-0.0009914464309004334,-0.0006706583139327593,-0.019610479482193854,-0.025303139242182637,-0.02564916846207055,-0.0028169599601672868,-0.014628073332586422,-0.017431084582917422,108953300,37202200,968856000,104954000,12993000,43595700,39590700,7156400,13997600,17539000
2021-06-21,0.01410403398704263,0.012334939392896649,-0.011347467543721956,-0.009446804682075038,0.011483038326629114,0.016968697581453362,0.03625824810403855,0.020827313334419673,0.007876859097987854,0.014328498867223649,79663300,26696100,672384000,65542000,6592300,18664800,33145400,5633900,8014800,6499700
2021-06-22,0.01269826024997256,0.010965883530215326,0.024935781687508873,0.01490466106187549,-0.0013430081612924027,-0.0014624521203390195,0.019172454942581574,-0.00037502925532140186,0.00037586696632496697,-0.002959607632726624,74783600,24694100,580144000,66902000,5627800,14251200,25140400,3776400,6550900,5513100
2021-06-23,-0.0020900529835830017,-0.0009037825095115082,0.009027636928639948,-0.0004621896804161141,-0.0060502927618864,0.006058046739146228,0.007367809236671574,0.003096399576896891,-0.0014272061362166077,-0.010255242694723554,60214200,19518700,332356000,56266000,4493400,12733300,20701600,3283400,5796000,6079700
2021-06-24,-0.002169035563753696,0.005353031077312664,0.007779335601930004,-0.015622946391951387,0.004549978279611455,0.009197855452642179,0.004045936854410792,0.025960325206891843,0.0006769774351562674,-0.006407480784935027,68711000,21446900,320924000,76640000,4549200,13733200,19568400,6827600,6056700,7925200
2021-06-25,-0.0022486347950551044,-0.006262168523264999,-0.009086019493388497,-0.013806561613952328,0.0051419493067697,0.010098110483502287,0.0021700858568061143,-0.01381434184564212,0.014283689294609436,0.013446461747600447,70783700,25611100,278364000,78820000,10963800,15484900,18438300,11274200,24504900,6676800
2021-06-28,0.012546056483757395,0.013961500813793437,0.05012889696619549,0.012474089136242261,-0.0011571902466384065,0.0018172501960014298,-0.025518177826641897,-0.0001847504873609962,0.0029646916866221673,0.017465792344430797,62111300,19590000,495436000,44856000,5604000,14125800,20570000,3172000,6065400,8444300
2021-06-29,0.01150054694743119,0.009973129276858783,0.0020889330736066913,0.0012340341405479016,6.11414702071933e-05,-0.0012310440440201909,-0.006189514434478571,-0.005409617959129531,-0.006798887450191304,-0.014238094514521848,64556100,19937800,367632000,41968000,3749500,14528700,19579300,3443400,5792300,6477400
2021-06-30,0.00462112690505978,-0.0018423858897271828,-0.0012111363071920511,-0.0023143032508132766,0.004328256796995333,0.009082616768197216,0.007345992215959551,0.011761761239792667,0.003943479337715994,-0.010799248369828707,63261400,21656500,326568000,48080000,6151700,12531000,17875500,3249500,5776600,8672600
2021-07-01,0.00226340654367152,0.0025837978807747852,0.010473852447509646,-0.0020900020900020966,0.007405599069179258,0.009901062144007433,0.0028534575824454844,-0.004227457315027494,0.0022974662114054745,0.01241821066221549,52485800,16725300,480136000,40742000,6320200,10479400,22530300,2426300,5922300,6423000
2021-07-02,0.019596302031817503,0.022275598328832746,0.013605829475545894,0.022723749230608936,0.018197190083022896,-0.0009604757357061233,-0.0014227047083870126,0.004845176190002576,0.004880293944130365,0.0012127250441735793,78852600,26458000,342764000,63388000,9059900,11424000,14555300,2433600,5572000,4282300
2021-07-06,0.014718281960730328,3.596363712099482e-05,0.01032356147522484,0.04692710742205475,-0.005976969555698708,-0.016791483913775274,-0.02849449164089979,-0.019471080106403638,0.0005884741139567939,0.011443490794717404,108181800,31565600,446708000,134896000,6098500,15083400,22110800,4348100,6534400,6957200
2021-07-07,0.01795507938256069,0.008175515356888097,-0.01578595320196663,0.005669564076709488,0.008573075376536288,0.0011733151002886189,-0.015642946732171703,0.005479602370647374,0.007501285529149415,0.002661995329343192,104911600,23260000,418428000,106562000,6293500,12271800,21671400,2707700,5532700,5661800
2021-07-08,-0.009199638372000218,-0.008966444353060155,-0.02302225912919864,0.009422227593882448,-0.0019479715634257433,-0.017253950316047484,-0.004469399729085,-0.012017276072738281,-0.00014592170343796784,-0.0026549279236108836,105575500,24618600,503300000,103612000,5755500,17834600,18935900,3723800,7585200,5881400
2021-07-09,0.013055225506631407,0.0018743931088489596,0.00741092042531033,-0.003234704202571881,0.003962552571504352,0.0319996782907479,0.01812428814030098,0.025034074167386233,0.000364888670303376,-0.0018635895547790549,99890800,23916700,296624000,74964000,6120900,13694500,20086000,3163800,5948700,5592800
2021-07-12,-0.004203937437063265,-0.002230943273011987,0.023054695149214988,-0.00021234814297532711,-0.0015908246481119992,0.014316005760947048,-0.000979841943636095,0.005335455154578783,0.0008027364707339224,0.0013335395480555956,76299700,18931700,321984000,51432000,7840500,19940400,21809400,2509000,6807300,5743500
2021-07-13,0.007889409133682745,0.013197841254446008,-0.012797156216499128,-0.011076947823728367,-0.0012391437432203167,-0.014873544655004012,-0.004740828733429181,-0.015509380752929403,-0.001239286310070753,-0.003062999510646369,100827100,26120100,290708000,76918000,4691200,22671700,17147300,2373300,5603800,5165500
2021-07-14,0.024100431307656045,0.005445435156294476,-0.020173066537760187,0.0011747744165069296,0.006794225586358671,-0.0034050979963871075,-0.022174696223794643,-0.01649686818420315,0.007373432611726294,0.011220843122206281,127050800,23113700,380100000,65932000,6162900,14622800,21573600,3185200,5903600,6956100
2021-07-15,-0.004491956759997251,-0.005238882669966749,-0.04411166412861789,-0.013711143174944485,-0.012029263858964079,0.002191830750788659,-0.00974316894569982,-0.001086796249964106,0.008552318951210891,0.014795560836432298,106820300,22604200,550564000,63706000,6656900,11539300,15851100,2737500,7357100,7638200
2021-07-16,-0.014075788567122438,-0.000996444866419921,-0.04245706647385883,-0.01585423166667732,-0.0016033510446897825,-0.022835514868419726,-0.027650569896632393,-0.01636628960762654,0.009701155347414447,0.014319045791860496,93251400,26186800,688224000,80874000,5834900,14002700,27049500,4368800,9346300,9088000
2021-07-19,-0.026914556206152906,-0.013321693921588884,0.034070437294413614,-0.006727030092302577,-0.0072577788319661,-0.03251906229288504,-0.03436849785281482,-0.018178181659238346,-0.0004984842783880561,-0.011935298092089042,121434600,32935600,749060000,75692000,8219700,22172900,37969100,5391100,9544100,9891800
2021-07-20,0.025974062975514522,0.008339344925782477,-0.008932600137919411,0.0066486136498793424,0.009407910244742412,0.018643314118433008,0.011020896285645732,0.02402985994179363,-0.0053402483825992775,0.002337794154352313,96350000,26259700,434687000,65114000,9902800,15385200,26756100,3934300,8136300,6562000
2021-07-21,-0.005131868338440149,0.00744657334768406,0.042875412249753886,0.003361110852517335,0.006173966014649812,0.021040419216233675,0.032165860862031215,0.01331983067848852,-0.0035077953078561652,-0.016716090385443194,74993500,24364300,371017000,46380000,7585200,12356700,20908700,3407300,6954700,8931900
2021-07-22,0.009628730048577339,0.016844638815019186,0.009479839350595487,0.014735635895966048,0.0028910964332247158,-0.012625869698169256,-0.011253500172393238,-0.0074503071026156276,-0.003831483908473099,0.0031628432459265277,77338200,23384100,323826000,65308000,5281900,9913300,13493800,1931500,6013800,5534800
2021-07-23,0.011988968464678784,0.012336376806904914,-0.001837365362063137,0.005115384934792466,0.010648520432943398,-0.001921119983805064,-0.001225787439459558,0.0017689702421685993,0.014441356081758228,0.014188200315410349,71447400,22768100,195672000,48726000,5014900,9666100,14088200,2302600,7906000,4953500
2021-07-26,0.00289469647138918,-0.0021403848547454363,-0.013498326233349234,0.01180863619816197,0.0004655012623695498,0.006704378275704581,0.025245607740201237,0.00715899071136028,0.003505232381912249,-0.0037565006911736143,72434100,23176100,203943000,58002000,4484900,8208000,18387600,2157600,5925800,6014000
2021-07-27,-0.014900453229671373,-0.0086835394715582,-0.004457477122636666,-0.019846876786293155,0.004596405969663708,-0.0013187014326838664,-0.011114947729840008,-0.005354965812084944,0.004063336704323461,0.012351972776663667,104818600,33604100,248863000,82638000,7089300,11218700,16861400,2472000,7075400,7592100
2021-07-28,-0.012195941670149812,-0.001116785527994657,0.01535844261047048,0.0010837371680696428,-0.0027801345441164083,0.0016507503917477795,0.006743849491243292,0.007336929774898193,-0.014838566825878141,-0.00012827420735128658,118931200,33566900,202191000,59988000,5750700,9217300,16855300,3246900,8520000,5177500
2021-07-29,0.004552247973910406,0.0009783764669437645,0.008152649319446148,-0.008373940689987869,0.0,0.008569350892237981,0.012195086257307253,0.005297212502753501,0.0051888115711544724,0.003981936411834974,56699500,18168300,190781000,110400000,4214100,9063500,18607800,3419700,5430500,4141900
2021-07-30,0.00151050391323726,-0.005549853999101129,-0.00829029638186285,-0.07564890713277761,0.00011618694690285203,-0.007973781566994687,-0.023078079146388708,-0.0273334726743808,0.01971606692777672,-0.0033263620268991767,70440600,20944800,183497000,199312000,5346400,9805200,28652800,5834900,14394300,5488900
2021-08-02,-0.002330991604106658,-0.00031575774205372387,0.012872656554892004,0.0011690369463182027,0.000406657189693016,-0.004018880741264219,0.00017354636227184805,-0.007690537275974463,-0.0024607341307499864,0.011681505611903065,62880000,16267400,217444000,67078000,3721500,10203200,20873800,3977100,7009500,7520700
2021-08-03,0.012644504136366974,0.008075167644656212,0.003290986907963811,0.01043374884144277,0.012306273852091154,0.01137781046118369,0.010767820305700226,0.016279958571823627,0.014589506649312245,0.007739811538686858,64786600,17879000,301811000,83146000,6033000,10394800,18208200,3580500,8455700,6249400
2021-08-04,-0.002782466067674294,-0.0021242864980363096,0.023164503892568966,-0.0034222398904129037,-0.0059063624689731364,-0.010792138312983202,-0.023368081415516273,-0.019088714858189748,-0.01055904019144105,0.005666361615140003,56368300,16191300,231309000,43678000,4793100,10155000,20868300,2948700,6628000,8050200
2021-08-05,0.0007487847782858825,0.010505409536493815,0.017904471582850467,0.006340362999381677,0.0019033882840413519,0.012629210549485848,0.006333827576429529,0.013055105645782605,0.0004913127727139699,0.007762671957011413,46397700,13900200,211435000,48670000,4291000,9151500,15180200,2685800,5363300,6283700
2021-08-06,-0.004767343996143092,-0.00020715331615572818,-0.013131948690412898,-0.009197334693852421,-0.003339234615466813,0.028403419423058685,0.011538500435535726,0.0055985215263596455,-0.007648888282245414,0.0014908999204048534,54126800,16589300,178497000,52752000,4581100,13328800,14888500,2677100,6030100,4634300
2021-08-09,-0.0003420414724485399,-0.003903869679024896,-0.0034859730436606062,-0.0009177334401756498,0.0034662843424035916,-0.0010791924146272835,-0.011406882121211992,0.002591820344457041,0.005445042981290893,-0.0006206535224704268,48908700,16117600,146443000,42964000,3950200,9516900,17828200,2747200,4743800,5621600
2021-08-10,-0.0033540495531294567,-0.00655500048933455,-0.01768919382594758,-0.006340816609805455,0.0003450932323074696,0.01226692751032954,0.017132846491925147,0.02479767351843787,0.0006332163990931949,-0.0003721367918995133,69023100,18616600,179238000,48252000,3678300,8667000,16340200,4193600,5253500,4506800
2021-08-11,0.0017855972951412724,0.0017805087246582918,-0.011888149168192919,-0.008603643493863333,0.00017283474812801458,0.011930492906999213,0.0029220532975862135,0.035455677546340825,0.0024599822663677884,0.022848583517768972,48493500,13955900,185925000,58944000,4221300,9156500,18278600,7794100,4205000,9419300
2021-08-12,0.02077346536024649,0.009967112526036548,0.01045764508671354,0.003459810192938395,0.008055289617008743,0.003908856060530708,-0.0022618340122319003,-0.0064059588816941515,0.002314055055112396,0.007648423108254532,72282600,14561300,151652000,46282000,4300400,8844200,19225500,4444500,4956100,6762800
2021-08-13,0.0014104173026263656,0.010489478465625313,0.014217468789270882,-0.0028848279463596915,0.0059928455105136,-0.01118739417433079,-0.010113170144353423,-0.007582777769272631,0.004826390632741484,0.005421545295956065,59375000,18249000,183063000,41134000,5882100,8980900,20063000,2049400,4888800,3999500
2021-08-16,0.013547927469941712,0.005975713447162523,-0.011789178146318413,0.0015239472057770875,0.009021555857993357,-0.00656320557097656,-0.014620410214359225,-0.003934694045456544,0.006962111842561569,0.005991842043132856,103296000,22507600,210876000,66394000,4782800,8755800,16959500,3132500,6040800,8579700
2021-08-17,-0.00615384520178508,-0.005159678779319332,-0.024661516997520394,-0.01728702615047184,0.009165582135058914,-0.012080997428157492,-0.006792888792021778,-0.019613166323024234,0.0016593495387358104,0.00011917179863329963,92229700,20075300,204585000,67758000,6041900,9347200,16243700,4022800,7577000,5257000
2021-08-18,-0.025501201289054642,-0.006118842383851519,-0.021482307405151557,-0.012566487390164305,-0.012704404281965953,-0.009107452695390261,-0.02105837874359895,-0.017007111941094832,-0.010905612655815133,0.005478712099205696,86326000,21813000,285913000,56086000,7134100,8065500,21890500,2947700,7162000,9511700
2021-08-19,0.002323067138706225,0.02077486886004376,0.03981086513499066,-0.0042078187123096855,0.007788568336957402,-0.008355859721152825,-0.030520421912347717,-0.025547047348116636,0.011793468792072215,0.001540103510057067,86960300,29850500,766555000,75658000,5615000,9517700,30923500,4788100,5787200,6968000
2021-08-20,0.01015694243489107,0.02557549051448116,0.05141906147451247,0.003827154714335368,0.004871871010347251,0.0028522619169710772,0.00018983428204388808,0.002396795434059351,0.0006898339107508367,0.02046114116746134,60549600,40817600,675741000,67168000,5428700,6974100,16918300,2765500,5273800,7589700
2021-08-23,0.010256865493575074,0.0009527095852284173,0.05486183483689233,0.02060035500127988,-0.004316599771794993,0.012796965358766288,0.041145094900382206,0.020493732891444516,-0.005100409672822104,-0.021789587963903068,60131800,22830200,575807000,65362000,6461700,7934600,21632600,2827400,4522200,8837100
2021-08-24,-0.0006010348043190561,-0.006663344225474321,-0.007514495399905896,0.012220318769066596,-0.012499421555652535,0.0061901681097806804,0.008195266633972187,0.01649624099367686,-0.008105418411537446,-0.003080533070547342,48606400,18175800,297299000,51036000,5734800,7670900,17915600,2485900,4560400,5786100
2021-08-25,-0.00842142283293168,-0.002015591338960232,0.01927235148247375,-0.0019965141547840792,-0.00661370265114547,0.020612531066729556,0.001806322375679681,0.01020723511813193,-0.003561525425818335,0.004635078117245728,58991300,20006100,347701000,33606000,5700300,11335000,13270300,2599800,3861500,5930000
2021-08-26,-0.005527138343821014,-0.009668584301418814,-0.00652759432827732,0.005098257262930783,-0.005337671042521586,0.0051581651541008355,-0.01352326971587603,-0.01639033138992041,-0.001752687710260381,-0.00398129521134627,48597200,17666100,237940000,41976000,5031600,11027500,11842600,2513900,4749400,5294000
2021-08-27,0.007184859132982613,0.0021064455166011076,0.025738747413123653,0.01014175672465778,-0.00213517916841377,0.008037016763101423,0.019374968762487343,0.007527150776023728,-0.0007724746383538372,-0.004772521321840251,55802400,22605700,304722000,48048000,7046100,8780200,15822500,2511400,4741200,5974200
2021-08-30,0.030416863464636457,0.012911898561018598,0.002297170206860155,0.021476998866989616,0.004221549489050291,-0.016007363399712315,-0.010937902354449025,-0.0064841854401240795,0.004356847660724306,0.006473881494488687,90956700,16348100,262580000,63844000,3252700,7937600,14086100,1922100,3845800,6001700
2021-08-31,-0.008424675382842639,-0.005632583987770556,-0.013181130532866514,0.01438520002272603,-0.003052218215965574,-0.0030542314176479346,-0.011602556520208474,-0.0027428265198573554,-0.0037780556194481063,0.00047673916072676903,86453100,26285300,259850000,87128000,7106800,12340800,27104100,2857900,9642400,6844000
2021-09-01,0.004478644492207584,-0.00016559169621899184,0.0025015549341036447,0.0023654092095504176,0.0035235078090118943,-0.0014378824955048053,-0.013756348476227975,-0.013800055524717192,0.01018315033160122,0.016073139237348544,80313700,18983800,201767000,72598000,5327400,8729900,21644100,4122900,6214200,5862300
2021-09-02,0.007474901745002205,-0.0022529425084306665,-0.002005107300578346,-0.004564478889317991,0.006849145281461189,0.004633063920824743,0.024362976556827398,0.01836894086312446,0.0007646127767266808,0.013358605053529038,71115500,16285600,187834000,58474000,4544300,8813300,23293300,2921600,5392500,5214000
2021-09-03,0.0042304210518200325,-3.3198618853647055e-05,0.019958917848582836,0.004311086264728647,0.0006290432186923933,-0.006045009981863858,-0.0038127446725033654,-0.006658061571616858,0.0006949358817303075,-0.009135283533085237,57808700,14747900,280532000,51514000,4096900,7959700,13840000,2512000,5466400,4621100
2021-09-07,0.015489333039853115,-0.0031879063365699567,-0.007923707780196354,0.008982024369138308,-0.015539353419150803,-0.0017553653565284266,-0.0058318992223597155,-0.010172589985863456,-0.003748798786697982,-0.007702308475053821,82278300,17180400,198107000,54758000,6859900,9285600,14354400,2641100,6520600,6791300
2021-09-08,-0.010083433428579203,9.991769135719863e-05,-0.014252906055937542,0.004619174430729789,-0.002437382626653717,-0.004459635814078711,-0.009165963557869028,-0.00701128304447729,0.00759570619370864,0.016582379860873964,74420200,15046800,254434000,61068000,4661700,7852700,18756700,2603100,6897800,6230100
2021-09-09,-0.006705181912739833,-0.009859661711027146,-0.007251823692838277,-0.011726004336084506,-0.02228031169478295,0.0043532163704944615,0.0007401389117163149,-0.006528903013520604,-0.00421871295333387,-0.00694116710724868,57305700,19927000,196856000,54384000,7114600,7904300,19110800,2777900,6354700,4108300
2021-09-10,-0.03310183382010612,-0.005180832585228945,0.013572526849204403,-0.004308001431212238,-0.006544835086123024,-0.01149574742708337,-0.0020336316499431906,-0.001996211944443993,0.0009723331209263719,-0.01060103670260859,140893200,19633400,248376000,47946000,6699300,8311600,15123700,2551200,5750000,5508000
2021-09-13,0.003893645533659784,0.00432866358990891,-0.014502894899372287,-0.0034532897607970625,-0.007007233110453259,0.01588741969555052,0.02575031326474897,0.005804786140943152,0.010754045558585057,-0.004120885843631461,102404300,23652900,297500000,51380000,6273500,10052800,22052300,2699100,9952500,6498800
2021-09-14,-0.009562225021412574,0.009427728851645334,0.004062790478174039,-0.002073980962099431,-0.006031611264609937,-0.017453079875907163,-0.014267664468149421,-0.01876811867777528,-0.0017164746851149326,0.00070918023839317,109296300,21853400,199755000,38738000,5259600,11685600,19940300,3757600,5831800,4658200
2021-09-15,0.0061437911247814725,0.016778658346964015,0.004450805657003398,0.007475391332653958,0.0037622042056224547,0.006939569440363114,0.03371189284531173,0.01680427820417041,-0.002131397386981315,-0.00035438894065964455,83281300,28356300,166538000,59150000,7935300,11691500,23240900,3342700,6237100,5707000
2021-09-16,-0.0016104209863018193,0.0013121631063646166,-0.004431083764318444,0.0035819053548502566,-0.0012088446685427634,-0.00044274728842885747,-0.010634393901871153,-0.010353493642313971,-0.006959643726870635,-0.00720969958298423,68034100,19550800,156033000,51672000,5665400,10880900,17907200,3120100,6142100,5380600
2021-09-17,-0.01834816542963147,-0.017528448829306376,-0.015376580623313818,-0.007373319866162298,-0.0028447528475569195,-0.002593381301791986,-0.011823862599481871,-0.01890948216342303,0.0015957295831352525,-0.028095215541534824,129868800,41372500,294503000,92332000,13419800,25581600,30000400,6351100,18737400,15390400
2021-09-20,-0.02136086046584096,-0.018574769365392596,-0.03593604016845531,-0.03084174438431353,-0.005705632957297424,-0.029933978293080976,-0.026649545676852626,-0.04470584886601181,-0.010045463866902749,0.0006126297318269636,123478900,38278700,349440000,93382000,7270800,15819900,27555100,9151100,10238700,8994100
2021-09-21,0.003427526616407661,0.001699102685171594,0.006299451089343933,-0.0036057473697842513,0.004395303505967174,0.0001307518992186285,-0.0009312123062857891,-0.005135902413436755,0.0015395111906464365,0.002815374486758948,75834000,22364100,204688000,55618000,6663600,8999900,19696800,5699900,6651300,6450700
2021-09-22,0.016872621353230643,0.012822165575739897,0.032712186230068774,0.01089234819407503,-0.003646776605314872,0.01915281617036846,0.02926895111157446,0.007954099552137883,0.0034241526817251344,-0.0002438622309904881,76404300,26626300,268726000,48228000,5657100,11236200,25690600,3924400,6332500,5662200
2021-09-23,0.006719351242127747,0.003281890986081004,0.024656899931247978,0.01063594079605279,0.005673046065356013,0.03380150582751407,0.03387065079144591,0.02754105655906014,0.004108624553954554,-0.007692596908646987,64838200,18604600,248555000,47588000,4697900,12336100,23069400,3367800,5171200,6414300
2021-09-24,0.0006129298908625902,-0.0007006610639751498,-0.017836406746717937,0.0027868730462519142,-0.003032585541195787,0.011540207775150524,0.008934751625513382,0.0010172231916800722,-0.004438702320204491,-0.00701354119793951,53477900,14999000,217655000,42324000,4399300,10102400,22328600,2199500,5009400,6113800
2021-09-27,-0.010550067307787181,-0.017304292105857044,-0.019066182548372113,-0.005756835077931344,-0.007240336926115032,0.024165404691233627,0.029692781400740387,0.016156833620362132,-0.01316632047702282,-0.02403977852419681,74150700,23571700,245215000,72690000,5775500,13220900,32972200,3033100,5749700,8600900
2021-09-28,-0.023801137706927045,-0.036203611044341555,-0.044367489764294166,-0.0263784679831095,-0.0022062190138222304,-0.005389612750049344,0.010455297702444799,0.002750191705195748,-0.007553046007432673,-0.01891825551126347,108972300,43186200,343069000,88616000,7610400,13387900,37619300,3247500,7015300,9257400
2021-09-29,0.006483156446087657,0.0016931801028143845,-0.008792734392665591,-0.004475351789266391,0.007431836974898687,-0.0007825938319533376,-0.0006675582187438689,-0.013363480301865294,0.010171315063766784,0.013976945039312572,74602000,26353700,218394000,51246000,5124100,7777100,23422800,2954700,5460000,7496100
2021-09-30,-0.009311962191678735,-0.007324082429687073,0.009699213892705227,-0.0048710792439015105,-0.015363815052569674,-0.013618838552554191,-0.017701999327938367,-0.029817472632839737,-0.01563133765458047,0.0021696048740158513,89056700,32343600,221009000,56848000,6972300,13161200,31289600,4978100,6934900,10186800
2021-10-01,0.008126903908358019,0.025468342614529682,0.0012550478913690988,-0.0005418778291703674,-0.006377922337878816,0.021015448243421275,0.035872210334103816,0.012293568913793518,-0.0015739636342710916,0.008787652667922918,94639600,30086300,240978000,56712000,8568300,11285000,24407300,3695500,5587200,7961100
2021-10-04,-0.024605491347164166,-0.020719531512504163,-0.048693401870869124,-0.028471678341373097,-0.007789565709444002,-0.0010767916159810653,0.012965634742260645,-0.0061750062236557435,-0.005659612903100242,0.001893843658729466,98322000,31350700,345635000,90462000,8620700,14120000,33946700,2864600,5816000,6027800
2021-10-05,0.014158473593055554,0.019957235450327904,0.03643816298224811,0.00978753803838428,0.002261059778687402,0.01633003336596972,-0.0016202596151472237,-0.0032619720604852853,0.003890507182042091,0.0015119758750861134,80861100,24993000,279282000,65384000,5129000,12292900,29641600,3074600,6902700,5434600
2021-10-06,0.006306952028659385,0.015064098573332352,0.012175574687723456,0.012732016728672857,0.0020678996217093903,0.0021343275843150877,-0.018338331589983325,-0.0033248503456732026,0.013349914010627684,0.021389188888614852,83221100,28002600,297202000,50660000,7312600,8692600,25284900,3777700,5332900,6876200
2021-10-07,0.00908474034519946,0.005936301771152674,0.01811586977299351,0.012391203105561077,0.008942549431353086,0.006330887092278026,0.0028105527103876593,0.020275297042172902,0.008003189904054686,-0.003202764346137643,61732700,20430500,256919000,48182000,5309200,10195400,19513600,3510500,5334600,5753200
2021-10-08,-0.002721792001225243,0.0,-0.011577661560839614,-0.004181805261295635,-0.0025412561962728786,0.0007642495423221263,0.025057679656052878,-0.003014149395692556,-0.00414557723603215,-0.008773998847703135,58773200,17685700,151258000,39964000,4343200,8190100,22186900,2713200,6131800,3592900
2021-10-11,-0.0006296774520063719,-0.002102507959547917,-0.006528863444530075,-0.01286860335091844,-0.00422542644767232,-0.021031777363209936,-0.009971037869014654,-0.011631318209288533,0.004162834588338882,-0.029672219724560578,64452200,19298600,163388000,40684000,4101600,12154700,22121500,2015200,5995600,8798700
2021-10-12,-0.009103060514735528,-0.00458850666280497,-0.0011596317031136172,0.0003172745113595443,-0.015974957451330707,-0.007681117868911902,-0.0051981200686155304,-0.015397625247248636,-0.0014752564063729157,0.013362477922211013,73035900,17974100,162134000,36392000,6686400,13032600,20198600,4706700,6734800,7791200
2021-10-13,-0.0042401112808923,0.011711355091094777,0.012965194421055592,0.011378601203982708,0.009575728690951468,-0.026366779035019272,-0.002775987262947588,-0.005159894415842192,0.002321941074183931,0.016736353521279,78762700,23416300,180652000,48402000,6901100,22753500,14991700,3253200,5689800,6260100
2021-10-14,0.020225626626636517,0.021733924221149614,0.03854040909224077,0.004743759227551214,0.005716249167934118,0.015341421849520476,0.015228404365174919,0.028527532120165455,0.011302974014682166,0.01583768038427813,69907100,27262900,243589000,42190000,4579200,15176800,18594500,5212900,6777800,6486000
2021-10-15,0.007512554263028326,0.004822424419393734,0.005334334531748253,0.03308023939004423,0.0074323116512566845,0.019208680135845313,0.00951613156045994,0.02413434625333366,0.00256844029139236,0.0025777715574137883,67940300,25384800,226994000,103598000,6918400,14267400,16092600,4736300,6923700,14634200
2021-10-18,0.011806102283826059,0.010124706433898956,0.016467087330602315,0.011064772529006062,-0.007315781075474703,-0.0003601998402140705,-0.000479293172786055,-0.00422088276036181,-0.014402252378085456,-0.008326251279911046,85589200,22729300,189494000,63482000,7465500,12672900,18282800,2809400,9119000,4942100
2021-10-19,0.015080146882240797,0.003059136602159951,0.003059920044226505,-0.0007514424560826072,0.023420099685717455,0.01212848575161396,0.015025430748079938,0.014936080620524761,-0.01180295502242501,0.0128410069274969,76378900,17682100,161473000,47722000,10081300,8053900,18933200,2626900,9555300,5717500
2021-10-20,0.0033611161432798298,-0.002660574283761985,-0.008389431644857948,-0.008446195751808605,-0.0005493033815350268,0.013466111673073211,0.005511736527445965,0.015163457491487398,0.003910460022037876,0.023040500580193024,58418800,16537100,146276000,42796000,6003200,8185600,14305200,2936000,7352700,6942600
2021-10-21,0.0014739620915538154,0.01089762714479714,0.02664787805375135,0.005841756945129006,-0.00232015984859979,-0.007843663230603926,-0.018167484317500815,-0.010039566560755997,-0.007196940741285629,-0.001310945204734515,61421000,16918100,187590000,37628000,4524100,8415200,16564600,3071300,6545500,4945000
2021-10-22,-0.005285002781443171,-0.005148733987084153,0.0014983979244944656,-0.028954833317208384,0.0019582298895524097,0.013451422148182068,0.006859216384100364,-0.0018902560725436723,0.010765799609348425,0.007278520121624776,58883400,17449300,249384000,62782000,4304300,8817900,14266800,2632400,5265000,4732400
2021-10-25,-0.000336070677571354,-0.0033314753160499366,0.019361139416501638,-0.004550989805058192,0.002199017474548537,-0.004889843358669821,0.019486786781133247,0.0077747378936183775,0.00014205341687567596,-0.0015398213228475788,50720600,17554500,230235000,44520000,6715400,10159200,17939800,3294700,5382100,3987300
2021-10-26,0.004574551505203139,0.0064257520568005155,0.0669514530747981,0.01677526160393561,0.010177969898298667,0.002690820998833887,0.023154619751591277,-0.012709605209026198,0.014199491794047558,0.013999223064908195,60893400,28107300,485898000,53966000,6939100,8015100,25585100,2933600,6234900,6969100
2021-10-27,-0.0031475732089474295,0.04211392492346455,-0.010761848765954207,0.004863638245470758,-0.012126594604073837,-0.020828156559676292,-0.025972157802821805,-0.017581701902552593,-0.007140743483730616,-0.005382021070145515,56094900,52588700,245990000,54044000,7018800,9847000,21764500,3406700,9643500,4356900
2021-10-28,0.024991505168888706,0.0036514889215431,0.02004029162419152,0.01594115275917063,-0.005435672202694808,0.01507466695749815,0.0028067703872809435,0.040585280606262764,0.005993278270765678,0.01658617855707356,100077900,26297900,234204000,114174000,6278800,7212900,16626400,4462700,4538500,6568400
2021-10-29,-0.018155420105363418,0.02241419965296254,0.025099163869501284,-0.021511245053778105,0.0001842831254712518,-0.002759174641180473,0.0024879545084868226,-0.00039182526059200473,0.002172806380595693,-0.01261272067574104,124953200,34766000,292503000,129722000,8526800,8140100,23966300,4292200,6239500,7792600
2021-11-01,-0.005607501334945919,-0.006785162915143528,0.010169264990454563,-0.01610709978002456,0.0008597241213663676,-0.0005295194102582501,0.01799283613866276,0.006715286546609134,-0.0024475567784688623,0.0030469986367538393,74588300,27073200,265740000,72178000,5846400,7435500,19656400,3215200,5038900,5135200
2021-11-02,0.007116053256555954,0.011415767124057563,0.022224624721689956,-0.0016154097805501921,0.015764980857808863,0.003945851810123191,-0.012341961254787148,0.008472051817046022,0.009954971910215438,-0.0019863764428162956,69122000,26487100,294112000,52552000,8450600,7173800,16300000,3429600,9954300,7266400
2021-11-03,0.00979865851303141,0.0026116720324633746,0.0074621901006375335,0.021507811127532195,-0.0032009674090101026,0.00035194432837237777,-0.013730310379311272,-0.017236341230479235,0.006872113079636533,-0.0021071161397568927,54511500,21500100,239910000,67944000,6717800,8402700,17372800,3137000,7620100,5723200
2021-11-04,-0.0034986047867835435,0.00730545539976335,0.12042236600033163,0.02748232410840923,-0.0027866979069567366,-0.013135526725488234,0.0075084363929793785,0.00019639197577281386,0.0018616956327079937,-0.005630907554175613,60394600,23992200,1153631000,107060000,8224400,9574200,17720100,2543500,6402500,6594000
2021-11-05,0.003582439736759868,-0.0011295956497536785,-0.001644129178774878,0.01207642928374364,-0.007108335795243614,-0.001426013466562237,0.009470409821584314,0.011248257080873847,0.00495429045476703,0.009084270068306477,65463900,22570100,851260000,99940000,6215900,7975600,18565100,2591300,6062700,4885400
2021-11-08,-0.0055526771821716725,0.0027673074259226826,0.03535890982577716,-0.008527948857282919,-0.003426168756318515,0.006009810783390357,0.010766111800702083,0.04065468602409439,-0.007463639029637981,-0.01099045727633674,55020900,20897000,503101000,61480000,5578800,6413700,17696000,5944700,5854400,5391000
2021-11-09,0.002459335917229355,-0.0030859232093376487,-0.0047720334210475945,0.025007238016599764,-0.0022104930467762296,-0.007571168168773568,0.009738370481003455,-0.020723311586956172,0.003035415586842838,0.004137650382181057,56787900,21307400,646746000,85898000,6112800,7990300,18781300,3310300,4873100,3917600
2021-11-10,-0.019163148532745145,-0.015329800099474267,-0.03907760586778142,-0.026334994227121156,0.01083019797871776,-0.0009537675282056401,-0.01970088833764605,-0.014965951752709095,0.009835710670905495,0.0030608893167283213,65187100,25500900,636206000,80548000,6225100,6999200,20177200,3261800,7334900,5192700
2021-11-11,-0.0003380643046075882,0.0049273957080497865,0.03160325182576229,-0.0027425987825921982,-0.007366410367854681,-5.9351411415997646e-05,0.0018694489064268183,0.00899968989624056,-0.0028607263970253927,0.001995369857798135,41000000,16849800,332172000,45288000,4118800,5815300,13319300,4819800,4096300,5370200
2021-11-12,0.01433717409389601,0.012905123882073877,0.0,0.015162029225161966,0.011959085213322673,-0.0044747755685787816,-0.007619259993784655,0.003548770388620337,0.001092844798870951,0.011010759064698616,63804000,23831000,413054000,53788000,18995200,8113400,18158900,2018000,5687400,6467100
2021-11-15,6.651370244536992e-05,-0.0019304238165406273,-0.01201050534027337,0.0058238044631160335,-0.009029797698091535,-0.0017977931631856237,0.008617902326433446,-0.007454490229540589,0.005731718601746483,0.01193383171805329,59222800,16723000,384909000,58594000,7496200,6492500,18849200,2392600,5510200,5543000
2021-11-16,0.006666491660452412,0.010235832084717789,0.0059282899383485965,-0.001404486161877938,-0.005198177227643708,-0.007204632943767941,0.010097741265314042,-0.010976869272386836,-0.0014246202624280668,-0.00412178486357595,59256200,20886800,264484000,44342000,7594700,9706100,17028700,2138000,7603900,5497200
2021-11-17,0.016490203105482548,0.0006786889171845889,-0.031188923344908304,0.0023441312596286235,0.0037500760784869858,-0.005382345353785012,-0.010919588736876373,-0.011926125712647062,-0.0006116190428168133,0.009197561789839881,88807000,19053400,428508000,51206000,5414500,9909600,15497000,3135700,4900200,6203100
2021-11-18,0.028536124196422374,0.00633994292148321,0.08249896084440822,0.04143700734081479,-0.005389615036655027,-0.008633417638873264,-0.0108847926923209,-0.007685653624723288,0.00013588385221652288,-0.002050755250222358,137827700,22463500,781711000,114070000,6358700,8122500,16948200,2119900,5509300,5537400
2021-11-19,0.016976039822489852,0.005391646158645846,0.04135749793542254,-0.005273114275827329,0.0030172412882270017,-0.013063735512600982,-0.04621905143099836,-0.004865423940660474,-0.002039127397938101,0.008105126587708789,117305600,21963400,533867000,98734000,7620700,12193600,32035500,2980100,6274300,6765100
2021-11-22,0.0029273114170962344,-0.009559569285843117,-0.031196035564409863,-0.02828730052206352,-0.013161788120566342,0.021314974605897152,0.013845239637354512,0.009678868484460645,0.006675028259725879,-0.010757539619377754,117467900,31031100,754335000,96844000,7634500,14549900,21994400,2596500,6625400,5214500
2021-11-23,0.00242204425638759,-0.006326511271747104,-0.006571280354254472,0.0020909577736383245,0.006198725563116847,0.023912210660590683,0.026337166326268813,0.014576331482055949,0.011095979164096326,-0.000572225756218181,96041900,30427600,532163000,73804000,7734000,12354400,21185900,3127100,7912800,7408000
2021-11-24,0.003283525847026736,0.0006810274424693397,0.029231891950531885,0.00010331533981333685,-0.002800042052613083,-0.007844145176408635,0.005544330964914801,0.008474275732333059,-0.0052195361134739215,0.0032786041084325035,69463600,21661300,435162000,46560000,5230900,9629800,15869700,3880500,5665200,4553900
2021-11-26,-0.031678292099783234,-0.02435571182285401,-0.035838986692228514,-0.021184701669844985,-0.006490393028941943,-0.030126776122914922,-0.03512941122669244,-0.04027641893718181,-0.008004841846845911,-0.012842628508841769,76959800,24217200,283069000,59826000,8523100,13619300,24979600,3496000,6299800,4340700
2021-11-29,0.02187367590883338,0.02108110363733262,0.0594546304204826,0.016267432688752415,0.0034548025224427903,-0.004322877718021312,0.005551112464202035,-0.01413984478784025,0.010510581612967584,0.029852695102691174,88748200,28563500,454964000,65312000,9188500,12104400,18946400,4559900,7113300,8712500
2021-11-30,0.03157757939705075,-0.017942530149157143,-0.020973178669873915,-0.015302274022490625,-0.023912225055030656,-0.014885508700951844,-0.028413674635155317,-0.013117398404323466,-0.029794415263419305,-0.021204855130432465,174048100,42885600,622066000,80022000,14981700,18922600,34979800,6358000,11696400,16328300
2021-12-01,-0.0032062544417541528,-0.0015426773107591885,-0.03786102774871225,-0.0180634873037836,0.013788032289708818,-0.005918197772568856,-0.0008356459524273552,-0.009723146388135762,0.012587838305300414,0.012214900578755739,152052500,33337600,484368000,74916000,9835800,12253400,30630600,3425300,8313500,10062800
2021-12-02,-0.0061299259801236294,-0.0017875018693328526,0.021981944609759774,-0.0018468889124809706,-0.006262790241495342,0.02102727095127377,0.024920553801424994,0.027784724316557208,0.005874285632645471,0.00887967509519183,136739200,30766000,472890000,64726000,11334700,12969900,29216000,3445700,9468800,8303500
2021-12-03,-0.011724358490019071,-0.01966667819575285,-0.0446056752311641,-0.013839076006382012,0.014577909947220302,-0.01811337281945935,-0.00636404846805827,0.0051326676265064375,0.017791870418973676,-0.006657653199166225,118023100,41779300,544325000,80712000,8750500,12681800,22014700,3250900,11200800,11191000
2021-12-06,0.02150263504528982,0.009844992103168915,-0.021372882353142608,0.011086219388703134,0.022336408453807577,0.011814250035707685,0.011331865961314413,0.01759350870139631,0.015145361095889598,0.01272309695359275,107497000,30032600,658938000,68860000,9692000,11186500,19210500,2838400,11935100,8946400
2021-12-07,0.035446420703725945,0.026763508884221743,0.07956811824357701,0.027986504263362688,0.0025779750890249087,0.015047280023026355,0.011204893608828481,0.015947752684519978,-0.002629137898864875,0.014133553569439128,120405400,31021900,593053000,66410000,8311300,9851600,19800400,2818000,7913400,7909700
2021-12-08,0.022783075268741015,0.0001492654036632235,-0.01853368328587668,-3.689871657430732e-05,0.005998590408474724,-0.011441286418095942,0.0028907056910068007,-0.0014668925510249453,0.004481038536509052,-0.000995503373754092,116998900,24761000,475551000,45254000,6216400,11705700,18214400,2341200,8329300,5356500
2021-12-09,-0.0029701707279238265,-0.0055827079469897845,-0.04197816862875048,-0.011279643604146683,0.009492653937045459,-0.0015555975040416614,0.0025620012897253908,-0.00029382559720048107,0.005839211700334079,-0.004539538154262779,108923700,22214200,488507000,46062000,8574200,11189600,16910300,1646600,8334300,5731200
2021-12-10,0.028013227443173028,0.02833997766174967,-0.009577058730439791,-0.011247564604614624,-0.0024711477648541313,-0.0039884750161574,0.006388635531841214,-0.0032822315728275875,0.013957637836995662,0.004115186908952628,115402700,38095700,488825000,60690000,6572200,10405400,17942400,3315200,7172300,4996700
2021-12-13,-0.020674133993318078,-0.00916695785188204,-0.06745485175398314,-0.015356076499860039,0.017886217218078704,-0.011888419713347309,-0.02190134281970002,-0.010862079941676761,0.014215793129107368,0.016171952512979315,153237000,28899400,598344000,62170000,11142300,12069000,17793700,1868500,8944000,6446500
2021-12-14,-0.00802322719623838,-0.0325869203754654,0.006249886338559829,-0.0028071293797337082,0.010923034684096056,0.0076620194509304795,-0.0014602209668097554,0.001937848685757082,0.0036785960804148754,-0.018639708887803863,139380400,44438700,667035000,55976000,10482400,12563600,22551100,2248800,8677500,11022600
2021-12-15,0.028509071871822833,0.01921781073989104,0.07488442631192394,0.024977573145925636,0.0049913713873221965,-0.007478084368988891,-0.004387423140588376,0.004513091822094584,0.0038544182979185493,0.021881982788218624,131063300,35381100,698297000,75794000,8552200,14014200,19961900,2193700,9152600,9590000
2021-12-16,-0.03926373264089922,-0.02913466543257137,-0.06802594417408891,-0.025641174633125208,0.010926957058759124,0.015638760398146268,0.0016322140706770405,0.017872012502593737,0.01416372420831813,0.0024998611545241634,150185800,35034800,707366000,60876000,8998600,19542800,21187800,2856800,10852900,7623300
2021-12-17,-0.006501629247212315,-0.0033859852669672064,-0.0206429276577641,0.00678920370502567,-0.027628833148963805,-0.022754137740273794,-0.021834805825001413,-0.02328181795568318,-0.022655454456556146,-0.013986821464718635,195432700,47750300,713758000,85542000,16726200,28082000,44338100,6079600,24349400,15335400
2021-12-20,-0.008122109469458794,-0.012013373730511145,-0.0029498162130120464,-0.017283556389377508,-0.002853192663514137,-0.0179892586208239,-0.014492780984107445,-0.02934884190573117,0.0025400471736820585,-0.010996395580490592,107499100,28326500,461847000,57372000,7954500,15148000,21819300,3605100,9202600,10167700
2021-12-21,0.019086849543455964,0.023068945371140126,0.04891954740594384,0.019978649621920752,-0.003218861113586713,0.013966528728768246,0.022650401575326384,0.014580833416097505,-0.0006333227797346019,0.0056704155806985845,91185900,24740600,524385000,55956000,7954200,11291300,19798900,2303400,6946000,6287900
2021-12-22,0.015318897634607476,0.018057406223058514,0.011177946255710447,0.0036381058820253998,0.004305640202096894,0.003907955020731935,0.008099229119673534,0.01936365789166339,0.009888641187257186,0.0038697011383237445,92135300,24831500,395184000,55036000,4178200,7273000,14058300,3558700,6626300,4142900
2021-12-23,0.003643809613096627,0.0044716944640992295,0.00816334118117501,0.0001841364158221559,0.0019058988457512083,0.0035735746908582833,0.0004919908196971967,0.020034596859742182,0.004895853791396343,-0.0011015396721237858,68356600,19617800,343022000,36788000,3501500,8055200,13543300,2669600,5640900,5845600
2021-12-27,0.022974958786144306,0.023185620789618833,0.04402814157644297,-0.008178022851368039,0.008439710347860174,0.005723159856729776,0.014257503117183656,0.0008729641465310412,0.011680075504323595,0.006835810922548147,74919600,19947000,403686000,58688000,3704800,6188100,12593700,1711200,4548600,5410300
2021-12-28,-0.005767483544870999,-0.0035039667834686483,-0.020132306394170962,0.005843719029521299,0.0040080103943829215,0.003034910796854362,-0.00323151441768299,0.0011628307984816733,0.005371040102426061,0.006132405921268846,79144300,15661500,420591000,54638000,3187000,6342300,12781000,1393000,5929400,3096400
2021-12-29,0.000501923490262346,0.002051137096937161,-0.010586283037349875,-0.0085549217086347,0.007044259158447641,-0.000504359219143824,-0.008753368521379201,0.0034363107506845125,0.008290611863024822,0.0011969636721249621,62348900,15042000,343139000,35754000,3662000,6398900,12733600,1334900,5346100,2945400
2021-12-30,-0.006578215579309377,-0.0076910719176584985,-0.013832937464131279,-0.0032890070546229833,0.004430133773504652,-0.0005045068386864138,-0.005887372433313942,-0.006029082492042925,-0.008648584675719717,0.0084793581030711,59773000,15994500,308864000,37584000,4231800,6948200,11940300,1465900,5911500,3716300
2021-12-31,-0.00353539222032051,-0.008841369336497928,-0.005915016853267119,-0.011429400216389607,-0.007196227518281417,-0.0008200235462682004,0.006580121991251353,0.0032026793615698157,0.0049763395882322925,0.006359918340036019,64062300,18000800,266530000,47830000,4409500,5805900,14072000,1374500,5327000,4811800
2022-01-03,0.025004272878745848,-0.00466815441799151,0.024140791438877596,0.022118320898886212,0.002747230846313231,0.02115541186111991,0.038405147622733615,0.0012577253227756824,-0.0041570754581274905,-0.01820916055780686,104487900,28865100,391547000,63520000,6012200,13120900,24282400,2055600,9317300,7864400
2022-01-04,-0.012691749110347095,-0.017147063309962296,-0.027588898587761923,-0.016915587005979504,-0.0026815691313470946,0.0379098755846381,0.03761387860147658,0.053526692435422074,0.0034995038503757847,-0.010691556290048254,99310400,32674300,527154000,70726000,6748400,20195800,38584000,5242300,9253800,8379100
2022-01-05,-0.02659963060880255,-0.03838796827299884,-0.057562459880271866,-0.018893091563845,0.006663457482780855,-0.018282195454949357,0.012437581191804714,0.00765758744540368,0.004526597163498902,-0.010476565056118048,94537600,40054300,498064000,64302000,7016100,17539400,34033300,5378200,9330200,6722300
2022-01-06,-0.01669335224383517,-0.007901916060164549,0.02079428507621217,-0.006710981961323137,-0.003425634491688978,0.010623973548381738,0.023520637541611045,0.010193463066685782,-0.00840377223169142,-0.04413259430761707,96904000,39646100,454186000,51958000,7301600,14047500,30668500,3913200,7556000,12658600
2022-01-07,0.0009883914004609196,0.000510008196237921,-0.033040058061884814,-0.004287778294336242,0.013517419368167305,0.009908416184218005,0.00819643891401145,0.009910230372871753,-0.0005527688061043312,0.007462193499293557,86709100,32720000,409939000,46606000,6986000,13913300,23985400,3673400,6098500,13359300
2022-01-10,0.0001162516035444483,0.000732293166276321,0.005615407398097849,-0.006570176170610398,-0.004943973720470285,0.0009570430192651358,-0.00595213573377984,-0.011374230922974515,-0.013641537638400814,-0.02453430387750155,106765600,44289500,594681000,87798000,7698400,12922500,22760300,3734900,8055000,11378700
2022-01-11,0.01678365949145011,0.0022591817260417812,0.015218938975274598,0.024002125643924677,-0.010630420011796704,0.0010159363051231995,0.04206212435948942,-0.007624847392550316,-0.011587203142742641,0.005931974468583068,76138300,29386800,404089000,62806000,8341100,11854100,32936100,2944300,11957900,8395900
2022-01-12,0.002570141748046595,0.010445089942191954,0.006542745545995876,-0.0009373300985386912,-0.008525592855010422,0.005671901961563419,-0.002943205247466718,0.011138820947021788,0.0022058244268794436,0.003538056745167051,74805200,34372200,383413000,50030000,8116200,12568000,23045100,2506900,7127500,6484000
2022-01-13,-0.01902785549725272,-0.04232246917321847,-0.05085894910815425,-0.024169655027437842,-0.006066300291753923,-0.0012466238936512664,-0.007169172521394929,0.020683392289192915,-0.004527644984939183,-0.0022329056467590425,84505800,45366000,540171000,52188000,6159400,13623400,21043200,5002300,6551000,7203100
2022-01-14,0.0051104989479369145,0.01771637542355653,0.013809944638554228,0.005731487003565627,-0.0054514860370318274,-0.06146344687524408,0.017556539226273316,0.008546397694023655,0.009602226069402198,-0.02002364336165474,80440800,39846400,395832000,45974000,5847700,40158400,23012900,3970600,10708000,11084300
2022-01-18,-0.018893998483278662,-0.024339188796546396,-0.0385642310198242,-0.019862738846190164,-0.0044088201591798715,-0.04192805748026407,0.016835992944524536,0.004062160868836262,-0.019272903982634038,-0.023437423868874152,90956700,42333200,424270000,67292000,7815600,32324800,32841200,5411900,10988400,10848100
2022-01-19,-0.021024777686617258,0.002246792236001438,-0.0322743468875365,-0.016477101806013472,-0.003112123570872538,-0.015469260442633415,0.00041029997884978187,-0.031036924601453575,0.03362461116706972,0.016492331193326937,94815000,45933900,488315000,53242000,5926500,22380000,26431600,4991700,14088300,9673900
2022-01-20,-0.010347212196216704,-0.005703191989958611,-0.0365818628461444,-0.02963230963415675,-0.0079840938275062,-0.008527246306447411,0.002188501872183446,-0.022692438626117695,0.0053995137241067415,0.01113946267776389,91420500,35380700,435181000,71974000,6011300,14860800,26774600,3545600,10799100,12028900
2022-01-21,-0.012765036739676772,-0.01846831547143246,-0.03213246313830431,-0.05950180896147472,-0.0022996177447714983,-0.017472257058728013,-0.01501281904233398,-0.011725051927052976,0.003826998499358414,-0.010897002588557636,122848900,57984400,718958000,163972000,10550300,20705400,35995200,3754700,10900400,12809100
2022-01-24,-0.0048643441180391545,0.0011486245271801199,-8.551552576885335e-05,0.01332698348311534,-0.011524177290931248,-0.0008964639837465427,0.008590861684463436,0.001121042226968072,-0.00811693352906584,-0.008232296880867906,162294600,85731500,913982000,155624000,14054600,28471400,41507000,5107300,14838100,14689800
2022-01-25,-0.011384720305744445,-0.026588389353894515,-0.0448402133296093,-0.031533745543573244,0.028594240796348425,0.010900415765330296,0.029399582053111217,-9.334101533198247e-05,-0.010911420430746444,-0.0832520779153032,115798400,72848600,664616000,90824000,14081200,18915900,39278400,4554300,9369600,22925000
2022-01-26,-0.0005632110393259948,0.028493286656038785,0.02006809318703473,-0.007954330670553511,0.0044740379191365864,0.009485980051227472,-0.010142987266816283,-9.342605716855523e-05,-0.008712470593085109,-0.032756311842607744,108275300,90428900,755959000,95602000,9963200,20709100,35252400,3558500,10707100,24721700
2022-01-27,-0.0029432713419578205,0.010548939774470467,-0.03636033769848046,0.005508645722495764,0.013125223110468154,-0.017644618837145076,0.012808534540929672,-0.009893171367489906,0.006196749255335643,-0.0017897810639907474,121954600,53481300,573353000,77516000,9066700,17536800,29174700,3678100,9083000,21250600
2022-01-28,0.0697776465317772,0.028081525363099713,0.04083129937791785,0.031084056738273746,0.007034349927955708,0.008946511879466712,0.0021297694819306656,-0.051892128604685506,0.008609136696192232,-0.0001379043982417949,179935700,49743700,543774000,74392000,9783100,14117000,30595700,10747300,9494200,25537100
2022-01-31,0.02612584862795453,0.008824020813920974,0.07206649658436781,0.03886361030218932,0.0029105635067669944,0.013573569763928983,0.009033094247333118,0.0019883908614362067,-0.0003112958258448817,0.07751750427574255,115541600,46444500,564680000,78308000,8054800,13985700,36085500,6179000,8950100,21787800
2022-02-01,-0.0009724922105341927,-0.007138770267632766,0.006207540263828859,0.010830762802234384,-0.008183729683525764,0.0171600410405246,0.06411270191949048,0.01880329006244441,-0.004425269658497877,-0.011392854057888702,86213900,40950400,518925000,59220000,8154700,14584900,61033100,4026400,6284100,12082900
2022-02-02,0.007043950216904626,0.015221875094631354,0.02451510883569119,-0.0038427158906232384,0.011060200218474536,-0.008005317930594669,-0.002598070725678081,-0.0019964911844674305,0.017904218433796526,0.006474028540315535,84914300,36636000,543419000,87330000,7382800,12441100,30299300,3492300,7558800,8397700
2022-02-03,-0.016719839724057772,-0.03895215929640461,-0.051264010281297234,-0.0781276325178123,-5.7721236619734384e-05,-0.008270142946901204,-0.01165943304730832,-0.021225751510899893,0.00947095293435063,-0.025215510216498926,89418100,43730000,410178000,225532000,6240400,12474900,28529400,2748200,10474500,7960700
2022-02-04,-0.0016790717963647284,0.015568432004394062,0.01549209348495495,0.13535901735711864,-0.006540835001178635,0.025958357366121954,0.021711894583426927,-0.010868144311106942,-0.01590108246378419,0.0031674172335720563,82465400,35096500,354829000,253456000,6392200,16654400,32197500,3930800,8959900,12132000
2022-02-07,-0.004234539934814263,-0.016310404360307396,0.01681819374774185,0.0018777353189827206,-0.0033212998828173745,0.003343123219610833,0.012037805567177262,0.007106696663540246,-0.00749066121166142,-0.004341294744046764,77251200,28533300,376868000,102624000,6065700,12572300,34949200,2402000,6430500,8184500
2022-02-08,0.01846661266203875,0.011995243368362996,0.015367322887888557,0.022021627828944013,0.0026304966402770358,0.018814802487992832,-0.02585276399620906,0.008407622371743084,-0.002245352948218704,-0.0029070390295377058,74829200,32421200,410359000,76040000,6296100,20411400,34356300,2407100,5048700,6758500
2022-02-09,0.0082938028353845,0.021834791015483468,0.06360493144625434,-0.0013877341505965646,-0.00011629059249862461,0.004168058882379366,-0.004787054185755979,0.01042168127950216,-0.0022506156731290083,0.015902592938881188,71285000,31284700,524282000,68786000,5387500,9131100,40106100,2743700,8077400,7390900
2022-02-10,-0.023598858555516466,-0.02837294391901768,-0.03299012316367034,-0.013561706274733853,-0.012070776920451887,-0.004150758277472466,-0.009620160601587435,-0.00260313266126444,-0.015225555571206972,-0.01578398789826696,90865900,45386200,513200000,68268000,10355300,16455600,28527700,3538500,7033000,9673300
2022-02-11,-0.020218475601661345,-0.024274213438629788,-0.07260688120902892,-0.03591110674363196,-0.0100930702850347,-0.013016771297551522,0.025178744189209068,-0.009011738386752732,-0.005599390434484097,-0.006494678901136419,98670700,39175600,605472000,77100000,13125300,16830000,42002100,3826700,9341400,8999100
2022-02-14,0.0014233295717687167,-0.00013551040581205598,0.013278256680141487,0.012221683270054351,-0.012581197130257182,-0.009290707770831075,-0.015334696369679546,-0.006708193423505815,0.0028796002889368566,-0.0005334758639633508,86185500,36359500,440424000,83230000,8967600,17026500,34652800,2730500,9472200,8329200
2022-02-15,0.0231523313542239,0.01854236351932581,0.09181207504052491,0.008658352201907249,0.010325994030049968,0.01462384479834733,-0.012534790812987362,0.01760961748540857,0.0005101497973636349,0.0022691871440234657,62527400,27058300,699869000,56440000,6631400,9500000,25075100,2752600,6659200,9102000
2022-02-16,-0.0013888747703463267,-0.0011671693492527613,0.0006037536295719903,0.010159039538768955,-0.0005977811285582391,0.0018097050496541645,0.004615885513834073,0.0011306860803697028,0.007588433656570137,0.0018645511243318147,61177400,29982100,732676000,52704000,8482400,9076500,21733800,2253900,9315700,7505100
2022-02-17,-0.02126909577493563,-0.029282351718221133,-0.0755913265901158,-0.021808901106176726,-0.0061002601551551905,-0.023032384222618996,-0.001531302227557818,-0.04370451638317907,0.011454919011897324,0.001993774842198759,69589300,32461600,810595000,64032000,6227600,11367500,23738800,4699600,7925500,10093100
2022-02-18,-0.009355937894369504,-0.009630910895109812,-0.03529584594354118,-0.013261957754408193,-0.010718514018877578,0.0046886426021433,-0.01112153016348727,-0.014326944569346245,0.000500528399685285,-0.016317430781920494,82772700,34264000,761255000,63604000,6423200,11733300,23394800,4385200,8063200,9558600
2022-02-22,-0.017812223764336332,-0.000729293450597801,-0.010659118835183667,-0.015753494788264932,-0.013589706475197305,-0.0017746185694023087,-0.01163380503030742,-0.003855092101394675,-0.012320080128418676,-0.004989837519910667,91162800,41736100,633422000,66128000,6868900,11333500,35947800,3488000,8179500,8233400
2022-02-23,-0.02586430093813541,-0.025893198458980193,-0.04288154281495826,-0.03575624663287669,0.0004961440045359033,-0.02093892306598366,0.004054541390828836,-0.02374354666603018,-0.0124737578243167,-0.019788496726489746,90009200,37811200,566511000,64244000,8016900,11799000,25385000,3550400,6273000,7837100
2022-02-24,0.016680148419041974,0.051093842406166434,0.060794122505003045,0.04509522427819257,-0.019104364143761265,-0.02784308438015881,-0.012635182617198093,-0.010606864680869577,-0.026930259191642603,0.04314154047301688,141147500,56989700,735801000,100786000,12883400,25655100,46199900,5919500,13145100,15750400
2022-02-25,0.012965679813250475,0.009232773145359197,0.017222494469885552,0.01605793012842116,0.04970293211942689,0.02365960968048353,0.026912666266876828,0.012832168832449087,0.04269913414625104,0.022799770279392728,91974200,32546700,528866000,62396000,11340400,18367700,28310300,3594600,8888800,12609500
2022-02-28,0.0016376584501498481,0.004978334370816517,0.009438401840422994,-0.0014662630028149382,-0.008614031688249146,-0.04169755439760636,0.007451468422559726,0.002780048258860468,-0.014850888365574244,0.020003719249832352,95056600,34627500,477319000,57684000,9373500,31315300,32204600,5168500,8669200,16345600
2022-03-01,-0.011627869759574638,-0.012851918677029728,-0.0372360383663789,-0.015765550251120253,-0.0034640236503806765,-0.037729372880830336,0.009563992085457329,-0.025322650578118222,-0.016549951252135098,-0.010604452618894089,83474400,31217800,412056000,44874000,8737800,36840400,40002300,5110600,8311900,13930300
2022-03-02,0.020588168622587055,0.017765798095944918,0.03182377151259086,0.0060241839623909055,0.012439201657720167,0.02074030119940451,0.01717801793960505,0.05349211904920392,0.0031305838795558927,0.0014203616477626024,79724800,31873000,389642000,47334000,6793300,19405600,44321400,5849900,6111300,6988700
2022-03-03,-0.00198107507759393,-0.014224487124033902,-0.02089177119678276,-0.027319556126581324,0.014695104957311633,-0.00710791325136817,0.006333062558773639,0.01163002424860915,0.0037064233434742633,0.015989870558500208,76678400,27314500,365095000,65198000,7333700,16640800,30196600,4429700,7451200,10075500
2022-03-04,-0.018408261102361823,-0.020478558849620798,-0.032807583533453144,-0.0152637929917393,0.005935333547206545,-0.028129559448924812,0.0376360394053723,0.0041569436809518745,0.005053315615444198,0.01802264212408966,83737200,32356500,431415000,60934000,6302500,21016000,42802200,4334700,8639100,8996400
2022-03-07,-0.023717706592311094,-0.037776965380797334,-0.06906173375311908,-0.05622045424233624,0.016108353804916042,-0.0386157959945187,0.03603244823391116,0.005315207097108976,-0.014825261460841288,0.04949502046651144,96418800,43157200,450821000,86934000,11663400,27560100,55207900,6912300,8374500,19948900
2022-03-08,-0.011676142841962722,-0.010971037025447772,0.007586966502828751,-0.010465446730283379,-0.02026612593238697,-0.007042866880741183,0.007575873789275933,0.06761574981155505,-0.039583977778894996,-0.026491050087661283,131148300,48159500,557467000,91662000,11100300,19207800,72082300,9318600,9517200,14717600
2022-03-09,0.03499757914956669,0.04585809885313186,0.06972204660474812,0.024001199930983708,0.003793242198072644,0.04006243510021812,-0.05684681322919016,-0.00104753240608646,0.013488748575313236,-0.01988991260466544,91454900,35204500,492742000,82656000,7248200,17536200,65466700,4798300,7044100,12710000
2022-03-10,-0.027186291602591672,-0.010086267511501212,-0.015468780587509334,0.05412515560997311,0.00177153809471986,-0.011840387077535097,0.03104263732079615,0.009581389016402486,-0.0257444507685477,-0.00199192980342755,105342000,30628000,428066000,135062000,6171400,15604200,44644200,4886300,9221000,9554300
2022-03-11,-0.023908643065072677,-0.01932874285453423,-0.024626969943834398,-0.008806846762653975,-0.0018271092049424453,-0.022524106916873787,-0.005154515256375225,0.014353819384800515,-0.01186719566154748,-0.01072879102862001,96970100,27209300,367209000,68900000,5188000,20061800,35303400,4045500,7086100,7230600
2022-03-14,-0.02656261411492422,-0.012961188561193326,-0.034841681652573286,-0.025229488143872714,0.013817269496466666,0.009930974122452252,-0.03579855798968179,0.002839475771750921,0.012777478930484865,-0.00025218068507781854,108732100,30660700,385354000,74086000,7729500,15786900,37462600,3530700,7964600,7133800
2022-03-15,0.029677450248278836,0.038742745302779324,0.07702746497078183,0.038867730338306705,0.02591875033419777,0.017746127753431207,-0.056912548451015454,0.004734498683368171,0.035987641776218826,0.03405668790632155,92964300,34245100,491996000,75584000,10554400,15096600,47957900,4364200,9868400,9567000
2022-03-16,0.02901551973803418,0.025213321184813342,0.06629547256638402,0.038933563723705156,-0.009197098317404118,0.04468581218214718,-0.0037555912362465804,-0.0017554991028289058,-0.003393878982166809,0.006464986437492604,102300200,37826300,671422000,84958000,9603300,20354900,37812300,4378700,6908900,8261200
2022-03-17,0.006454179852128039,0.0028194376427794765,0.011022127086845135,0.027007748989816838,0.013064368165048634,0.01264458131976487,0.026647703042193438,0.02600875704816108,0.0031384731549357614,0.002181530939801002,75615400,30816600,471941000,72934000,7472100,17050500,34041900,3600400,6003800,6341900
2022-03-18,0.020918771481009513,0.01764760404904364,0.06811770063483125,0.025512151358369817,-0.011085852726286483,-0.00035677465851713386,-0.00392495500870349,-0.0035631868756196283,-0.0005324798170270872,-0.0038700833476719154,123511700,43390600,730719000,102962000,13809500,23656500,41461500,4105100,15570300,13470800
2022-03-21,0.008537535829004295,-0.004227056613153368,0.010622443357706457,0.0014945523217748669,0.00566236702791123,-0.0032119976789345417,0.04487069044882208,0.01267465714270477,0.003796275169667629,-0.006919941381626771,95811400,28351200,591727000,66538000,7574900,12676100,33089300,2902200,6937500,7181700
2022-03-22,0.02080082861192456,0.016379214021197797,-0.007855133140690418,0.02103830044237709,-0.004720425045370513,0.02126736312697175,-0.004379266966302975,-0.004469976115669683,0.007696300466063732,0.012836139438783034,81532000,27599700,547007000,64086000,8442100,13548600,23132200,2461500,7292100,8516800
2022-03-23,0.008233655194511691,-0.015029962906315641,-0.0335545548208398,-0.008981816492546923,-0.0037716209791444077,-0.019913203912923283,0.015762221932615894,-0.0024247176653080516,-0.006979040564465078,-0.003379454465865517,98062700,25715400,502120000,55812000,5254200,12093200,27716300,2001700,5531900,6125800
2022-03-24,0.02267773031650333,0.015392845903702934,0.09815097617161728,0.0014779010051912955,0.005162705674380819,0.006510476301589074,0.00300754421988203,0.0001803152446488987,0.001723789248298413,0.013685413597711138,90131400,24484500,877379000,56798000,5012300,10017600,19871600,2110900,4203100,5498000
2022-03-25,0.003734236784437961,-0.00138123544640667,-0.01626992465607635,0.006868294014676479,0.009586592746836597,0.00874281428415502,0.021827701760151363,0.005174975843291074,0.011583350305397255,0.0028671863452369717,80546200,22566500,579016000,49032000,4809500,8383500,22398300,1581100,5047700,5481000
2022-03-28,0.005036494389235591,0.023116537024757022,0.019030769796528624,0.025592678900108856,0.005143425782174527,-0.007398883742374962,-0.02805170995782924,-0.006760254263131649,0.006870230013232614,0.0058376488829601225,90371900,29578200,425494000,59854000,5604200,10818100,21552400,3072500,4234000,6177700
2022-03-29,0.019134422769999437,0.015159523077409975,0.015485910638588507,0.00192027764251268,-0.0005058718183106325,0.002200685565307392,-0.005313136563300569,-0.003651249118137745,0.010267900218984494,0.002250201294532239,100589400,30393400,488984000,66154000,5933400,11316500,27036300,3667800,5643400,8954300
2022-03-30,-0.006649364104343136,-0.004914665188807565,-0.03371013058778505,-0.01780118433038691,0.010408355884024667,-0.004533112556702634,0.01711768283957782,0.009229103104496872,-0.006883183695855277,0.010399745748260969,92633200,28163600,463487000,56168000,6277600,8771000,22079000,2507400,5779300,6829300
2022-03-31,-0.017775774847296977,-0.01768276484459186,-0.014590266687937059,-0.019864567358571672,-0.013141192054978879,-0.03002711778748013,-0.014203942878778464,-0.0011653981818673387,-0.010298316254415574,-0.009239838142712009,103049300,33422100,523440000,59966000,11490400,17353900,27861500,3152100,7538600,10082800
2022-04-01,-0.0017184648262190683,0.0036003573762033447,-0.021036473523297072,0.003450973226124532,0.00541684618328242,-0.0074090085119993265,0.006417301889424021,-0.013688060630006715,0.01498685755375817,0.011805045761494437,78751300,27110500,517235000,57090000,6525600,15721300,18671100,2618300,5742600,6453800
2022-04-04,0.023693465423242355,0.01793649580097889,0.02425894596063194,0.029264484561530857,-0.009652601406735073,0.004434312351642378,0.0004812109878340465,0.004732098583303035,-0.006512328096714759,-0.001050090471820475,76468400,24289600,397120000,49882000,6860600,17416400,20869400,2181300,5992000,6465700
2022-04-05,-0.01894164957268829,-0.012985177451756869,-0.052229521403036716,-0.025492089193307588,0.006459906528986092,-0.01163741276511343,-0.005170711446390142,-0.021692942172650165,0.003504756089142136,0.0082923301170017,73401800,23156700,436615000,53728000,7446100,12110300,21753100,3582100,7653000,7203200
2022-04-06,-0.018450871905320354,-0.03660573593006877,-0.058771467575826186,-0.032300120131985244,0.026012045525919625,-0.013874351869822443,0.011120444646864014,0.0008796888943916059,0.014292979606212786,0.0018533558680651208,89058800,40110400,703833000,79056000,10330900,12914700,24768200,2783300,8884700,7621900
2022-04-07,0.0018041629268399362,0.0062437856112860235,-0.00815330984268281,-0.0061194323502751224,-0.0025790832417311726,-0.0030420493790277447,0.016736600922041545,-0.0014337894333705803,0.012944123147930142,0.0068215219279019745,77594700,31411200,557992000,68136000,7385200,12994200,26122000,2253600,6889700,7817400
2022-04-08,-0.011908930686671537,-0.014600051309085371,-0.044985237117698196,-0.021066740550443774,0.0019804809124301936,0.018307990084033055,0.021046410191294607,0.005233939598003445,0.007805388587575068,-0.011368884180360528,76575500,24361900,524781000,46002000,7144500,13126900,24866500,2450200,6045400,5731600
2022-04-11,-0.02551593813987929,-0.039431757004574464,-0.051991791287399614,-0.021613947156313595,-0.012519276683855107,-0.003670518835438452,-0.0344312966151028,-0.004515754263918037,-0.003809959149592257,-0.017539577267524642,72246700,34569300,575207000,52112000,5932000,10466400,21800100,2494700,6158400,6745200
2022-04-12,0.011523183378932211,-0.011217452949307427,-0.018843717878788024,-0.002213363562407644,0.00033369839542207735,-0.01097749842293938,0.020870593681577176,0.003008562166830986,-0.003009594199193888,-0.008158053776781471,79265200,30966700,662258000,55178000,5957500,12989900,22444200,2508200,7221500,8714800
2022-04-13,0.01634279332563282,0.019711875174868165,0.03250526852999247,0.03152445706895657,0.004224683089922188,-0.03223347659520692,0.014135629194999222,0.0072451340167491995,0.002829919426271532,-0.0040529067474024405,70618900,21907200,516943000,53390000,5643100,30838000,19306800,1898900,5247700,7858500
2022-04-14,-0.029988496171061252,-0.027084590137003484,-0.04256173260470264,-0.024652684274885983,-0.004206910227423477,-0.009269412862087045,0.01174973274843083,0.0437073050529353,-0.00558137029332284,-0.008857058731104428,75329400,28221600,569097000,51598000,6188200,18835200,24566400,5337900,7806500,7164100
2022-04-18,-0.001330864450628133,0.0024660934602942497,0.024696933746049865,0.007109164667870926,-0.012451092961388022,0.018553692184877457,0.008197886463376047,0.009262376804600958,-0.009522264783691892,-0.013283362164934087,69023900,20778000,525701000,46514000,6318700,11834400,19032300,3644000,6034500,6279100
2022-04-19,0.014115209155049824,0.017039543760557496,0.01905146580604522,0.03488883060861969,0.030507577078625614,0.02070673897533526,-0.00892177982628295,0.00974234515794059,0.014962138793126467,0.0014684562522151445,67723800,22297700,512781000,54926000,14380800,15015400,20382600,2689400,7897000,8104800
2022-04-20,-0.0010154664566897065,0.0037157593829972857,-0.032255313010402964,-0.026041044919075107,0.00442423142856696,0.0035081839024782013,0.0022789416302686494,0.01257757452149666,0.02659812728437716,-0.003910244106716032,67929800,22906700,468974000,59630000,8044900,13430200,20689400,2907700,10196100,8457000
2022-04-21,-0.004843519528142326,-0.019381432757904937,-0.060469224898499374,-0.037026427673936824,-0.002882150443463405,-0.0077518631072296396,-0.010572846135485592,-0.010677205305772652,-0.0007805853836770904,-0.06539101944991399,87227800,29454600,656209000,63970000,6969200,12174200,29010900,3571400,9365700,17712800
2022-04-22,-0.027821422533645834,-0.024144586934508716,-0.03309722771538659,-0.026608937569704394,-0.009925833151889218,-0.028722406810141488,-0.021831639297406502,-0.06549751514800695,-0.008363425866075969,-0.02927244567024556,84882400,29405800,624713000,73078000,8003600,14318800,23591600,5053700,9394600,15284800
2022-04-25,0.006737459291774606,0.024413743308034697,0.0198310026613453,0.011943186356370372,0.024622732893825106,-0.0003155109120619448,-0.03371316940841551,0.0018493439837763415,0.008061901964896645,0.0012167417670321257,96046400,35678900,641566000,61874000,11176500,17149000,37698300,4145500,6986800,15697900
2022-04-26,-0.03732828179202474,-0.03740401529264381,-0.055974423804555085,-0.0457507730510871,-0.00715011731401094,-0.029580980737998197,0.0003647600303504639,-0.029533831811873967,-0.01697935586217314,-0.006347659628773594,95623200,46518400,653143000,77530000,10190000,17209500,28941500,4176700,7769500,10971600
2022-04-27,-0.0014667657992565308,0.04810905032754875,-0.01985315503127061,-0.008781047317448887,-0.013970223930439007,-0.013006255245074372,0.028557526043328396,0.017403839142044575,-0.002690972602885644,-0.004078010662352249,88063200,63477700,499460000,71336000,11090100,17215200,32773000,3358300,6754900,10989600
2022-04-28,0.04515530288589842,0.022632658888173784,0.07423320814494372,0.04653418536434306,0.00746865419026066,0.015812956137337242,0.03024544667007323,-0.007104225411697418,0.025414149472272607,0.0030026260655315884,130216800,33646600,570327000,117316000,9403900,13015600,33683800,6092800,9306800,11325600
2022-04-29,-0.036604657878288704,-0.04181220611444658,-0.06243039964055552,-0.140494377749234,-0.016352458611517795,-0.03226844552538932,-0.02236228202065016,-0.008943744049937696,-0.017502069516984742,-0.03361013297194215,131747600,37073900,500435000,272662000,8463100,14874800,34656500,3404000,10637000,14912900
2022-05-02,0.0019664405582111577,0.02504336529397677,0.053162006373511206,0.0017580913238786078,-0.010085340893326467,0.009132047434611268,0.01360725650223138,0.007267104240440636,-0.013515871289708103,-0.016192483602391117,123055300,35151100,572049000,148788000,7145400,18545000,36335200,2639500,10351600,14338100
2022-05-03,0.009622394996638084,-0.009456314380873465,0.003532572440476889,-0.0019799044812061073,-0.001959412428487184,0.0214196183447537,0.020599317270875606,0.007309020546261591,-0.013701052958022153,0.01273818470034227,88966500,25978600,475751000,79134000,5898700,15720900,33908100,2121100,10344000,10419900
2022-05-04,0.041008835261826304,0.029101122543224278,0.03734308633435224,0.01348046853293483,0.010712849795513124,0.03308144520313472,0.03980053342301937,0.04199031270069309,0.007361528638093695,0.032503831224117485,108256500,33599300,648855000,110746000,5923000,17128500,46188400,3023700,7771000,10859600
2022-05-05,-0.055716417471657675,-0.04355496012477178,-0.0732761885038955,-0.07561036490424522,-0.019089777194912227,-0.025019734469010735,-0.015158286438714752,-0.0299204941349559,-0.01842900183599805,-0.01669848562307008,130525300,43260400,626331000,144392000,7089200,15055400,41013400,3005600,8217100,10382300
2022-05-06,0.004727348082458338,-0.009446361330032294,-0.008968436182297701,-0.014041240035030156,-0.0022064029862574053,-0.0016139407123241245,0.015280943373294775,-0.0059277988312078644,0.009970181806084222,0.008769573123696084,116124600,37780300,633297000,124260000,6434000,14417900,29619300,2268400,7304800,9364900
2022-05-09,-0.03318945712174415,-0.03694576661613802,-0.09236964719319674,-0.05213354825727934,0.005443162994674067,-0.015033932743313105,-0.07885276313844414,-0.03894710831655157,-0.002500104006123327,-0.0242858275323673,131577900,47726000,644455000,128124000,7855200,14312300,45851600,2929900,8540800,10442700
2022-05-10,0.016112086529955105,0.018595699297037527,0.03805329964344262,0.0006434445934944133,-0.0013534954808820387,-0.024372231391212806,0.006630375140049161,-0.01599688496998808,-0.005269413620664354,-0.010182804188528682,115366700,39336400,761474000,105434000,8186700,16382400,34483200,3040400,7447400,14731900
2022-05-11,-0.05184132647833506,-0.03320959223724251,-0.054845351779447604,-0.03203225709010704,-0.005420745768133006,-0.006308179175244288,0.020818662186084858,0.01093661015130376,-0.014083596198530612,0.0030005984516578987,142689800,48975900,670167000,109704000,6138900,14630300,33020600,2552400,7692200,11129000
2022-05-12,-0.026894138405127554,-0.019957713923296705,-0.027360122646805207,0.014790404884573283,0.009879072102339403,-0.0008465573863777331,0.0045395800816399046,-0.010623374024970267,-0.00406265510176862,-0.024073914217283443,182602000,51033800,708728000,132026000,6898600,16318800,29491500,3282000,9600800,15364900
2022-05-13,0.031916310147182436,0.02259623704038538,0.09465235430478236,0.05727556035084924,-0.005734462703851806,0.008895215055180206,0.029664037476151206,0.006402982226277887,0.010724410316597321,0.018829376600588255,113990900,34925100,670437000,93684000,7732200,10443200,25798400,2323800,5675500,8010600
2022-05-16,-0.010672069206073997,0.0014553664268326383,-0.024963230493817434,-0.01985316173972196,0.0069547957432214425,-0.006969442802656434,0.023519925697938593,0.013996890943108964,0.009764374780484086,0.004584593177444862,86643800,32550900,521446000,74566000,5516700,10269000,26101200,2540800,5971000,7339500
2022-05-17,0.0254223641128557,0.02034431840748674,0.052884559517415664,0.04113327357999652,0.0041553371499620795,0.0331474059979755,0.01275445425739985,0.02847624322598019,-0.002836625880086485,0.02709628889212956,78336300,28828800,585830000,76448000,5751100,11160200,23120700,2275900,6509100,8889300
2022-05-18,-0.05641905707229067,-0.04552971886557189,-0.06816301278113646,-0.07156196640827217,-0.01856608324554132,-0.017106102221479458,-0.015850670535085487,-0.024168092082921477,-0.062322166101553056,-0.01416266369052821,109742900,31356000,545161000,108380000,8608800,12664900,25451200,4723300,9670700,10316800
2022-05-19,-0.024641341263150207,-0.003699606804597133,0.010980883169913858,0.0019278532990965047,-0.008888975537365562,-0.014822244813937568,0.0054055606266096845,-0.005674706578085886,-0.023028049165553233,-0.007605791118797112,136095600,32692300,621310000,88142000,6874500,12765800,24387400,2887700,9694100,9593500
2022-05-20,0.0017472773797755359,-0.00229136417826159,-0.025110423089440892,0.0025345295167615856,0.017477373026460352,-0.008198628951489373,0.007899651446304556,-0.043238616424115306,0.0006350895077067431,0.01078645561900804,137426100,39199300,739105000,99500000,7522100,13150100,28795000,5404500,7786900,9747800
2022-05-23,0.04011920144014569,0.032032021224374096,0.012219601468105523,-0.0003160506951839226,0.020415226072579618,0.06187149548160842,0.02209901889398158,0.03199883599897024,0.022991556929101487,0.018674419528891706,117726300,33175400,639889000,107798000,7040800,24376700,27239300,3246600,7134500,10378700
2022-05-24,-0.019215858571211553,-0.003951892110844124,-0.04402875618704416,-0.03214110432537598,0.010922792457657815,0.014125017934347062,0.0054318233673396055,0.007347678025291238,0.01778703976025997,0.029221207336489696,104132700,29043900,588550000,102934000,6419800,19324900,24293300,2467800,7207400,11133500
2022-05-25,0.0011398714493053852,0.011170565796054133,0.05082339972690342,0.025696475417555487,-0.009812409035903746,0.006964305790494896,0.02012709000769841,0.017797120301554115,-0.01639219209547138,0.0016070170189479427,92482700,28547900,781132000,93120000,6558900,12780400,29947800,3080200,8217800,11192100
2022-05-26,0.023199265958007365,0.012874775540612893,0.051605414362912105,0.04029499229486544,-0.0008907915929962096,0.01729018491054668,0.0035308869297272505,0.01758174475296359,0.008745845863959767,0.003343076533307565,90601500,25002100,996575000,93002000,6897600,15990900,24314800,2016000,5702600,9431300
2022-05-27,0.0407568830068572,0.02760459550080352,0.053778495409010585,0.036632083603781895,0.009082602560268382,0.014137929386126347,0.009830149347476835,0.019484186372871193,0.015292040954026698,0.03772670276741441,90978500,26910800,738379000,93660000,5853600,11177800,25588800,2020400,6028800,9435300
2022-05-31,-0.005346117048244725,-0.005013823028301445,-0.007389334928370128,0.04397010379074828,-0.008614415544572984,0.0073129491648500355,-0.016292720093136204,-0.00594065106944619,-0.005647933370854563,-0.02247196464695922,103718400,37827700,664100000,144634000,16391400,17015000,44888100,3773500,12416700,29712000
2022-06-01,-0.0008733534289784295,0.002023175032482172,-0.018851834414924995,0.012266042992872705,-0.010137542430375901,-0.017545184251277823,0.019166556870677365,0.007968430681267513,-0.015147492963161868,0.0063416078212905624,74286600,25292200,544514000,127528000,5175400,10768000,25815400,2314000,7036000,7994100
2022-06-02,0.01681122384812017,0.00792863036109015,0.06943215838383976,0.03145034300738625,-0.0031514222597087693,0.0160881818454488,-0.001737393841197421,0.011168746217080416,0.010780292178841133,0.030852021909880456,72348100,44008200,648656000,100560000,8666500,8374800,19089100,1784100,6479800,9640600
2022-06-03,-0.038555787730637836,-0.016607135865493672,-0.044507927789959156,-0.025185068024527135,-0.00412074522652317,-0.013939436399706184,0.014538695827130965,0.013181673882848521,-0.008967021678566223,0.0021651720948596687,88570300,28059000,598779000,97604000,4234200,8596000,21038200,2222500,4720700,9293500
2022-06-06,0.005227857593701479,-0.004703443368603399,0.003525751920562703,0.01994280728922404,-0.00011333291103787779,-0.00330375661307003,-0.002522871517184555,0.0032753319482647925,-0.003906714134581435,0.019062060852771623,71598400,22400300,422406000,135269000,5386500,11323500,20682100,1565400,4751100,12716900
2022-06-07,0.0175858601103136,0.013953556177688453,0.00745236057525811,-0.014344105316090427,0.010997877724734595,0.002620931590875397,0.04583170277384507,0.01551651804047105,0.011147529164132752,-0.005112689649469537,67808200,22860700,388914000,85156700,5447800,6722200,37810200,1799000,4918600,7405600
2022-06-08,-0.005043367154436096,-0.007669578721818948,-0.014480507746526539,-0.014796745486375773,-0.0059437690364012585,-0.01591455716912027,0.011802094245679129,0.011889118148586508,-0.012454003005891945,-0.01616964651254038,53950200,17372300,363252000,64926600,4333100,8422100,31613200,4171300,4369600,5198000
2022-06-09,-0.03595573084781789,-0.02078318067452234,-0.03217503270236799,-0.04150848957443054,-0.020137576408659208,-0.021015606346796556,-0.02160811848148214,-0.02667541633603321,-0.018055385331402052,-0.014651486545840808,69473000,26439700,395574000,67029800,5509600,13560100,26607000,3045700,4625700,8354800
2022-06-10,-0.03862875162404433,-0.044563667776817195,-0.05950791834370783,-0.05596211721574329,-0.006677890625597982,-0.04596595172022999,-0.0182741875432868,-0.037957741158371916,-0.003789879027829568,-0.01848990106720516,91437900,31422800,465248000,87266000,6647300,12945200,30950500,2604100,6630800,8598500
2022-06-13,-0.038284798643942075,-0.042412832458592176,-0.07817845168089022,-0.05453719355874542,-0.010083835587364143,-0.02977832108513756,-0.04588875907507317,-0.038572384768450485,-0.02676970675838597,-0.04610704151966094,122207100,46135800,604153000,99277700,7997000,16805600,33421000,3559400,8549500,11882300
2022-06-14,0.006672650114031509,0.00920499114730533,0.012078977138611169,-0.013118555361940287,-0.015338754391537979,-0.01663944488470437,0.002608062054958893,-0.0009184190349997845,-0.031198017996476035,-0.012843566469917023,84784300,28651500,469680000,69728800,7116800,13357900,31264000,2359000,9980200,11412500
2022-06-15,0.020111486917005594,0.029735464685101354,0.043635083044151424,0.052389802934770247,0.01070207407096091,0.011835976986207086,-0.012590930377320286,-0.0033382860603105025,-0.009937455237354897,0.03791249311255496,91533000,33111700,563936000,85011100,7796100,14083500,29620800,2343100,12178100,12085300
2022-06-16,-0.0396511692806355,-0.026970266916447216,-0.05602984855885529,-0.037243378610853584,0.0005293881196077876,-0.01715653955821894,-0.03688496906704841,-0.05441740815873486,0.006112845846331316,-0.04474980545496077,108123900,33169200,545749000,82186300,7056700,16724900,35696700,4789900,9683300,12729200
2022-06-17,0.011532645616686432,0.010940157095668424,0.017883478681429033,0.02469609751257895,-0.0036450762822952676,-0.0035261017704297792,-0.057664795882774955,-0.01103762500758454,-0.00720059571977516,-0.0008468055069461577,134520300,43084800,630334000,99772100,12486600,30919900,64610200,7226100,17113300,15919000
2022-06-21,0.03276096296021014,0.024591101220977407,0.04319877977669928,0.023159471438541024,0.02094886496979642,0.02477212545925367,0.06223854778472648,0.019362532333283333,0.030295965867627395,0.027115316935461875,81000500,29928300,483089000,70901200,8219700,11680500,35951500,2755400,9017000,8466900
2022-06-22,-0.0038270053309164,-0.002403912370161687,-0.01243480143914788,0.0024843268523027096,0.015779420225059182,-0.005611532925553053,-0.03957136302408515,-0.04348943490471202,0.015619323529060924,0.026948820321677225,73409200,25939900,437135000,60040100,10593100,9842700,29727200,4008700,8374500,12686500
2022-06-23,0.021573468285242425,0.022636567290219123,-0.008251722368400327,0.0320330939965241,0.02230561202360737,-0.010939539248896568,-0.030161776509859184,-0.048767459295951054,0.02743689172795194,0.033605376913977025,72433800,25861400,463680000,64345300,10223500,11851500,35757200,6667900,6418300,12502500
2022-06-24,0.024517231861052702,0.03414955514089213,0.05553116533941105,0.03575237064906034,0.01463863007318289,0.029845509793021252,0.019833451690673742,0.03817103273808686,0.014406300949649342,0.010621738480892429,89116800,33923200,472153000,69867600,9374400,14841100,26639000,4868900,19440600,9320500
2022-06-27,0.0,-0.01049637949898985,-0.015006275154714976,-0.027820692849391482,-0.0009324937319802329,-0.0080121628534926,0.024511032071110384,0.011321404523295886,-0.007620320963776628,-0.0016663180675463574,70207900,24615100,427968000,62133200,5908600,11280500,25478700,3061100,5618500,6557200
2022-06-28,-0.029789588556001667,-0.0317492725376084,-0.05258166791737762,-0.05140434227234392,-0.028442745783412215,-0.0048118690950892384,0.027743346721661677,-0.0007998049086984649,-0.016265874169903105,-0.01861570583108274,67083400,27295500,461149000,74942900,9245700,11590900,33096900,3327200,6077300,6140200
2022-06-29,0.013023950100926163,0.014737980026453767,-0.027530978872675083,0.014152668728781626,0.0002825946699278603,-0.004489758023772938,-0.03693969840902955,-0.021126591748849233,0.009083606472950256,-0.005756494670689283,66242400,20069800,482352000,66375300,7097900,9338400,25400900,2436900,5174600,7082200
2022-06-30,-0.018027782952248828,-0.01317932495091867,-0.02464274863426663,-0.024880638358707907,0.0029379260425423936,-0.02333034745110274,-0.02814364796706048,-0.02572493083844507,0.011181167769140021,0.019210843801787503,98964500,31730900,686070000,97679400,10777200,15172600,39948100,4197100,7410100,8872900
2022-07-01,0.01616441920549061,0.010707837071584736,-0.04195531949412712,0.03154127203651247,0.01132333468409219,0.012787554391546108,0.022302861403113106,-0.0026292249969992465,0.016134945977054116,0.04002069627058513,71051600,22837700,577610000,73021200,5498400,10573600,26327900,3423100,5937200,7718400
2022-07-05,0.018930192318348693,0.01259701903432564,0.030365498993204953,0.035962053023039786,-0.007687276164343837,-0.0038037825066034037,-0.03129664012690114,-0.025407905655746355,-0.009650338790676005,-0.017999342130975204,73353800,22941000,651397000,76583700,5676400,12514200,34591100,3724900,5760900,11278600
2022-07-06,0.00960743543400766,0.012782656092319211,0.011093285001997133,0.007312791463036872,0.0008982870380429553,-0.006482061583779952,-0.01804031247587934,-0.00834484492887666,0.00932952969789591,0.005814939188212076,74064300,23824400,529066000,66958900,5335600,10656200,33375700,3190600,5485200,7918400
2022-07-07,0.023999409213232736,0.008227089135629306,0.04811627698365695,0.01749322109655349,0.0011216622689349531,0.025292811796961523,0.031940540427532804,0.046253912306697176,-0.00034235691891104647,0.01017962997151578,66253700,20859900,492903000,57872300,5725800,10347400,23817400,4677600,6623400,5498000
2022-07-08,0.0047146859364806115,-0.0027571207811585285,-0.0012610648077574504,-0.006791033294013538,-0.0012324178216046588,-0.0031381370565970457,0.0016289908936202302,-0.00654554524281703,-0.006712128007861917,-0.0016173940039120316,64547800,19658800,467972000,45719700,3828300,8807800,17673800,2491100,4294200,5708300
2022-07-11,-0.014757793394903684,-0.011768720364051521,-0.04331357695294391,-0.03280250030721621,0.0003925266994622145,-0.013116564067698122,-0.005111529277668558,-0.02278038418526085,0.007033361875879107,0.005358316400731589,63141600,19455200,437321000,53487600,3645200,7939500,15603800,2773300,5482900,6100400
2022-07-12,0.006833735192761203,-0.040981459077136684,-0.004619949113238597,-0.022639810105564928,-0.01401727345714876,0.0009747434734854732,-0.013311477572914399,-0.003028455933026808,-0.008833230154649208,-0.009048135821719927,77588800,35868500,458483000,54280300,4708800,11250900,21013000,2718400,5204400,7553900
2022-07-13,-0.0025369569860171914,-0.0037450018197104917,0.0054369109601497545,0.010803884746268588,-0.0023316207472710015,-0.009382848616405814,0.004023755083225389,-0.0035532301095293484,0.006563200847569561,0.0038776787785719247,71185600,29497400,521918000,61353800,5291700,12979900,19928600,2389000,5075600,7552400
2022-07-14,0.020482549038057574,0.005381488379465171,0.013716927699437775,0.002083294604712016,0.0013681672698164782,-0.034939012978456474,-0.020037945624684417,-0.02260298195205246,-0.0029512043050275993,-0.0016199159762235738,78140700,25102800,456235000,51163100,5359600,26204800,26343000,2531200,4867000,6124400
2022-07-15,0.011450260380022836,0.010390182968966988,0.025370703827317875,0.02639434033114041,0.014514832025441349,0.045833396646125735,0.01683924366966716,0.020242272707677644,-0.001376780236106101,-0.017721252756829786,76259900,29774100,385935000,84317800,5691100,18863900,17243700,2282100,6264600,8780600
2022-07-18,-0.020643063067774636,-0.009621117010671587,0.02150734797324927,0.0018493974357440823,-0.022443002027018433,-0.010269760817905982,0.018452783631213165,0.000634462953448045,-0.012132208677715361,-0.015245881201408018,81420900,20975000,670517000,59115400,7605700,13977900,19395800,2476400,6047500,6610800
2022-07-19,0.026721825418518863,0.020766840906104145,0.055338248313011595,0.03911741266419111,-0.014578351333253692,0.024778351908855356,0.025203181032518174,0.041789918444803176,0.005093837556699565,0.01832037759374283,82982400,25012600,702366000,60990000,13256400,11862300,18248900,2671400,5943600,6403800
2022-07-20,0.01350990616467529,0.010557429015409348,0.047963726739579604,0.03857539627705431,-0.005707676504352555,-0.00017443171146813707,0.010988912174852539,0.00267437046772967,-0.01728687146625496,-0.007728502836542472,64823400,22788300,760538000,71268300,7455800,11667500,16584400,2175900,8635300,6323700
2022-07-21,0.015094210265401697,0.009799166473612786,0.013646286862840862,0.01515028639903937,0.003514499429810636,0.006809667735364844,-0.016696414917372948,0.005667845547637995,0.0009458648263103164,0.00702233592476742,65086600,22404700,557049000,60239900,5729200,11595900,21375700,2214500,8310200,7847600
2022-07-22,-0.008110779783836453,-0.016915930013119973,-0.04049862666116644,-0.017732481209791984,0.004728173961276783,-0.004855996856053757,-0.007635171450697142,-0.013094966286241294,0.015983492857785553,0.017497267028182772,66675400,21881300,536671000,51463800,4257000,7645500,15479500,1961500,5292700,11517100
2022-07-25,-0.007398373967361316,-0.005876356056122245,-0.01703326501262392,-0.010455798059483823,0.0019755746072758207,0.004008331841343082,0.03330256786314845,0.017859315148838206,0.006782288627769306,0.009096826730702778,53623900,21056000,480748000,50221300,4437300,9394000,17536400,1845600,5262100,5035600
2022-07-26,-0.008826323362464139,-0.026774381050987284,-0.02884151021305814,-0.052253606265046715,0.007074097632677079,-0.015622164232340863,-0.0038898647539269415,-0.003190327484088429,0.001944493914117329,-0.013213204479761376,55138700,39348000,397865000,67075100,4525500,10675100,15141200,1767700,5375700,6740900
2022-07-27,0.03423475647712526,0.06685201295010113,0.07602967551661277,0.0536538959419941,-0.002763772323922553,0.01604649352898546,0.021644630863759895,0.022181816657161457,0.009495982636810396,0.005881507639940109,78620700,45994000,569776000,61582000,4648500,9337400,18047000,1856500,5500000,6056200
2022-07-28,0.0035716841866948457,0.028540511641533595,0.010905041101138657,0.010829110898360028,0.0057736464721356295,-0.0037314245976700633,0.011685065261886285,0.01398118468942422,0.016616212074547665,0.05175421845073869,81378700,33459300,474646000,82245500,5513000,10384800,20353100,2229200,7115700,13561500
2022-07-29,0.03279315138447281,0.015665215757450168,0.009953175273859527,0.10361464095050721,0.00183701501195066,0.004790722276353243,0.04630838043383134,0.05541940808513712,-0.06179905979662137,-0.0005915322572279669,101786900,32152800,435460000,148892900,6451400,12944500,29825800,5188100,18694700,11474800
2022-08-01,-0.006153651609146937,-0.009724363784384238,0.015305850937961107,0.0032604850044939404,-0.003495250157167673,-0.009968924212164887,-0.02527616640230934,-0.017099641253550124,0.028723952919972318,0.009705269660838844,67829400,21539600,476469000,76846900,5461400,14740400,20793200,3185100,12590000,7004500
2022-08-02,-0.009287341953161388,-0.01147433010976695,0.004609420998135105,-0.009084834427092181,-0.005692590438813205,-0.015585349569659956,-0.004339461165354663,-0.05824693111225021,-0.006648436390767287,0.004220042913102295,59907000,22754200,489527000,61922400,5794200,14942900,16722500,8193100,7495000,7664200
2022-08-03,0.03824792654746756,0.027836101508762923,0.019810024784441715,0.039952299225118226,0.009657563618589604,0.010495437646060202,-0.03242270005443659,-0.0034874491914730354,0.020641071317844206,0.009221625299639324,82507500,23518900,418146000,71827800,5010000,14394500,23580800,4155900,6811000,7640400
2022-08-04,-0.0019262971324071065,0.0041777905012994054,0.01704344217899334,0.021860686341448332,-0.01603763763223398,-0.011002517762657926,-0.042078506750862665,0.004210635942441865,-0.0015874797446165934,0.01757993780793088,55474100,18098700,409652000,70585000,5651600,18033900,31821500,2478900,6124700,8679200
2022-08-05,-0.00138914644159005,-0.002609109496077844,-0.011761766787107941,-0.012414983387324718,-0.003958249059422325,0.03025981751165774,0.014451024066931106,0.00952957390979381,0.00048404873765717227,0.0,56697000,16774600,386068000,50686900,5235500,14174600,17408000,1908500,4580300,8643200
2022-08-08,-0.0029030803303981,-0.009154663763420778,-0.06298403398919905,-0.009872154542052702,-0.005318146516416822,-0.012180374447654962,0.005653101288510598,0.0022654595726916416,0.0038004182521786944,-0.005228496726268683,60276900,18739200,981859000,52229000,4629800,10332500,14458500,2655000,4486800,7243200
2022-08-09,0.0003034687664549285,0.007063161570407983,-0.039734535534343474,-0.011333489631663474,-0.00011777131579238098,0.009007449684855562,0.0184372613545003,0.0011841154681815347,-0.0023406518498030326,0.01599666096897745,63135500,23405200,668263000,40434700,5532500,10233800,19083400,2460000,3977300,5154000
2022-08-10,0.026194623296454722,0.024300644505008906,0.05917115374252435,0.0352608325167747,0.0028794571952210912,0.02608763301162198,0.009493270183044356,0.025210975011158876,0.009452968764028569,0.009671629320673558,70170500,24687800,597422000,54773800,5603400,12847300,18302000,2304300,4641300,5693300
2022-08-11,-0.004431743187122139,-0.007400906193150925,-0.008564954502604527,-0.014366830308238487,-0.020683097808208206,0.014781580311967302,0.028927990801697057,0.017197737530631585,-0.007108708595746527,-0.0038984013847422894,57149200,20065900,509327000,44867300,9328700,11684900,18797900,2538900,5954300,7525800
2022-08-12,0.02142547525592975,0.017037245167788262,0.0427487486021052,0.020691152408548463,-0.011008758230035554,0.016564160821829432,0.008691894700255443,0.014639306293639187,0.00970673478186157,0.011629100346036925,68039400,22619700,478094000,47643500,14606900,9906700,15058200,1864800,5038700,5262500
2022-08-15,0.006333695112096027,0.00534404052670534,0.01726456680275379,-0.0025775713556979163,0.004779124210394281,0.0027020015034571188,-0.017872435933635078,-0.004521318689477916,0.012886155192616489,0.0058581598098537135,54091700,18085700,457666000,39014600,10072000,8456200,20755200,1752400,6008000,5032700
2022-08-16,-0.0009238578434886957,-0.002589730620168318,-0.008039091406825905,0.0111747882760318,0.008910877344161738,0.009554193151383172,-0.009315187543444181,0.00801210478969705,0.009221876228761472,-0.005164740416202296,56377100,18102900,451240000,59102900,7453600,9555000,14038200,1959300,7093000,5250600
2022-08-17,0.00878454144292351,-0.002636395253910351,-0.02881530804892618,-0.01851079360669594,5.975964970206249e-05,-0.008412243931207541,0.008090707155937737,-0.00804991688404344,-0.004602028209189091,-0.003645351134877961,79542000,18253400,446799000,48149800,7406600,8149300,13678000,1576200,4834600,4178000
2022-08-18,-0.0022916048781960185,-0.003947385231709566,0.02388900852649778,0.0014074379989574837,-0.00483361396930404,-0.007749305940224049,0.023644420046133652,0.00724775745299433,0.00355114235891274,0.0004434942084656779,62290100,17186200,415447000,37458700,8312100,9531800,17770400,1750900,3829000,5090700
2022-08-19,-0.01510199646075605,-0.01385394772298576,-0.04921951441879546,-0.02860159688639219,0.015230572316103697,-0.024745210869204115,-0.003178733144130086,-0.008867630351585665,-0.00026717513318907926,-0.005873091761124272,70346300,20570000,441588000,47792800,8128500,13464500,16128600,2003600,6502500,5542800
2022-08-22,-0.023029353470357172,-0.029355435639203065,-0.04566100728466527,-0.036243902638259384,-0.003508173063111575,-0.016522082203510702,-0.0007439168624390202,-0.019631919994121616,-0.0026712475719201656,-0.013041801368675165,69026800,25061100,409593000,50461500,5462600,8967600,16019900,2008900,6380700,5783400
2022-08-23,-0.002029005642015691,-0.004716455275990961,0.008629913242211407,0.003002506326521548,-0.008711729941558999,-0.009856922176902705,0.042442112009391186,0.028420973823947593,-0.01928629443731744,-0.006325230547527316,54147100,17527400,369986000,36252100,5566300,7607000,23764700,2444900,5268200,3473600
2022-08-24,0.0017941898020727987,-0.00235107394749845,0.0023863973571738306,0.001347163157822573,-0.0033106534935550824,0.00242397448157905,0.0059183871847225955,-0.015465857578580877,-0.004301648989969875,0.008297572381280816,53841500,18137000,522661000,38627000,5684300,9771300,17050300,2503200,5903200,5669200
2022-08-25,0.014922706663351937,0.011095594401010489,0.04012300661895396,0.026008936084948253,0.009361078807893053,0.02374789555813006,0.005173436065801562,0.02431004074211285,-0.0008230098082534498,0.007665374935712288,51218200,16583400,770691000,37496300,5678700,10758900,15305700,1888700,5097600,5595200
2022-08-26,-0.03769944419846882,-0.03858709233686852,-0.09227945783077929,-0.04756700784791723,-0.017112311233324018,-0.03272885149616156,-0.012311960317976878,-0.03499604231749076,-0.023404335441587043,-0.014878726828832622,78961000,27549300,769127000,53322700,5667100,11276200,15531400,2560400,6086600,7990000
2022-08-29,-0.01369022645394058,-0.010668203845607294,-0.028228724003522943,-0.007342307563037775,-0.007731280994124234,-0.0024417974312085367,0.02298971089741153,-0.0007295155856456015,-0.0042165553882033135,-0.0070176932703662764,73314000,20338500,496132000,48101600,5259200,8117300,23059200,1996600,5272100,5827800
2022-08-30,-0.015305261968965311,-0.008520769146318163,-0.021074603939578163,-0.008167020675137082,-0.0034968915152355784,0.00017490830899236087,-0.03805443514344797,-0.025237073869156634,-0.010657212722860798,-0.015168832448883562,77906200,22767100,530181000,49203000,6973300,10745400,17086800,2691200,5203700,7394200
2022-08-31,-0.010635174603471853,-0.005704136350737188,-0.024178921300754053,-0.015225659516225343,-0.006710482397424555,-0.00594345190511314,-0.007475887299206341,-0.011929225486801975,-0.01597952163543115,-0.007467952373304887,87991100,24791800,573710000,53648700,8741700,10738300,18340900,2656600,8406900,6830900
2022-09-01,0.004706780759329288,-0.004092280439453311,-0.07665299587091934,0.008282741023605045,0.02479226061606954,0.006858167039404561,-0.01799341015648004,-0.0122894439500576,0.012324379381333683,0.014107644695082078,74229900,23263400,1178865000,56636100,7509600,9979800,16423000,2686200,7446500,5896300
2022-09-02,-0.013611162735200577,-0.016666635638153293,-0.02080779017129164,-0.002425266463259912,-0.01572518424814251,-0.00698625035692324,0.018323105305583898,-0.008824743203544094,-0.01775988425662689,-0.013331654286910966,76957800,22855400,743157000,57429800,5803700,10666600,18206800,2185400,7077800,5785700
2022-09-06,-0.008214987744317837,-0.010974097750745981,-0.013336388470701066,-0.010979542799969155,0.0027035700520292583,0.00026393142068936726,-0.0066953354865602055,-0.0009401929630723505,-0.011155239770370362,0.026553680426391724,73714800,21328200,535751000,43888600,7394600,9751900,19201500,2141700,8217200,11077100
2022-09-07,0.009253955330941643,0.019111479886460225,0.018795010109275534,0.026722663554652915,0.005454235869115642,0.018990688251497856,-0.00853069396692896,0.0011071713597357036,0.015114814254658437,0.03284891466443218,87449600,24126700,512657000,47900300,4590600,10647900,16274700,2166900,6609400,11366600
2022-09-08,-0.009617815657870676,0.0016661177976851071,0.020125510733719487,0.0026259778181887405,0.00804516607343797,0.023295828966643617,0.008179486474998443,0.012661715233157844,0.0013073220569859156,0.00033248030491672687,84923800,20319900,624873000,43988500,5838400,11435000,18759200,2245700,7380500,8852500
2022-09-09,0.018839514864655404,0.022977010890724348,0.028377264609223962,0.02657523304266962,0.0019350962413202666,0.004806049030337656,0.016752502032333583,0.03461642284664479,0.015233199334982128,-0.0040988285483744,68028800,22084700,486612000,49387600,5500600,9299700,17158000,2279600,6434300,5700400
2022-09-12,0.038508234950670905,0.008281134468470341,0.008201883239571384,0.023861278411006825,-0.00042250997559367676,0.011831907926972196,0.011502659685122874,0.015356908714818651,0.008145120602217615,0.010122330132809942,104956000,18747700,484159000,53826900,6365300,8614600,16118900,1937200,5818700,5573800
2022-09-13,-0.05867970219571006,-0.05497856138727264,-0.09472592383701695,-0.0705752837581286,-0.026020578917812287,-0.03474872530314588,-0.02335819038235354,-0.04204778254505248,-0.020694687281233914,-0.021473556311341846,122656600,33353300,714956000,72694000,6726400,12904600,18229100,2207500,6350200,5624800
2022-09-14,0.009555300698280478,0.0009126469180944508,-0.00022847039217865905,0.01364140798846103,0.02064124734513051,-0.002319761324360403,0.024546113905105083,0.0018446188645853123,0.0023881143103918756,0.00022522056978369065,87965400,23913000,588507000,45316800,9555700,9345700,22655700,2295000,6137800,7281500
2022-09-15,-0.01892982200691984,-0.02711895555358801,-0.015158423548970568,-0.0176585314552421,0.002550819421803352,0.01507061116976649,-0.02907729514378843,-0.011697703642064017,-0.00772494437368676,-0.032290554395679405,90481100,31530900,523625000,52887200,7174500,10821400,21092300,1933100,5320700,18681000
2022-09-16,-0.010960130369237042,-0.0026082643857003873,0.02080590536535909,-0.021777003694830932,0.015265165616352716,-0.006702508917728278,-0.017083330102209526,-0.016548847258596955,0.006111609416611152,-0.014184600016098448,162278800,39791800,670751000,115667800,20201500,14844100,37874700,5088300,9321500,19190700
2022-09-19,0.025083011100921926,-0.0008989155760573686,0.013941545591719784,0.009147615105472573,-0.007875918032518747,0.009224786621503833,-0.00010727873036397995,0.01470999837219189,-0.0020972519292787872,0.024177333247729527,81474200,26826900,569685000,47279700,7380900,8201300,15342100,2923700,6056000,8821000
2022-09-20,0.01566540810559358,-0.008465582409710959,-0.015393780155639525,-0.019813903001303146,-0.007878317595130468,-0.019719168580078716,-0.008154511731457648,-0.02262371372438654,-0.0035509164601855714,-0.013242613214877741,107689800,26660300,524818000,47698400,7143400,9619000,14712500,2512400,5589800,6242000
2022-09-21,-0.020267406119153786,-0.014435999845970549,0.0064510500013079675,-0.02987152347123645,-0.010244300575419807,-0.028835460497401932,-0.016118591989413567,-0.033934481056607346,-0.012872735027624649,-0.02007240314927028,101696800,28625600,807679000,58498900,8071200,12606300,17332400,4061900,6413900,6706300
2022-09-22,-0.006375507403876823,0.008495506856013968,-0.0527863380297916,-0.010376272544574294,0.017761023119462704,-0.011378785059984464,-0.004178076233627315,-0.00814183954387493,0.003536643844796794,-0.00512076562161623,86652500,31061200,759162000,55229200,7401100,11684500,16139400,2508400,5061600,6748700
2022-09-23,-0.015123784148663555,-0.012698178458750209,-0.0035825706909686783,-0.03009120154088929,0.003249296676510527,-0.01861328042466448,-0.05321856608760411,-0.036997992053529605,-0.004625341835062358,-0.01220975493041676,96029900,34176000,663309000,65126700,9598600,18138600,27738800,4047200,6523600,6719700
2022-09-26,0.0022602936764120063,-0.001975501286327064,-0.02301050912449798,0.012040804722097675,-0.006118161314737858,-0.02153205373991629,-0.020641251827786977,-0.009863870612162429,0.0009589541696075621,-0.016601928087351392,93339400,27694200,547343000,62723300,8735500,15753600,22043400,3213400,7396400,7702900
2022-09-27,0.006566253188316162,-0.004379863940560336,0.015129307144026827,-0.006426381710496365,-0.004586247009813804,-0.008802323216024699,0.020957324132813815,-0.0011066167749621547,-0.027485180436729095,-0.0008626527385922067,84442700,27018700,553854000,60094700,8686700,12793600,17307300,2753500,7722200,9247000
2022-09-28,-0.012651788317757262,0.01971171840054531,0.026021056654140784,0.0314657666190894,0.008609046725804426,0.020217225730610355,0.03638905319610397,0.032750582112584636,0.0,0.015910275537906582,146691400,29029700,542414000,55763800,8660900,12762600,19543300,3694800,10455100,8713400
2022-09-29,-0.04911883958607299,-0.014809192691152773,-0.04051507803757193,-0.027201076403397084,-0.011000222991073061,-0.0169459134371851,-0.0020257372119630856,-0.011087344835910673,-0.024852413830695586,-0.029136926563386067,128138200,27484200,532763000,58969700,7008100,12713900,17896000,3518100,7128500,8291300
2022-09-30,-0.030039286537164922,-0.019368338793923856,-0.006628342075302163,-0.015679468675155683,-0.0071112370164750915,-0.01563675241100826,-0.015448623732535749,-0.010970458707317388,-0.019036361593177897,-0.01950740837123921,124925300,35694800,565638000,59479600,8985200,15973400,21357600,2963000,9431900,12854300
2022-10-03,0.030752573341018108,0.03366251803297615,0.030727283481859047,0.025486701357681163,-0.000979366678261484,0.030909186661630894,0.05280007187292268,0.04357647247079344,0.017900794158263844,0.03545477151348275,114311700,28880400,547478000,50941900,8657000,12248100,23881300,3444700,8477700,8115200
2022-10-04,0.0256231225913377,0.033812375659226124,0.052349580739985635,0.04496029692750958,0.014828441277350501,0.046783539797640605,0.03644476020190668,0.04905672633946079,0.01237297175630947,0.020076201161238538,87830100,34888400,584182000,62812600,6236100,16013600,22133700,4008200,7211600,8193700
2022-10-05,0.0020531471564289028,0.0012859180506072931,0.0031899855772623553,-0.001156159830559278,-0.0030793978322177784,-0.012346851329481101,0.04041155316461387,-0.006958598700317564,-0.006918087222621994,-0.012678070711877432,79471000,20347100,507131000,48217500,4539400,10943500,34857700,3067400,5071100,5468700
2022-10-06,-0.006625468351160402,-0.009671189473092978,-0.005980907503321031,-0.00537407121029132,-0.019380841003209692,-0.020382245423970158,0.02966109355359725,0.002410408614788695,-0.021052543120599898,-0.03497618833449456,68402200,20239900,644157000,42253800,5890700,11521400,29124700,2415000,5530800,8374600
2022-10-07,-0.0367188224398074,-0.050852816982491555,-0.08027419409144498,-0.04771409266460691,-0.010561607882134783,-0.019973990004686915,-0.010092127434973341,-0.007046658433991881,-0.01747303918709775,-0.027626281446211376,85925600,37769600,672478000,54678000,6363500,11681100,24507600,2759200,6095400,7697400
2022-10-10,0.0023556512228839477,-0.021303007996372414,-0.03362032758016509,-0.007768849586377025,0.001311021924005784,-0.009341668146499837,-0.021676709469963917,0.0063080162206392565,-0.004103953391510595,0.00013008750740750585,74899000,29743600,698699000,42339700,5315600,8931700,16786100,2633900,6923300,6118000
2022-10-11,-0.010255027950597184,-0.016750078140700175,-0.007197968810520039,-0.012844190270001499,0.014462806472093748,-0.028859742533865473,-0.00849862935677903,0.006044791157772567,0.0037976732454028106,-0.009252015065228103,77033700,30474000,667482000,56432200,6212200,12739700,17804100,2542400,5516200,9143100
2022-10-12,-0.004604841272939142,0.0015081962163345786,-0.00742272496557872,0.006149206372302096,-0.0002457381838407713,0.016182906319776924,0.004387772783543742,-0.0013908806296307752,0.0016097128235763591,-0.04314059217185795,70433700,21903900,492590000,45728700,4341700,13181000,12635800,2260800,6823500,9715100
2022-10-13,0.03361276183817785,0.0376080156024885,0.03999998671554672,-0.00327726077574253,0.015120620620877823,0.05559307499205968,0.03494866297366506,0.020278632026596854,0.015108900957874427,0.004673400607240419,113224000,42551800,850103000,86868100,6465100,22398700,22019100,3745900,6910500,13643700
2022-10-14,-0.03223991329991682,-0.024248755319442927,-0.061287633962215926,-0.05003107895219994,-0.004177881039311715,0.01664072636256453,-0.026307922172825626,-0.027028503898234968,-0.009737815083482149,-0.018060040637792096,88598000,30198600,713432000,67737300,5684600,33387100,15222000,2830200,5516800,8735000
2022-10-17,0.029122728297599654,0.0392458439702803,0.05887600827198902,0.06445275295885255,0.012951464916614253,0.04200006575323845,0.014416749191700662,0.014647359808812599,0.01806843756760812,0.02619515457905397,85250900,28142300,580774000,62782000,6710800,22276300,14283200,2940000,6664600,7563500
2022-10-18,0.009409392544384554,0.0040836341117558295,0.006645348135827955,0.022585461588422673,-0.0034816452946658805,0.025720676023623268,0.0017888943389705592,0.015210206344708377,0.008088389108062977,0.01914427084138537,99136600,26329600,659362000,65607400,10883600,21539700,14065400,2674000,7114200,6998500
2022-10-19,0.0007650090571897916,-0.008469571858746083,0.007019167890344846,-0.01108629175628062,-0.007951150714466615,-0.01960625734617716,0.029662659945715486,0.004685295221250829,0.009270157415964597,-0.01891818782858612,61758300,19985700,523131000,47198100,10044600,17072000,20921700,2088700,9993700,8579600
2022-10-20,-0.0032668228555852163,-0.0013956029908914758,0.011866360040328816,0.0015642678860967596,0.0025500501006021636,-0.0032614236551042897,0.0013488033910165065,-0.02098581205436645,-0.012880164077773593,-0.04073866200746168,64522000,21811000,652398000,48795100,5659900,12207400,17649000,2953900,8168000,13023800
2022-10-21,0.027058944086447934,0.025280657983831833,0.022305861415788053,0.03531453097461368,0.021803813168899344,0.05252753926928233,0.018570310633223563,0.060666691083846036,0.012520774258939271,0.014298034352649314,86548600,26299700,609494000,55660500,8487600,20593300,22814100,3483800,6394600,11161300
2022-10-24,0.014802713802798184,0.021187759285848484,0.010669154642501066,0.004190412347291339,0.0134547988776057,0.0012270668444966937,0.0069903792955676725,0.005677757021717911,0.006143960942040394,0.022749406798456162,75981900,24911200,517457000,49531500,6855500,12624200,17024200,2919500,6946000,9989600
2022-10-25,0.01933770158498893,0.013791875104519402,0.052543827446981384,0.006509754475742646,-0.0015789902870928518,0.00261470891737714,-0.0067543254658416485,0.01850497443021637,0.011517464460612636,0.03520722538229237,74732300,34775500,505482000,50934600,5661900,11289100,15719800,2545000,6776000,9216900
2022-10-26,-0.019627096660502996,-0.07715626217361005,-0.027524178311809533,-0.040961814879887926,0.008786857427080852,0.011491507168032156,0.011900409155398917,0.010880683724275642,0.007030372353147296,-0.0034270910777308705,88194300,82543200,532953000,68802300,6123800,11667000,17383800,3546000,6612800,6247100
2022-10-27,-0.030465459745058432,-0.01975632077263223,0.0217120849067145,-0.04063638620803933,0.0005805262752212048,0.003948176624146926,0.0038267946630312633,0.07707155849717395,0.0007588305778185589,-0.0017194931777093636,109180200,40424600,583113000,129605400,5390900,10727600,18214000,7872200,6676700,7163300
2022-10-28,0.07555247227536555,0.04022058277367968,0.049939204138365056,-0.06804249715805744,0.014857119128419694,0.011877921055598373,0.029288503981415692,0.03393978438781886,0.02532619762635102,0.047170883474784375,164762400,40647700,521040000,223133400,6073900,11859500,28169400,5161000,6996400,9123300
2022-10-31,-0.015410284570059662,-0.01585623545484638,-0.024360198398836963,-0.009380148789788212,-0.005146599796751694,-0.0015863249885832431,0.0009936984066540866,-0.013130187188344022,-0.004067787573811876,-0.01935979293691248,97943200,28357300,486341000,99251400,7810000,13295200,26401800,3786100,8346300,8273700
2022-11-01,-0.01754269101880168,-0.017059386536313892,0.0034080503419440245,-0.05515425020719422,-0.005058485859879225,0.01803310504652078,0.00992696694308881,0.009424291976175114,0.0015594023012275304,0.002709521416543792,80379300,30592300,432817000,153370000,6985000,13386900,22213100,2717500,6428300,5410300
2022-11-02,-0.03730514443487265,-0.03536847599866044,-0.023923733396842284,-0.048248766657425834,-0.015367934511122505,-0.009207925107884374,-0.020552307869049158,-0.01812363399665895,-0.014383006660369957,-0.005533274296910418,93604600,38407000,672628000,135761800,6877300,16546100,20654200,3150000,7318100,7119000
2022-11-03,-0.042405023586133184,-0.0265786976794814,0.015281021847459497,-0.030612240672440172,0.0017018944095661404,0.001811418392748232,0.01359375210862468,0.0220005457074941,-0.006845035982357084,0.011646060842790185,97918500,36633900,500065000,136683300,4819900,12474400,17103700,3570400,5204000,6920300
2022-11-04,-0.0019471667925194946,0.03332560599509082,0.054764954964947155,0.01881299269611514,0.004451681337173108,0.027358448771065857,0.01089087043198056,0.03917736161607821,0.01825324248432847,0.00793040034281911,140814800,36789100,612576000,129101300,5300900,14953200,17541500,4973800,5555400,7758900
2022-11-07,0.0039022667633259456,0.02926958448230632,0.010243001572255883,-0.00494619214148917,0.008747303879800272,0.005280103002114123,0.011842401456882534,0.003335522336679997,0.015322645660811984,-0.019162537842863925,83374600,33498000,410061000,77495700,6621000,12011200,16008000,3405600,6746800,7008500
2022-11-08,0.004175146987273282,0.004388379250015673,0.0210475700159658,-0.006075283660437414,0.004971752351586867,0.0006091163348418416,0.0031679476383799088,0.005249068732873896,0.002271147658481132,0.012679649697740603,89908500,28192500,595292000,88703400,5148400,9884100,14661000,3676600,5266200,5518400
2022-11-09,-0.03318997804912649,-0.019050156967930998,-0.05656768958999692,-0.042676192754212194,-0.007995865557134718,-0.013008819029906693,-0.044736901812137964,-0.018580709237264514,-0.0024121153046336996,-0.000894500921790442,74917800,27852900,454414000,90796200,6150000,9494000,19522800,6248300,5690700,4940000
2022-11-10,0.08897443861054688,0.08226817771895134,0.14329273892456174,0.12177847617944293,0.011713509783571219,0.04115915083556643,0.014692502346785874,0.0306375586622456,0.03443743838526747,0.06393861783856902,118854000,46268000,700819000,173414900,7877500,16351600,20146700,4590800,8068700,9315900
2022-11-11,0.019268890733129096,0.016997283462174995,0.03663495956867591,0.0430508514990382,-0.02991927220900592,0.001628835744284629,0.031221682767441195,0.01738025725975434,-0.0014874958364923252,0.0013223818776744167,93979700,34620200,655487000,111590500,11074700,10704700,20518900,3585400,7175200,5730900
2022-11-14,-0.009485645579391688,-0.02250024333105216,-0.001960050663297852,-0.022819754250081425,0.015716509580262272,-0.010273501646678174,0.0029192137958036213,4.223944864345519e-05,7.08719373281319e-05,-0.019805641721307388,73374100,31123300,527852000,99533100,6581500,11085600,20858300,3217700,8516200,7904000
2022-11-15,0.01186930180792456,0.0017388990533460102,0.022767903653348576,0.004569038353104293,0.002792069631460725,-0.007243690074277831,0.006703657241611705,-0.008076018017691311,-0.0034756310628717424,0.015307420101978275,89868300,31390100,545876000,111336300,9351000,14038300,19373800,3371000,7732400,5594900
2022-11-16,-0.008331036058906394,0.0018233887136032134,-0.045362024910338805,-0.018394983322363,0.006206794492193524,0.0013536927102100194,-0.010689502481702862,-0.00925019223312451,0.008897461110145777,0.017006299123090818,64218300,24093300,649547000,87958800,5500900,7893400,13591000,3062000,6193700,8444900
2022-11-17,0.012971253788027326,-0.0002068891840373288,-0.014644816508894265,-0.02337318995330062,0.00807121054279647,-0.004356667132365155,0.0013284297482116791,-0.008518986544080787,-0.006137936528322618,-0.02336349617588518,80389400,23123500,710894000,82617900,4464100,8820200,12425900,3256900,5186300,8333900
2022-11-18,0.0037816402055887988,-0.0019032323526271266,-0.017095220113528375,-0.007485493894513584,0.00766335943780172,0.009808268618796356,-0.008667911158972363,0.004295952234798284,0.012067881115626733,0.010321795001055234,74829600,27613500,492072000,72428200,6555700,9468500,15415000,2868700,5671400,6664400
2022-11-21,-0.021680256993621416,0.0034408972799877535,-0.0059703991487978225,-0.017845764989037338,0.005140769627731023,-0.005902459745926736,-0.0099036122819246,0.0031975994167585675,0.012695518817116724,0.004807744175146622,58724100,26394700,404739000,84330300,5706600,7800500,20973000,2522600,6377200,6593800
2022-11-22,0.014661242354091497,0.012311444702708618,0.04707187475493657,0.008003437930963697,0.004830255745574608,0.014956473398132442,0.028926807594890747,0.02192358536879091,0.008588311660773895,0.006100596161411342,51804100,19665700,472866000,62192000,4707900,9185700,17719100,2523300,5372900,4105500
2022-11-23,0.005926543990980582,0.010406953829034782,0.029991280524564123,0.009978544373689724,0.0010744930493320481,0.01066368996473277,-0.004992075336517354,-0.0014330372381877732,0.0056998450819452096,0.014757488425644505,58301400,19508500,427241000,59414700,5389200,7316200,11546700,2311300,4296000,4259700
2022-11-25,-0.019593790248286447,-0.0003635633440470798,-0.01507354466961397,-0.0076489282090407285,0.0012993998568755494,0.00190513187223873,-0.003520996560264056,-0.005149418268796002,0.0018436254100222538,0.004945778142350088,35195900,9200800,167934000,35088600,3058600,3220500,7136000,1034800,2411100,3622200
2022-11-28,-0.026264197417616986,-0.023152449185957047,-0.027228099291895624,0.00578089353348199,0.000507764304769065,-0.01747848171227151,-0.03003266574571828,-0.014425151161253646,-0.0008179185985333071,-0.018865333935121242,69246000,24778200,303741000,74943100,6183100,9906900,23015500,2862100,6628200,6464200
2022-11-29,-0.02114824662843695,-0.005914863964514683,-0.011878391860181026,-0.016285245651894598,-0.006992687989375468,0.016449316386527357,0.006647999640190472,0.012139439604260671,-0.0076397816993512,-0.01480969983095426,83763800,17956300,298384000,65567300,6700500,7925300,14453200,2277900,5634200,5398200
2022-11-30,0.048593930124049445,0.06162350314986842,0.08237925607433216,0.04457912603558589,0.010846734259208235,0.011863226524271742,0.007237113589746658,0.005486513084736799,0.025295536598884505,0.026791294808997446,111380900,47594200,565298000,102805800,13288000,14761200,23158100,3850000,12396800,9739200
2022-12-01,0.0018915204897820281,-0.0017637700831539815,0.012527320736819947,-0.010772746070691896,0.0041574056430078166,-0.014039814470228285,-0.004850023564788364,-0.0030454625861412454,0.0006033765694355431,0.0015345166170146474,71250400,26041500,470977000,68488000,6282600,8858500,14398300,2504700,6927400,5830700
2022-12-02,-0.0033713903727413674,0.0012957902155867895,-0.015115223187475713,-0.01434557849824114,0.0007833199775217903,-0.00792687015190241,-0.008483726891544197,0.0018669565052078507,0.009112241312723812,0.004361670986422039,65447400,21528500,371389000,72496400,5823900,8931900,15248400,2218300,4938300,6316900
2022-12-05,-0.00798311586070588,-0.01890054852597789,-0.01576204068814535,-0.033145598727553405,-0.0005591028650840935,-0.028041090620230857,-0.02739848461846761,-0.015076559073439744,-0.01009253117066633,-0.0005866008866175498,68826400,23435300,352255000,71535500,5120600,10154500,19287700,2064500,5402500,5511700
2022-12-06,-0.02536992776625846,-0.020303666198044468,-0.03750741793377366,-0.03032636052572657,-0.014990499411085212,0.0016746478352733796,-0.027796058233291343,-0.01840315663803216,0.0012746632039750683,0.00035212826869424063,64727200,22463700,352694000,75503600,7943500,13966700,21197000,3633800,6866700,5027700
2022-12-07,-0.013784958715287843,-0.0030597820139912635,0.008319085651723901,0.0023795930251859776,0.0060761159039601775,-0.000683946363023491,-0.0022139684067967735,0.003022656806081603,0.006431026641123605,0.0012914267630066423,69721100,20481500,372388000,68086900,5702600,11739400,20061700,3044000,6175500,5108800
2022-12-08,0.012132706937382665,0.01239915266702818,0.06507436454378146,0.021365582288144003,0.00016922788301720892,0.010494417611765838,0.007428817914397534,0.008472258800268806,0.0071885785551895065,0.005510594840393068,62128300,22611800,515456000,73305900,4798500,8907300,21128800,2189400,5187100,4281700
2022-12-09,-0.003434975680402519,-0.00800320511446706,-0.009785168416583612,-0.01394579034322141,-0.008239019203036824,-0.0054183285847897444,-0.008427597654062091,-0.015719594940920456,-0.002643804598627564,-0.014575527827142776,76097000,20609700,465338000,67398500,4561000,7957800,21298200,2257000,5868200,4460300
2022-12-12,0.016390061163394254,0.02888920829225361,0.03141010668163946,0.01638799835988136,0.011949240468079214,0.015511252943230192,0.024628229230391208,0.02538594364303548,0.010270291080100913,0.024139074163115337,70462700,30665100,457328000,61999800,4882400,8841600,20413200,2709200,6142400,5348900
2022-12-13,0.006782465785934333,0.01746463216369487,0.030624493519499252,0.02142456926150338,0.0077035978205985955,-0.0009685550736243664,0.010934086679312172,0.01042661676954948,-0.0015081880002599801,0.006932566150110286,93886200,42196900,656589000,100212000,9177500,10025400,24305300,2945200,7680600,7179500
2022-12-14,-0.01553568212707268,0.0011677002859706853,-0.022023067015536912,-0.009838858835905628,0.0030689864327275718,-0.00499684013793722,-0.007366082231077931,-0.004289142181793215,0.003941093661329331,-0.0011474253191499084,82291200,35410900,496888000,70298000,9533600,9966100,17597300,3513800,7385600,6111600
2022-12-15,-0.046854370700718295,-0.03191819068292212,-0.040850923908945735,-0.034177820705733164,-0.012627777729008915,-0.024810723064770057,-0.00958097953096737,-0.01629111562057295,-0.011319184881706912,-0.014244874327394297,98931900,35560400,478542000,84802900,7602400,12087800,15365100,2953200,7117200,6469100
2022-12-16,-0.014578988005904403,-0.017348570750066683,-0.02247510399426267,-0.006670394101153776,-0.010254313449705066,-0.00622626586574504,-0.0070181630387085026,0.008930792606190119,-0.004433815023014875,-0.019461517402049933,160156900,86102000,478232000,146144100,18841800,21133700,54596600,7610700,19966400,16949300
2022-12-19,-0.015909299026350077,-0.017328170414558364,-0.01912999558052908,-0.033462353983410575,-0.0010815271791618786,0.005955658412380993,0.00448904156335761,-0.0018477210129665966,-0.000265861394748268,-0.007368572400398232,79592600,29696400,354039000,83531500,5736000,9017200,13611100,2622400,5881800,5681100
2022-12-20,-0.0005288532464973184,0.005614511784572951,-0.010397207897644867,0.0031795134041781026,0.0010826981466343089,0.0048440715389543865,0.014452748061604126,0.012268971157384678,0.0003988981437392791,0.0,77432800,25150800,403260000,74348300,6174700,8549900,14680000,2649900,5646100,4811900
2022-12-21,0.02380935115231475,0.010876691701586338,0.025862385134896915,0.018546709195681466,0.01144198643958938,0.011248052468618486,0.012840808027078765,0.028025938311818654,0.009171983552477503,0.013529547346485149,85928000,23690600,325025000,59267200,5472000,8051700,13565400,4143600,5024700,5356200
2022-12-22,-0.023772476980373325,-0.025528654078542212,-0.07041983176184952,-0.034343619255829294,-0.0036581988958560574,-0.011349877683575538,-0.02017387134358617,-0.017333284612854882,0.0023050006720750638,-0.015475559240693215,77852100,28651700,565045000,81431300,5709100,8648200,13213000,3129900,5904900,4491000
2022-12-23,-0.0027983771214853403,0.0022671131756148988,-0.008670776713155193,0.01742450254827599,0.002541833045387243,0.004745060730842354,0.02644495994814977,0.009808834482053719,0.0028254166151151505,0.009959523714554885,63814900,21207000,349326000,57433700,3683400,5091900,11539400,1959900,3401800,3254700
2022-12-27,-0.013878358208167074,-0.007414291423465835,-0.071353446178269,-0.025923742926365456,-0.0002818034258723623,0.0035038966426830243,0.013894161093046753,0.013632333723932355,0.008714540090324574,-0.002019968619309531,69007800,16688600,464902000,57284000,3067300,5411000,11962100,3381500,4215100,4726500
2022-12-28,-0.030685218157892047,-0.010254899992925393,-0.006019283365725991,-0.01469172937442731,-0.004339741588965551,0.005465278207771318,-0.016426353910418245,-0.015464297153031326,-0.012926377754292395,-0.009999891714271403,85438400,17457100,351066000,58228600,2645400,8827700,10702100,2270000,4197500,3536400
2022-12-29,0.028324433702847873,0.027629718039675843,0.040396114939192485,0.02884381103830358,0.005094690498304466,0.005737654288065164,0.0075659494519189074,0.003425374607787912,0.004146028410660252,0.0110629421418178,75703700,19770700,354923000,54995900,2828800,6585200,10534000,1652500,3809100,3378300
2022-12-30,0.00246890144660461,-0.004937598039402857,0.000753240887063189,-0.002138278742257471,-0.0051249956733526725,0.006605568671238737,0.010073508013087595,-0.0026643122959928434,-0.006750386808889175,-0.005708702363349305,77034200,21938500,310490000,62401200,4216600,9292500,11799600,1521100,4532000,4266900
2023-01-03,-0.037404700338419805,-0.0010006780212962196,-0.020459954780776113,0.021666663033621747,0.008717899918249339,0.007606122142688632,-0.034360965095864726,-0.0028384235124975232,6.613708490976755e-05,0.002751055174516903,112117500,25740000,401277000,76706000,6344900,11054800,15146200,2651900,6447300,5535400
2023-01-04,0.010314259142203852,-0.04374314595203699,0.030317971473817318,-0.007923564525679994,0.01088716018523983,0.009325218720352524,0.002910425817757689,0.010381735964853922,0.004354334070747479,0.007873047200207761,89113600,50623400,431324000,68885100,9788800,11687600,18058400,2387900,7313400,4831100
2023-01-05,-0.010604505555560362,-0.02963777512311838,-0.03281575204768772,-0.023725589118479662,-0.0073837007878154726,-0.00022148066055804883,0.022374108207761978,-0.0044746714194926485,-0.012415267880755865,-0.022014536337270907,80962700,39585600,389168000,67930800,6255300,8381300,15946600,2355900,5373800,5472600
2023-01-06,0.03679384783486128,0.011785290371167711,0.041640315177968956,0.035611152390083056,0.008109644730412313,0.01913554124826855,0.012086825949383817,0.03570823210728502,0.023812498036189345,0.012344395350494253,87754700,43613600,405044000,83303400,5706000,10029100,16348100,3945100,7882200,5235300
2023-01-09,0.004088991311311352,0.00973644500786719,0.05175324853868113,0.01486987397850048,-0.0259083663348727,-0.004132576330823645,-0.018637450371481346,-0.009001075451662288,-0.012214042812882742,0.0050210631984923815,70790800,27369800,504231000,65266100,7925300,8482300,17964600,3417100,5727000,4749000
2023-01-10,0.00445624660410493,0.007616974823369649,0.017980388196171315,0.028731709234134817,-0.002392064080260603,0.008954208178661993,0.014934973777080529,0.015773358957501316,-0.0009865425122094207,0.005590463370007681,63896200,27033900,384101000,67756600,5047500,9048700,15104600,3011900,4716400,4921100
2023-01-11,0.02111223571976173,0.030238193687872617,0.005782837434687549,0.058083825879343465,-0.0015985647909489975,0.007431409344925255,0.011626898219550208,0.0008782222612002677,-0.008098114063005535,0.005441128211498558,69458900,28669300,353285000,103126200,6494800,8703700,16710400,2402400,8691300,6153500
2023-01-12,-0.0005990678976460773,0.011621507302300715,0.03187302881201437,0.0018929468094222024,-0.005031901382825388,-0.0010028566112439963,0.016611374473596063,0.01730954193935852,-0.005641796709378033,0.0008236987879359781,71379600,27269500,551409000,85254800,4269400,11001700,15357300,3881500,7801600,4648600
2023-01-13,0.01011904216484072,0.0030187186052774706,0.023499530488094722,0.029915043601747016,-0.0032761031956277664,0.025234898293069907,-0.0006182561990589752,0.013290290563253482,0.007142303878617806,-0.004584596572026256,57809700,21333300,447287000,85549400,6088000,20200000,12011400,3067800,5535800,4943200
2023-01-17,0.008756421228206968,0.004681651907382012,0.047517532190598955,-0.02109661268732821,-0.006169659949897155,-0.01545355744635235,-0.0019444729547518635,-0.008511841367800033,-0.0029161652666739313,0.012517693150120524,63646600,29831300,511102000,72755000,6053300,14292900,16542200,4100100,9611800,8410200
2023-01-18,-0.005370021651513901,-0.01888901122779152,-0.01835932865841694,-0.006142675153973931,-0.015084640652473391,-0.03004240218753451,-0.020543653928086547,-0.013423980079959374,-0.02678810660844999,-0.022626486765547904,69672800,30028700,439624000,79570400,7047800,13392600,16399700,3361400,10461200,6107700
2023-01-19,0.00044392863220665824,-0.01645393217083757,-0.035219050337460645,-0.01864654092151996,-0.0013547959787432173,-0.013326559919722203,0.0064191152513042304,-0.023328791245397107,-0.02114812897438012,-0.014439233776966431,58280400,28623000,452932000,69002700,6939500,13303400,12928000,4885200,12683700,7099700
2023-01-20,0.019220592625978528,0.0357435244782629,0.06406197563095661,0.03810845093076898,-0.004660036607364804,0.002448888151404427,0.018235446450267645,0.016113932476200965,0.003861659693651376,-0.009323077884249908,80223600,35389800,564967000,67481500,8620600,13092500,16515600,2964100,8603300,9429200
2023-01-23,0.023500548609888927,0.009824318316846048,0.07590138635308019,0.002776315095798454,-0.002548288727698411,0.016212691386455758,-0.005204914279441142,0.011973964366145617,-0.013429151077348989,0.010388613920673917,81760300,31934000,655163000,76501100,8425400,10487100,16584400,2610200,7473100,6864300
2023-01-24,0.010062859839215843,-0.0022260207925655084,0.0037511595858734648,-0.012305137300550828,0.0,0.008596103263019073,0.00931174956129821,0.01943002526760962,0.005458880392607002,0.014878562788529281,66435100,40234400,496204000,66929500,10541800,6945000,13583000,3505100,6822500,6652300
2023-01-25,-0.004700713564367298,-0.005908149980416777,0.0030106425918323687,0.008928577793566816,0.007129889925631794,0.004839449327845191,-0.005271993254182705,0.003221971226678333,-0.000705268720646024,-0.08712762852842026,65799300,66526600,449537000,94261600,7099800,8967000,11914700,2424900,6902600,28527400
2023-01-26,0.014803367146455582,0.030713581161163406,0.024789134226418152,0.02099198301215366,-0.0036577383110533157,0.006181631722880665,0.04019079941863368,0.014239213719072774,-0.004021887878579045,-0.0024807273172483546,54105100,33454500,489535000,68523600,6946100,7487600,21019700,2677200,5398600,18508700
2023-01-27,0.013684201700977505,0.0006452821836218092,0.02843133908836215,0.03043737760442866,-0.003907898540198129,0.002428986684497314,-0.018257357788886264,0.009232458231794638,-0.0041089324840906105,-0.010733041923641662,70555800,26498900,542142000,87775600,6058100,7489900,15179200,2783000,6870800,13243200
2023-01-30,-0.02007790542872634,-0.021961642094684874,-0.059071869984550496,-0.01652968356145279,-0.037032630425383295,-0.008480621061429328,-0.017732192920526302,-0.011491704108134937,0.003129962017837107,-0.00701220703012817,64015300,25867400,488611000,70691900,23259100,6729300,18672100,3426900,6369300,10669600
2023-01-31,0.009021008585681,0.021012666621176734,0.019570150916845108,0.025658817736008643,0.008765672523128432,0.005965500648525968,0.02157455206324066,-0.035219772273825445,0.009715653746525943,-0.0055963170433922516,65874500,26541100,498017000,66527300,11612500,9188700,27861800,10992100,9373400,19020400
2023-02-01,0.007900536672399427,0.019934570252213568,0.07196573709742138,0.019586971068148662,0.009178713370095126,-0.002643508756229429,-0.010947347148119846,-0.010900190011449373,0.005689116362660007,-0.005225825487965463,77663600,31259900,660477000,80450100,9865300,8841800,19464900,6022000,7207900,15188700
2023-02-02,0.03706266406465053,0.04688433583115592,0.03657553397548474,0.07379935352944922,0.003759237194330245,-0.004656686633742635,-0.03128802635824279,-0.018594232993813797,-0.007123427314368547,0.018318864096097842,118339000,39940400,564276000,158154200,10099000,11822100,24562100,6130300,6444300,18604100
2023-02-03,0.02439979311931939,-0.023620423956146053,-0.028052809343895202,-0.08431497620839845,-0.005617837725997332,0.015474397753882263,0.0069276240195956795,0.01167826940179073,0.0030947371061154083,-0.012301694944916508,154357300,29077300,429366000,144374800,6868500,11501200,20226600,4134700,5993100,11671500
2023-02-06,-0.017928793215242322,-0.00611601911338211,-0.0005212617520276019,-0.011703250716856073,-0.007593885214522311,0.0058829764619676705,-0.0016976267464281491,0.014772436380451781,-0.008484815257963518,0.011249708195293584,69858300,22518000,452197000,81945200,7021000,8406200,13855200,3528800,6108100,9343400
2023-02-07,0.019244835137221195,0.042022109381562034,0.051401251535812875,-0.0006850625818668465,0.0002450508872062773,0.012189786734179364,0.02855082681178356,-0.007000179658054662,-0.009759305476429447,0.007548515336364581,83322600,50841400,664150000,119501300,7310800,10447900,16013300,3467900,6278300,10855800
2023-02-08,-0.017652851010581894,-0.003101982618126442,0.001442992373037466,-0.02017429777965274,0.0012852362413238172,-0.007030741940992069,-0.008701640366248431,-0.0031644512051073326,-0.010355581182579177,-0.013801274644376305,64120100,54686000,559651000,75878300,6054700,6958000,18459700,2300300,7123800,9082200
2023-02-09,-0.006911551272300476,-0.011659948625459715,0.005944637260712149,-0.01809100582487666,-0.013507963911756127,-0.015563956755607178,0.003774480946305392,-0.010406964728199242,-0.01096926730691139,-0.02345730688811032,56007100,42375100,523876000,64622500,7949500,6443100,17439300,2464900,6547400,13163500
2023-02-10,0.002456330114192884,-0.001972462427441979,-0.04799212988762358,-0.006412838631079665,0.004647053344784435,0.004415456898220871,0.042151374462923386,0.005643970373893303,0.008828797239137431,0.020062733143077605,57450700,25818500,550737000,52740100,7028000,6582900,24918600,2820300,8108900,9883000
2023-02-13,0.018806796905214584,0.03124278735617536,0.02459434675584249,0.019772567289289666,0.0037000162571660944,0.010848059863103554,-0.0038897183474090324,0.001937946725148132,0.013091392373136168,0.011774328794552424,62199000,44630900,474919000,52841500,6414700,7134600,14536200,3068100,5081600,8114200
2023-02-14,-0.004225183087417483,0.003132909435306086,0.054296130777784946,0.0016073541414833858,-0.004362333087840287,0.0044188779168437,-0.011714792648791716,-0.015273075326426966,-0.005640006702894218,0.005421601703857082,61707600,37047900,675474000,56202900,6316000,9249400,12079000,2512900,5253500,7089400
2023-02-15,0.013903543123251705,-0.007992880549350989,-0.009011518074315883,0.014643999584324163,-0.016477424510718652,0.004189880667724966,-0.003006513206601058,0.01776078454355834,-0.0022978997358478193,0.011969356828157363,65573800,28922400,420575000,47957600,12621800,6728300,13663400,2398200,5530300,9344300
2023-02-16,-0.010429440041760718,-0.026622528551655478,-0.033473813613132064,-0.02975486385196624,-0.007090531696073321,-0.013769063526753889,-0.00292912111885002,-0.008765525518284245,-0.013097073779368196,-0.01624660071528594,68167900,29603600,412026000,56339200,11177000,8165300,11360600,1934900,7595700,7795600
2023-02-17,-0.007546680883725343,-0.01560180439792025,-0.027906484365034845,-0.009679109147912035,0.020877020885523567,0.0029615361394692563,-0.03845151105447242,0.005151615570113677,0.020927664784286648,0.005020230813502113,59144100,30000100,465888000,60029400,12401900,7948800,20758300,3759300,8034700,9436100
2023-02-21,-0.026679811573020573,-0.020886550432494988,-0.03427171686714181,-0.02695468312187932,-0.014901074399565895,-0.01834931706166021,-0.0009884657066557834,-0.028572438529057886,-0.0007143861005114438,-0.03168105106944907,58867200,28397400,410015000,56580400,9423900,9996300,14469400,3105900,6899500,11915600
2023-02-22,0.002896221052227421,-0.004591160469292643,0.004793168277114068,0.012793392483054111,-0.001392423151341693,-0.007663104652981367,-0.01295326238739547,-0.011715412269203695,0.004217014380473838,0.000271333041157229,51011300,22491100,513184000,59534100,9820200,11107500,13973800,3145200,6126300,9351200
2023-02-23,0.003290328993471814,0.012961917841346038,0.14021382240878943,0.000313172345862478,-0.0003168155469782663,0.008011007617172217,0.009204308857466703,0.00025216032801123056,-0.0032027696256224925,-0.010993246122544376,48394200,29219100,1117995000,48467000,9385100,8068000,11289400,3219000,5835400,9049900
2023-02-24,-0.0180051943947529,-0.02178448374974229,-0.015973575867042844,-0.024212061179431754,-0.011158243631097742,0.00902113919716907,9.039435608593216e-05,-0.007480549824845473,-0.00564081230126412,0.0006859702126655876,55469600,24990900,589716000,57053800,8689700,9126900,14351000,2105500,5260700,9127800
2023-02-27,0.008247442222935941,0.003771772233617021,0.009232977837245748,0.0027807715104863906,-0.002180001717186242,0.008727900918998666,-0.0018057702300512402,0.01613248494478503,-0.0008618802284816596,-0.008170887603971777,44998500,21190000,452994000,47470300,7267100,10014700,11710500,1720900,5820900,7029700
2023-02-28,-0.0034478242013882276,-0.002958000374336023,-0.012127228586016447,0.005012811540044737,-0.015228392507350308,0.008370739615906286,-0.005789234325907611,-0.0017918433861078276,-0.01135529258084833,-0.011550219880871126,50547000,22491000,455963000,43959300,9062300,11019800,18107000,2647700,6709900,11276700
2023-03-01,-0.014245893056754388,-0.012629348194862944,-0.022312062302694224,-0.02186145722806776,-0.004502093993452472,-0.005580662138759296,0.008916230316152074,0.03807150934488024,0.0007271096316046055,-0.01633106061613787,55479000,27565300,460026000,52299500,6767000,7139200,13200000,4117700,7101800,11809200
2023-03-02,0.004129214262679204,0.01965330654158115,0.02713883783817872,-0.00043399062951077205,-0.0007867112174231305,-0.010382370243825711,0.0045993735733185215,0.0141148210184312,0.016489653315551633,0.033490598319543485,52238100,24808200,389415000,55509400,8762500,11106800,10339900,2676500,5924600,16066500
2023-03-03,0.03508979251087374,0.016645910359016414,0.024706296131457472,0.030066258059702422,0.010298583075334156,0.018359534594752036,0.012656941949508393,0.0124118463675984,0.007289502338132303,0.022434823094425793,70732300,30760100,412393000,55759600,5747200,9513100,13006700,2314700,5259400,10724800
2023-03-06,0.018539660559753868,0.006188977221412317,-0.014064430553747509,-0.012118034851298809,0.00999872364465415,-0.005847096800926765,0.008864419581740002,-0.005209145237407453,-0.004256918609684357,0.007720253404589927,87558000,24109800,437429000,52112400,8148200,9261300,14347400,2317100,4943100,6888900
2023-03-07,-0.014496634318899027,-0.010588882763137852,-0.011125424389886507,-0.0021333007812499583,-0.009449697751522379,-0.029407660491895804,-0.0193304290555677,-0.030868694095115057,-0.019878835738783684,-0.008736810057204059,56182000,21473200,515154000,49100700,7457700,11747600,11525300,3018400,5606800,7308900
2023-03-08,0.008377253836763465,-0.0017706847561731465,0.03834597879797941,0.003955051898638651,-0.007333354239497103,-0.005915328144940224,-0.014604439246135192,0.010481805238103936,0.0001455408322295071,0.006779806030571711,47204800,17340200,513573000,44899100,6230500,10002500,13509800,2068600,5518800,5913600
2023-03-09,-0.014914530104573887,-0.005439384521130242,-0.030809240775071967,-0.017781071140368643,-0.011244855559984557,-0.05413650896786548,-0.007728671062009473,-0.03119968778269866,-0.007341371391953788,-0.0065990418957332375,53833600,26653400,501257000,56218700,7439400,25888100,12961200,2518800,4467200,7678100
2023-03-10,-0.013878782879414464,-0.014782805813989497,-0.020097340754705262,-0.0164769283801236,0.0024465338680172977,0.02539503191818482,-0.012370461926042742,-0.057893556813523483,0.0045398608417166475,-0.01016821452185801,68572400,28333900,474866000,69827500,8504300,37599700,15795700,5767500,5928000,10167100
2023-03-13,0.013265907873605043,0.021440931733304858,4.35543508843228e-05,0.01873687738723384,0.009564056673361243,-0.017957265350986296,-0.011504996706075077,-0.010175679420684314,0.0069247401799164,0.003835005308172157,84457100,33339700,421890000,72397100,10799600,42901100,20745600,4885100,8337100,8388800
2023-03-14,0.014089259288618372,0.027055856249694088,0.04776615390855432,0.0265065123894086,0.00561853866706441,0.025675983804098523,0.0037545652153028186,0.0043168504341177805,0.012378824105843345,0.017191874289617992,73695900,33620300,474910000,60912700,8421200,29648100,18263500,3754900,9219700,8635800
2023-03-15,0.0026214742993251328,0.017830295110566663,0.006857120555131546,0.01391230747297123,0.002793734252163338,-0.047243828343559,-0.04974764009544275,-0.03726669581445463,0.014157634324894808,0.013011620903630172,77167900,46028000,524486000,70731800,7757700,34280600,25733800,5471700,8823500,12030300
2023-03-16,0.01869387756750851,0.040536443113150744,0.054193432902048144,0.03991688242309577,-0.0020731689856569036,0.01941367031938057,-0.00580592882087172,0.006674028466771453,0.007473938607764907,0.009401532822900016,76161100,54768800,583253000,84446900,7605500,24558500,27465200,3555000,7063400,8895800
2023-03-17,-0.005453886288047216,0.011694644347599814,0.00720423447198848,-0.010895681300578386,-0.010712229591124944,-0.037782004182956186,-0.011778751120130715,-0.0169174229110175,0.00027988050647720364,-0.0073463476168262876,98944600,69527400,848547000,87300200,20540700,38396000,43199500,7203000,16018800,14137400
2023-03-20,0.01548378929447014,-0.025766850810767683,0.006802697364222787,-0.012531560404374087,0.00990946626766176,0.010571407867379312,0.026141755724853555,0.024650012786278763,0.015392439458586704,0.003964580016080355,73641400,43466600,432747000,62388900,7129000,22875500,32042100,3464200,8379200,7140100
2023-03-21,0.011944217585575956,0.00569374569086345,0.011544352711813755,0.029679680207260972,0.0,0.026820789110005627,0.04480247015758243,0.020925148964233253,-0.0072352420087412606,-0.008029248470432626,73938300,34558700,547408000,58597300,8376800,17807800,31592300,3074600,7753200,6222300
2023-03-22,-0.009103491946597542,-0.005442422692859439,0.010267552794757773,-0.018984232685839597,-0.018454841333546246,-0.025813720241502747,-0.0228885917046735,-0.02209682366287724,-0.0006245016956679672,-0.01632181411781486,75701800,34873300,797295000,57475400,7943500,17250200,14952700,2930200,5729100,7038000
2023-03-23,0.006969368999670378,0.01972160012687052,0.027316038255305042,0.00010133876939955044,0.0005297519249909399,-0.002673515290786521,-0.011282199466015053,-0.0023186563580068764,-0.001389052656546208,-0.00431681850177168,67622100,36610900,564889000,57559300,9051500,16677600,14385900,2957400,5788400,7541200
2023-03-24,0.008305670771672213,0.010480637241747415,-0.015152121430381582,-0.005875816395847999,0.010057447432609168,-0.015215990770075183,0.0011604141151932978,-0.011073720890256267,0.020376994649235813,0.025470887837796274,59196500,28172000,454920000,56095400,5696200,22311100,13401600,2976800,6144800,5293900
2023-03-27,-0.012293212951684285,-0.014934061860576442,-0.009260868356543495,-0.0009171134251457769,0.004258093191447987,0.028660700156626806,0.02192610586775423,0.004562110997913482,-0.005248145323101583,-0.0033029072487460454,52390300,26840200,361026000,46721300,6772300,18853900,14805900,3209500,5917200,5515900
2023-03-28,-0.003980419347237363,-0.004160880786555521,-0.004560724000365779,-0.00815996577200262,-0.009654309847178744,0.0030353557255022867,0.012476205659236683,0.009908139812132788,0.0028091606475437736,-0.0026514741460034186,45992200,21878600,356104000,38720100,6115300,10820500,11047600,1802000,4213800,5935500
2023-03-29,0.019790915401503018,0.01918403315484185,0.021734107204692377,0.0309543624265336,0.009814252984539085,0.002017425724281763,0.017177161995737933,0.012899694172951115,0.0030746480560606138,0.011563145220926163,51305700,25087000,393694000,49783300,6012000,14595300,14219100,1857300,4987700,5680500
2023-03-30,0.009889616704915394,0.012619492731505755,0.014786481392114137,0.0174563591022443,0.0007828064423129888,-0.0030201405850216467,0.0048642015340707445,0.006905915484639369,0.004359409273749781,0.006306721959737471,49501700,25053400,364516000,53633400,4555700,12134700,11578200,1921100,4117700,6187000
2023-03-31,0.015644432246872952,0.014962381565154281,0.01438853033162979,0.012647067799287592,0.010232801913554024,0.012116587837835757,0.0015525756499685794,0.01915027003186265,0.008409527773439063,0.006397747443663393,68749800,32766000,433933000,56750300,9890000,13105200,14418000,2746700,7685900,10124400
2023-04-03,0.00770149273868892,-0.0037111891743907277,0.006768205090426971,-0.008519675143944028,0.011935501306802099,-0.0011512401817304063,0.05900051022250974,0.004500955250763994,0.005514899402835782,-0.005319201664607531,56976200,24883300,398716000,41135700,6841900,11775400,28087700,2242500,5721700,5778700
2023-04-04,-0.0032496322894621787,-0.00017427660046898108,-0.018308567833923983,0.015037527888523972,0.010455706062187708,-0.013368073861023233,-0.009558325223382513,-0.05403061573574719,0.004815768071191773,0.006391179034883843,46278300,25824300,368592000,48662500,8314500,11579900,16365500,4282100,6714300,6165600
2023-04-05,-0.011290272779773902,-0.009889348110318497,-0.020835513411889606,-0.027417013542964663,0.04492393601628608,0.0014911372170718362,0.01712761225024706,-0.018027096177051005,0.006856137822622399,0.015163219917266879,51511700,22064800,515015000,45175400,16704200,9614700,16479500,4265300,6094800,8200400
2023-04-06,0.005496043052793276,0.025533083999503603,0.0058032441472617435,0.009495540049077267,-0.0027776732154547457,-0.0010972068872510121,-0.016582572629572745,-0.02041869630389259,0.006346736035385714,0.008170497994873571,45390100,29770300,397654000,43808000,9615400,8760200,15778000,4180100,5399700,5427700
2023-04-10,-0.01597238258389788,-0.0075791789427301914,0.020046607670949346,0.0010778033801970288,-0.005025581775051191,0.003294855375532313,-0.0044329230987543156,0.030405886351210443,-0.00827763617686117,-0.006838117966326274,47716900,23103000,395279000,37261200,5354000,9477300,13006600,3839000,4891800,5647500
2023-04-11,-0.007591223892950527,-0.022668438065611696,-0.014866415986117487,-0.022022120390757682,-0.00030440685376098564,0.0049262738612732004,0.007071690238725337,0.02352346068468636,-0.001987377950484759,-0.001147288864855489,47644200,27276600,314378000,60417800,5903800,10516300,11758500,3882000,6311800,6019600
2023-04-12,-0.004353206822003353,0.0023338422972918327,-0.024807662907606276,-0.020916697119598093,-0.002130392468088771,-0.00015568795852161088,-0.0010401541785646229,-0.0004533514606293032,0.002721448405064164,0.003191075099808316,50133100,27403400,446259000,56735000,5764100,11821000,10919000,2385100,6137900,6786400
2023-04-13,0.03410358848714856,0.022399227236701735,-0.0012077594002642966,0.046713683014299345,0.013360080793723084,0.003813217390603585,0.004686253538339846,0.005306045197539522,0.004633513899080066,0.003308362234197171,68445600,24222700,353615000,67925100,5640600,12450200,12399700,2909100,5489500,4928600
2023-04-14,-0.0021139309092124137,-0.012765419385142751,0.011147558579070127,0.001074224694457282,-0.0016256664274267862,0.07550965427154277,0.002418556551054607,0.00906760857407618,-0.005073303928561201,-0.010526300433964297,49386500,20987900,395660000,51450500,7225100,43931300,11530800,2246900,4478800,4920900
2023-04-17,0.00012082750003972187,0.009295873818444989,0.009118828982221938,0.0022436418178335416,-0.0010249803024183768,0.007929205670377026,-0.011632960343507137,0.0069743141357536675,0.0003311418968483526,0.00666506460243288,41516200,23836200,321471000,39919500,8046400,16050500,13260400,1751800,4296400,4393300
2023-04-18,0.007505080781004869,-0.001488972425893964,0.02462777791602,-0.004282604839014548,-0.028128128267633556,0.011227745005435663,0.01952931221377674,-0.00017769007444812246,0.0010593682622017653,-0.003055848636113634,49923000,20161800,604812000,39790500,14571500,13760100,17436100,2567100,4158400,8147500
2023-04-19,0.006968037352697021,0.00027748139245598047,0.009542137333617529,0.019550341547772243,0.00944029638628141,-0.0012729291469532056,-0.003164133848689521,-0.0024421112878233453,0.00019827937206562396,0.008173733038326025,47720200,17150300,358660000,58398900,6752000,9158100,10682600,2078400,3837600,3813300
2023-04-20,-0.0058462278654618505,-0.008112137823833576,-0.029608728981695087,-0.0046980391066805405,0.006460309890310656,-0.002903291638549854,-0.007978023245654331,-0.01059442022221213,0.0036659811720605173,-0.0024070418385232495,52456400,23244400,427713000,57696900,9498800,10586200,17038700,2826800,5370900,4350400
2023-04-21,-0.009780986342554199,-0.0012230807782438458,0.0005534078741391557,0.03034391291745231,-0.005440696409140355,-0.0019174515557617289,0.0031995607754644606,-0.0036186905995088114,0.03460387217516048,0.0030478046166628747,58337300,21676400,345103000,86774200,7014200,11842500,14315300,2712500,14876900,5192600
2023-04-24,0.001878727775659783,-0.013963221926226788,-0.002839274590611063,-0.007011967150520215,0.006085170285222041,0.0013521061502925757,0.01887763207962312,0.014346036569633291,0.001794218444298945,0.0006328175828427263,41949600,26611000,339282000,69575600,5278900,7567500,15831300,2790700,8109800,5725800
2023-04-25,-0.009435739612499994,-0.02253596300563121,-0.029620566716068497,-0.03427172037496595,0.009164287029169493,-0.021744079831550134,-0.01421315265728218,-0.021483232273814656,0.00025564992573778866,-0.015435079559956377,48714100,45772200,378527000,65026800,6263100,10629300,12179800,2505600,8341800,8399800
2023-04-26,-6.122798045116173e-05,0.07243495561141455,0.027247254946704436,0.023496184744855597,-0.015498236034419688,-0.017723602750948864,-0.00918283436198375,-0.011160466443887795,-0.01157364749345735,-0.048188294864512704,45498800,64599200,406337000,73803800,5518200,14416100,15566100,3254700,4843700,12656700
2023-04-27,0.02839538903376515,0.03202759526080112,0.010016530522124922,0.046103983455159314,0.0023366831775646357,0.013458880224180847,0.011953175880622613,-0.008603469404187658,0.012226845557129273,0.02403133424208348,64902300,46462600,377161000,149961200,5739700,9041100,16279200,7711100,4805600,8155600
2023-04-28,0.007540978041833846,0.007971593054088677,0.01920949475107525,-0.039792412663683385,0.004294488272945873,0.008682892017732646,0.01292471612468482,0.020855552502138996,-0.0005752127258621398,0.010283620070834276,55275900,36469600,292216000,130715900,6024900,9887300,24381900,4669500,5754700,10005800
2023-05-01,-0.000530310659699551,-0.0055329570645772375,0.04183936159352886,-0.032242712137328766,-0.0006108173608740941,0.02141197606977352,-0.0310123327757581,-0.006992559874443249,0.0012150137825950313,0.0022183145291239104,52472900,21294100,570329000,74728100,4893400,20415800,17355000,2876400,3844600,5214700
2023-05-02,-0.0061914551723522004,-0.0004906518053165998,-0.024213189687736003,0.015482549283793778,0.00874084335443781,-0.016147256025409784,-0.039853420546448914,-0.009757518455631664,-0.0008941923282803632,-0.011197858357302914,48425700,26404400,402730000,73469400,7541700,14113400,24324100,2858000,5262900,7674200
2023-05-03,-0.006467275209750101,-0.003307184309363276,-0.014462973207934882,0.00019303553981586674,-0.013088643697366509,-0.02116307573171272,-0.019709414914155676,0.0022775661873339903,-0.0012784272902401916,-0.007242626192291213,65136000,22360800,383387000,65051900,5937200,12930900,16212300,2635100,5775000,6265900
2023-05-04,-0.009913442720967391,0.0033181580696672874,-0.008632361503224217,0.0033767339022539034,-0.004543468038165521,-0.013678637696033058,-0.01751136931438868,-0.02439251847957724,-0.004608770564464071,0.0015917654527175529,81235400,22519900,321850000,45345500,5128000,17089200,17177200,3211000,4892600,6042300
2023-05-05,0.04692693301662776,0.017157202798057547,0.040563104819301365,0.015961573674128537,0.003392383524266407,0.019534564186909797,0.02489617276224587,0.022388002746020597,0.003343910030203956,0.0,113453200,28197100,361494000,56951700,5194500,11261400,14968200,2716600,3989200,6215500
2023-05-08,-0.0004035065996428333,-0.00643820343208612,0.016422505795368192,0.0016089169321718,-0.002274488463124613,0.002413569764946999,0.003956651932999433,-0.0013948293015557667,-0.004678435680624982,0.007283761494512708,55962800,21318600,344979000,49430900,4994900,7484900,11187800,2414100,4950700,6751700
2023-05-09,-0.009970983528717836,-0.0053456563442702,-0.019896374183398402,0.00746481056277859,-0.007762839166978286,-0.00481504471855021,0.00027485293194629,-0.006052209372457429,-0.010238300561637548,-0.00631075936835368,45326900,21340800,314869000,44089400,5520500,7343600,11370800,4111900,4472100,5588100
2023-05-10,0.010420674044514522,0.01729615102192783,0.010990173188811792,0.03348339526223332,0.003725515495588416,0.0005130639729680198,-0.01282746944568991,-0.0014990326767677642,0.002081912309477074,0.017332563258083633,53724500,30078000,369350000,78627600,6756600,8133400,14884800,2446100,4754900,5696000
2023-05-11,0.0010947741669973254,-0.007044113244931149,-0.010628241198890498,0.01805969525073481,-0.004082846098463544,-0.0031504351456289603,-0.018099101586559918,-0.014730040488631801,0.0023370874546231324,-0.010274353545342785,49514700,31680200,322149000,74924800,5867600,7057300,17165900,3263300,3495300,6542700
2023-05-12,-0.005417376384589057,-0.003676106920206368,-0.008328159612650543,-0.01711533396079623,-0.0013043805181094381,-0.014333151511590536,-9.462396648096671e-05,-0.0023330874397635704,0.010169042191112476,0.02444141858820048,45533100,19774700,274222000,49852700,3904200,9988600,12613300,2172600,5252900,8315000
2023-05-15,-0.002897429113927763,0.001585904840272212,0.02163010101159779,0.008525256609829501,-0.0076503317420913985,0.008426274128767508,0.0019070539520926744,0.008351583288912945,0.000320491808490031,-0.0053872058130141065,37266700,16336500,293926000,53011100,5104500,7639500,13715600,1925600,5414900,5430000
2023-05-16,0.0,0.007367757217787263,0.008980120448725204,0.01978421437062372,-0.0013160497915840619,-0.006728991377047633,-0.024269421767529775,-0.01935710316843775,-0.0017307264320716165,-0.0219241845966055,42110300,26730300,449405000,71472900,5599200,6477200,14795200,2771500,5591500,6215700
2023-05-17,0.0036031912955276635,0.00945123667252279,0.03303337563556252,0.018518504813616277,-0.0021964102701043098,0.030747266625517078,0.022434596806270246,0.023648612619278753,-0.004237512358976181,-0.006592965878059465,57951600,24315000,432535000,65655200,6840700,12711500,14064700,2897400,4286900,5408600
2023-05-18,0.01366618062777647,0.014395085309115707,0.04970497237583049,0.022943736154795724,-0.003208044269289001,0.007584084362769916,0.009063122406928859,0.01235259864626359,-0.016443175420808975,-0.0031855347431141157,65496700,27276000,748725000,73174100,5173000,10999600,12005600,2643600,6997600,6970600
2023-05-19,0.0006283560174056291,-0.0005651723985354851,-0.013069063730244856,-0.01608126535201726,0.0027133492328341724,-0.0022940132471841457,0.0046328884382524915,0.00027934292738951427,0.004195929991601233,-0.008255623926365252,55809500,27546700,473908000,55056300,6527100,13492200,13359600,4402100,4754100,6338600
2023-05-22,-0.005480767062511105,0.008921394466798738,-0.002814580625410956,-0.010666648290490577,-0.005389181784216879,-0.008262600622909844,-0.012140185664294312,-0.0024210114393512505,-0.026180225172689364,0.0013428251461409246,43570900,24115700,372000000,70741100,5675900,11402500,12882000,2540600,7876200,4272600
2023-05-23,-0.01515492781602612,-0.018431949511485968,-0.015653168460019073,-0.00017393506729301844,-0.00038273430058954894,-0.010432530060875522,0.013623039200276743,-0.007234065601405604,-0.01079368206816389,-0.0056315753351542375,50747300,30797200,356253000,67576300,5793000,9514900,14394400,2298300,6116000,8751200
2023-05-24,0.001632029837897786,-0.004472618578254428,-0.004887887478693065,0.015305697616548875,-0.0009564714169221222,-0.009151367098415242,0.011184048064215801,-0.01415084503956987,-0.00826847520305718,0.0010787402857148631,45143500,23384900,721419000,63487900,5015100,8578000,16340300,2964000,5755400,6879400
2023-05-25,0.006692388342049105,0.03845798529200861,0.2436961122499126,-0.01498929336188437,-0.014362165247547187,0.0024383567196255562,-0.01793828459053115,0.0013352367640191432,-0.006423879159222601,-0.0114495275899551,56058300,43301700,1543911000,66496700,6886100,8472500,14316500,2243600,6510300,7716400
2023-05-26,0.014104753270278714,0.02138553453740122,0.02543475592784561,0.04443478791610045,-0.0003887258685457695,0.009360905475155334,-0.006530505870412817,0.008667730827316866,6.875838237352383e-05,0.013686016576681226,54835000,36630600,714397000,96779900,6845400,8579900,12370300,1973900,4716400,7174000
2023-05-30,0.010659442342978886,-0.0050468634657442335,0.02991319653256652,0.01290486257498391,0.00012969637685800173,0.0037972230428360287,-0.008859592593756904,-0.008970939021332947,-0.015268230367002533,-0.01663979509650071,55964400,29503100,923401000,64314800,5593100,7399900,11938000,2885900,5561000,6874000
2023-05-31,-0.00028195228636329617,-0.008513996887539399,-0.05676742638420085,-0.00887721353399118,0.00446975640495606,-0.012730919307412214,-0.01787765249431339,-0.019771272768584036,-0.004749213960983822,0.01059295075352118,99625300,45950600,1002580000,72800800,11324600,14219900,24926100,5937000,19854800,11112000
2023-06-01,0.01602254026047545,0.012758952493696407,0.051170739696071,0.01816217265513176,-0.003353709290091378,0.013779365013215639,0.01154809384637745,0.016136125694903303,0.010245623945140725,-0.006806505564847298,68901800,26773900,635873000,54375100,7901300,12248100,13551900,2989100,6091100,6738800
2023-06-02,0.004775305012776565,0.008479205309485982,-0.011139163565841659,0.01205508998453797,0.015724067485033633,0.02100587505366347,0.023219929513664805,0.08399099373590024,0.017782751461628,0.012198448686736585,61996900,25873800,482731000,61264400,7659700,12922500,14112000,8358200,6124400,7175400
2023-06-05,-0.007571023967519408,0.001610000272112666,-0.003966471184159603,0.008450728786783213,0.00860051102324677,-0.009824041836532182,-0.004444014566115206,-0.018355933246075762,-0.003958560806542666,-0.003520696264142087,121946500,21307100,396094000,47950100,6430500,8511900,10628000,3438400,4753700,5266600
2023-06-06,-0.0020604721335363285,-0.0067272909229669775,-0.013198689964843746,0.010454888481148839,-0.0008845919710975814,0.0017974805953535622,0.008167862710205975,0.018923909982427656,-0.009935399077766194,-0.00285355398539644,64848400,20396200,388729000,45695200,5073600,9329500,12209800,3230100,4635900,5652900
2023-06-07,-0.007756111915715236,-0.030867880925933178,-0.030401094788249705,-0.04249267220189956,0.002149901176567992,0.009688514930179748,0.022421009928936808,0.039130162186393314,0.002145461164464235,0.010765910342487528,61944600,40717100,511998000,95663300,6504300,9281400,16027100,5586400,6194400,6488100
2023-06-08,0.015465149271020051,0.0058136861517597005,0.027618630471873518,0.024911297199049942,0.010976329540183682,0.0002843261745708592,-0.0031328051714430982,-0.004669978721715595,0.011325686857611927,0.009842251668910063,50214900,23277700,417772000,62159300,5818400,7368100,13517100,3546800,4863700,9984500
2023-06-09,0.002159657243810731,0.004703892694058576,0.0067512265833524765,-0.006599595129369917,-0.0015599376392637643,0.0019892575492899134,-0.007394283342252006,0.0024738623531974646,0.0008196285497581446,-0.011081389739463599,48900000,22529000,427717000,51396000,6264400,7249100,12251600,2488500,5569500,6011400
2023-06-12,0.015638800493259053,0.01548381679057198,0.018364893096025847,0.025439515368102628,-0.0006874326569180633,-7.08055026777954e-05,-0.009032511911426844,0.012211016395598184,-0.00784675117173339,-0.0012152310129246446,54274900,24260300,388701000,51338000,6510600,7596600,14112000,3644200,5354000,7564300
2023-06-13,-0.0026117490004358146,0.007352673608925109,0.039005141727934234,0.0007111003199982147,0.00525316203666315,0.007234149260994194,0.00018790451504946404,0.03169416719390372,-0.002406994996642986,0.005001574682200083,54929100,22951300,613208000,50564800,6066800,7701600,13533800,4335100,5321200,8579300
2023-06-14,0.003491591075707623,0.009123757996521098,0.048144820262538746,-0.001894879884926648,0.005101475545055578,-0.0037318139302442432,-0.012025567263882486,-0.008637484786193195,0.009375551178375963,-0.012777421964890179,57462900,26003800,740465000,52422500,6699100,9068700,16627700,3122400,5693300,8893600
2023-06-15,0.011198665896458238,0.03189667206811464,-0.008000381397530787,0.005458016543269828,0.013431545489922758,0.011308171607894435,0.00694171186792758,0.017877534358665015,0.013864314316703652,0.013079043378558364,65433200,38899100,568622000,60458500,7138300,9343100,16224100,2743900,5863000,10098300
2023-06-16,-0.005859821976543,-0.016575711946050564,0.0009141984278651094,-0.012744888197649074,0.0030538543877201008,0.001187892364104881,-0.0071771242593343665,-0.00969018333533922,0.007342364991586248,0.016541006528266955,101256200,46552000,655709000,84247100,13426600,13813500,43128900,5261200,11244900,23053600
2023-06-20,0.0004865174346122547,-0.012502557223776356,0.02614079226834054,0.002310948445805039,-0.0006089711517109908,-0.005095415639526091,-0.022924095771777897,-0.016797909414892342,-0.009228047394303607,-0.010980344976214917,49799100,26375400,451153000,56930100,7995800,8428600,17514100,2979800,5340700,7801600
2023-06-21,-0.005675333685319139,-0.013281895176097902,-0.017417032239063213,-0.00755284590127181,-0.0015231561015102146,-0.0014731016743290137,0.011195699592086328,0.0013684268885401085,0.008639159097272309,0.013643830781816968,49515700,25117800,551603000,52137700,7177500,9926500,13285700,2892500,4649700,7176100
2023-06-22,0.016525258828344658,0.018437284058045122,-0.00046459813635757463,0.04261789623803569,0.010617530101330042,-0.019252707029960625,-0.005487861586882969,-0.017144304335463878,0.0034125122912660455,-0.008577518589004574,51245300,23556800,417737000,90354600,5485900,10075200,12455300,2421600,6666800,6976200
2023-06-23,-0.0017112225340120135,-0.013805852683656528,-0.01896572787943185,-0.006300361919969633,-0.0008454043615314655,-0.005229986305950063,-0.008712451873560068,-0.012218696856756694,-0.009936483816126662,-0.012777876296205526,53117000,23146900,358140000,71927800,9450700,9919500,17933600,3354000,13843300,9080100
2023-06-26,-0.007552947496745621,-0.019162897321699512,-0.03736174312838447,-0.01546431587167707,-0.01117948231996635,0.0024485661262028113,0.018457058990244413,0.010706333335118945,0.0010102669044795842,0.0016180868228341527,48088700,21520600,594322000,59989300,6978800,8429700,14283400,1748300,4353100,5670200
2023-06-27,0.01505904671646463,0.018167936147658326,0.030616247238071326,0.014529104045574393,-0.0020778940166015225,7.196384090191188e-05,0.002493202998171684,0.015783848249522503,0.009488040250011487,-0.005115206147785711,50730800,24354100,462175000,46801000,4927500,8154000,13227500,2283000,5445400,5979100
2023-06-28,0.0063278323875932685,0.003825709039388059,-0.018124694683428366,-0.001083754432466999,-0.0020208727283225203,-0.004382038420345791,0.008129883717902464,0.004902608969726163,-0.00019990896286692372,-0.006359036371607063,51216800,20259500,582639000,52149500,6780400,7558600,13084100,2200100,6733300,8735100
2023-06-29,0.0017965370435895078,-0.0023819554810025068,-0.007174780482279819,-0.008834406537251538,0.006995570791005878,0.0349231347290071,0.012334027627545652,0.009798657638719455,-0.00406682044130513,-0.008578589531059388,46347300,16997000,380514000,40761000,4547500,15423200,11364400,2070000,7343000,7193200
2023-06-30,0.023102484273904267,0.016385511001872244,0.03625480617367138,0.019233769000189582,0.008653243260550614,0.014013663126931863,0.005154587366274166,0.007410886044723286,0.015798551224560198,0.019090737034058725,85213200,26832800,501148000,54350700,7580000,14212800,13544700,2377900,7058300,9259900
2023-07-03,-0.007784684629075889,-0.007488111583655699,0.0026240395373697822,-0.0010739443770555468,-0.013110200565143226,0.008044593906723296,0.0019581902008956042,0.005202141202249155,0.005008347066571606,0.002425984105128176,31458200,12508700,198209000,28264800,4033700,8021600,7397000,1045700,3996100,2484500
2023-07-05,-0.0058714741993842745,0.00047365036281976636,-0.0022632835945555208,0.0012287180203460757,-0.0033058591596377696,-0.006661752801686682,-0.005118208342270392,-0.010107925902248627,-0.0017047957586676654,0.007663251984245667,46920300,18172400,323618000,35895400,7224600,8934900,12491200,1820600,8279800,8450100
2023-07-06,0.0025088243507647157,0.009226438971682072,-0.00505714523601164,-0.015493205988729275,-0.007431913918405808,-0.00988652760607489,-0.0373212314886755,-0.017359112197928295,-0.0016421492081541977,-0.025750340432586283,45094300,28161200,303582000,40639900,6332500,9709500,17961400,3079700,7958300,7271200
2023-07-07,-0.005891371602044448,-0.01186744310560539,0.009500492264524762,0.011062622017709689,-0.014542106818226208,0.007890472918878011,0.002331935972555099,0.019120570960089678,-0.02098831118899258,-0.013284062378522421,46815000,21214800,355881000,41992300,7022200,8981500,21929200,2903900,9169500,7511700
2023-07-10,-0.010855767285673834,-0.015983652358921185,-0.007599493678434821,-0.020419182854096718,0.0016326325881852455,0.005611923586714029,0.014831355763254006,0.014805340112584275,0.0004033145199999755,-0.00471892816154762,59922200,32791400,353908000,61889300,5739200,9100100,14877600,2771900,5529200,7704700
2023-07-11,-0.0028098860805479964,0.0019288367929781725,0.005334209366495868,0.012978852839820476,-0.005516905361091395,0.015638783421102476,0.01222658691856604,0.01623740462721912,-0.005239773841817286,0.0066934689270425896,46638100,26698200,298244000,49951500,6606700,11260900,12576500,3293300,5150300,6623100
2023-07-12,0.008985487272754167,0.0142267544926864,0.035302615451312525,0.01568569880112225,-0.0034671682354103783,0.004951760103733882,0.004906964397203062,0.0029661963765601485,0.005199754595381467,0.017731212259895823,60750200,29995300,481277000,54022800,6940400,11323200,13238200,2986200,6764600,9710500
2023-07-13,0.004057311816076048,0.016192198174793004,0.04726439276162253,0.026758409161619312,0.004617920842180823,0.004859993671159968,-0.018311438071811237,0.008911639354990841,0.0006718194666461841,0.0032665620406779894,41342300,20567200,478204000,61170900,6401700,11234900,26826800,1949400,5561400,6058600
2023-07-14,0.0007875669686996378,0.0075292970829070605,-0.011049022857230195,0.002829408900884234,0.006674780985037376,0.006045826375033592,-0.03443658941483052,-0.0009380810582061416,0.007385052710933815,-0.0069192034532001845,41616200,28352700,772075000,54487100,5362200,27028400,28181900,1936800,6128900,6463500
2023-07-17,0.017305313503709563,0.001419345266863381,0.02181703883599484,-0.008315972513331604,-0.00500401814240703,0.024103434292446435,0.0043588993589103175,0.00719812730029501,-0.00706420485825765,-0.007376597595521117,50520200,20363900,510488000,48450200,5486800,17262400,18051300,2674500,4625300,5148800
2023-07-18,-0.0013401700830929508,0.03979973260567604,0.022233704611242633,-0.005465676406731013,-6.297542198929751e-05,0.0018256330277479638,-0.004537390568743915,0.024664218451859954,0.0018791521035288472,-0.008395523960174178,48288200,64738600,569164000,54882900,6332500,13491700,24617800,3832400,5351200,7239500
2023-07-19,0.007071656580930119,-0.012267317331303262,-0.00878016387999625,0.019046892602732513,-0.002011841565675798,0.0038394672000579,0.0069361401487282315,0.0009143311540760202,0.006833343133987979,0.0006939933487677408,80507300,39732900,427502000,54531000,7522600,12510000,15556500,2771900,6203600,7464800
2023-07-20,-0.010097371493211438,-0.023121609637232976,-0.033073462536529985,-0.03989357175040831,0.060728104958643225,0.012317675819477403,0.017614829432014867,-0.006317890197104492,0.00810853693634872,0.02773923674950396,59581200,33778400,537865000,59820600,21892900,9935900,15740200,2102300,6445400,9221600
2023-07-21,-0.006161715636120335,-0.008937041473328078,-0.0266036706915338,0.00030773533446226686,0.010749645348221648,-0.0076847293074068235,0.004641692232470795,-0.013175619959141738,0.015741170187347997,0.02429147478193694,71951700,69405400,963769000,133307300,12080000,10636400,17121500,2249900,9938400,11878400
2023-07-24,0.004220040489816723,0.0038978790896238014,0.006838399867672207,-0.009230745755709147,0.005229368677705182,0.01968369589434049,0.01568946290002038,0.006675767353151674,0.0032042246417507414,-0.0052698961003564415,45377800,26678100,382516000,45591100,15155400,14381400,15090900,2195300,5549500,8609700
2023-07-25,0.004513689355103878,0.017009326862601926,0.023917342785954476,0.002562125956798944,0.007657243444025852,-0.0074684139553207185,0.0015164487033882956,0.010371156101491419,0.0023465342688024915,-0.0007948452592740907,37283200,41637700,348081000,39236700,13790100,9944700,14116100,2016600,5883800,8847800
2023-07-26,0.004544965192985417,-0.03763765307820088,-0.0049695661289990145,-0.007589335934878205,0.0019142912892198272,0.005994006096388116,-0.005583013139412674,-0.014271232124892452,0.0010404276246822608,-0.014183437055986459,47471900,58383700,364237000,53910100,14288200,8728600,15159600,2622800,7013800,7244600
2023-07-27,-0.0065809482816474585,-0.020872203796615474,0.009856664613807187,0.0007803832093540297,0.005615999096284741,-0.011029365322245077,0.0031404484437289604,-7.77720499989254e-05,-0.011887791737045128,-0.014791017397406625,47460200,39635300,455976000,52610700,12446400,10778400,17677900,2284400,7191600,10185400
2023-07-28,0.013507889324119171,0.023131364112387587,0.0185184507546865,0.030877245332297854,0.0045481892058771844,0.0057045863003193364,-0.011952154758242628,0.008246377010410644,0.028269024793936115,-0.005732366696764468,48291400,28484900,331194000,46317400,14138800,9103800,17566400,2101200,9397300,6230700
2023-07-31,0.0031660960707868835,-0.007240537837594596,-0.00044925273152518486,0.011118568090654923,-0.039832476477829504,0.006691670809783057,0.029569669136791932,0.018200703328128842,-0.0007031955170639925,0.006177239621965036,38824100,25446000,251055000,41901500,22632700,8892700,24197000,3568700,7955200,10876400
2023-08-01,-0.0042758389729817825,0.001250242928235501,-0.004750724216685209,-0.014886223394710907,0.008117989749409915,-0.004938182923685086,-0.005781422890360655,0.0885470419135328,-0.0003200659437123665,-0.015416226419170953,35175100,18311900,237858000,42098500,15810300,6853900,14177400,11823200,5718800,6723400
2023-08-02,-0.01549010374640225,-0.026282956144494496,-0.04812175571472732,-0.026425663778747666,0.00603934285777985,-0.011324461944141162,-0.012474068452785314,-0.003741746904109444,0.0021760494173803657,-0.0036025392879600604,50389300,27761300,530142000,51027600,14595600,8299400,13484100,6288300,5636000,6589600
2023-08-03,-0.007321630496490594,-0.002564773371400153,0.005556838447530854,0.005459768439170398,0.0042963976846965846,0.006113415903196362,0.017380448401935755,-0.02128169403331881,0.0026181950371169105,-0.02517033670455282,61235200,18253700,324176000,88585200,17424800,6084000,16280400,4743500,5792700,9075100
2023-08-04,-0.04802013839903274,0.00342864951749533,0.0037067256756311284,0.08269337801006271,-0.00937656895658312,-0.0021108435993897334,0.002800611350523674,-0.01780064456152619,-0.010955439518063992,-0.013266769676673729,115956800,23741500,362666000,153128500,23415100,6209400,14279600,3888200,4785900,9140500
2023-08-07,-0.01725359927930481,0.007108518412130893,0.01649512492000027,0.01898684357254843,0.024018192008422146,0.004742988707125528,-0.002048015157831151,0.018846673966903538,0.010561757989169474,-0.007662386220238848,97576100,17741500,322154000,71213100,17736400,7251800,12410800,2438200,4107400,8397200
2023-08-08,0.005311614700330036,-0.01229901732556482,-0.016579701023768934,-0.016031491771390738,0.00046211839535703625,-0.0056135799546579435,0.004944084982208219,0.004402799234489274,0.00108332759449703,0.0010199779377439988,67823000,22327600,353843000,51710500,27378700,8623400,14065600,2519500,4625500,8890000
2023-08-09,-0.008954258427928519,-0.011716006775870702,-0.0472415803031313,-0.01493494570121734,-0.0006349657030619849,-0.013407851641385471,0.01698671878104907,0.005797134838660956,-0.0012732085235254154,0.003056578302808921,60378500,22373300,586449000,50017300,42974400,6277800,19919600,3088600,4293200,7453000
2023-08-10,-0.0012347399006544801,0.0021723303741767452,-0.00390095326534734,0.005150463718840648,-0.005200607071664254,-0.0014955509162927205,0.005111515906124797,-0.0024952962315033522,-0.004971658109960697,-0.00914131850140365,54686900,20113700,492705000,58928400,48213800,5995100,15837200,2647100,4307800,7959900
2023-08-11,0.0003375024523761816,-0.005945506556697233,-0.03616598649478253,-0.0010825194798443905,0.009757954470801744,0.005795867976704283,0.015528575445019621,0.004932737925376296,0.005829352300052326,0.009225653135095158,52036700,24355500,533085000,42905800,45905600,5180700,14047000,1874100,3862300,6524200
2023-08-14,0.009393321075372496,0.009438924291812256,0.07093376318113287,0.015605834874352187,-0.0023582456354754866,0.0020719833142492927,0.0008046641010559519,-0.0023841029043283335,-0.00783358900754516,-0.005223796709130091,43675600,18836100,690286000,47148700,64036900,5044300,12973400,2194000,4297600,8021100
2023-08-15,-0.011200385334948604,-0.00672765747787285,0.004274078454453267,-0.020630355012962953,-0.0028830734361244836,-0.025457143011422212,-0.025673266688165053,-0.025198590381333985,-0.006418750640257542,-0.017648727243110618,43622600,16966300,676512000,42781500,88958100,10300300,14909600,2593600,6921100,7703900
2023-08-16,-0.004959120167751463,-0.0024284886340192324,-0.010332229304896412,-0.018885675014943426,-0.00318018141231291,-0.004243103930526515,-0.01682708619972406,-0.010310925810404492,-0.010207301738036967,0.0031180575824896195,46964900,20698900,527451000,41675900,85832700,6978200,13695100,2831300,6356800,6433500
2023-08-17,-0.014555065353502705,-0.010986176348482313,-0.0032654660636439736,-0.008069975106044458,0.009397317751369982,-0.010386884869793112,0.019371907302622615,0.002404048122453206,-0.007179775466884641,-0.0007401762164361836,66062900,21257200,452395000,48354100,70904200,9953900,16709500,2534700,6419500,6677600
2023-08-18,0.0028160784878381584,-0.0012623458262523979,-0.0010383327071632475,-0.005672447612115605,-0.00873508556171565,0.00228741646291053,0.015129191428769229,-0.0049788018912158005,0.0028266688528448825,0.0047401288078217085,61172200,24755000,583768000,48497700,49631700,8517500,16224000,2533000,5448200,6291300
2023-08-21,0.007736972772641071,0.017062669977012668,0.0847133091985226,0.01095925117625085,-0.029798694147673,0.0034235099645685274,-0.012086557370807882,-0.0038347982724168395,-0.005047569952885356,-0.011057004523694736,46311900,24040000,692573000,41442500,151319500,8327000,11092400,2207400,4504700,6856100
2023-08-22,0.007904699514689417,0.0018019830089670563,-0.027657682135454942,-0.0031926989840012077,-0.007947630304125819,-0.020738478906554447,-0.005611260456194311,-0.00934928077815711,0.00039528762656071414,0.006559258409613911,42038900,16084600,755293000,32905400,56834800,9673300,10518800,1668800,4195600,7370400
2023-08-23,0.02194886388186834,0.01407944801185912,0.031707214118211535,0.009459994580714559,-0.008974755370182552,0.006762963811221212,-0.008788126166857202,0.010473767924252586,0.00935261427213896,0.005479859825468614,52722800,21166400,779046000,42801000,119011400,7858000,11435600,1677800,4522500,7721800
2023-08-24,-0.026170372248887075,-0.021498648311836788,0.0009974166495583248,-0.027154721211281152,0.0034036223328244297,-0.0009497702513504569,-0.007466285374879367,-0.01366156058158241,-0.0046332402019412244,-0.009868923799520313,54945800,23281400,1156044000,43646300,70755100,6534000,10818500,1433600,4088900,9242500
2023-08-25,0.012643096073884807,0.009407192366279515,-0.02427747610985076,0.010770617478674804,0.014337900521284475,-0.0012224812100413152,0.017865703660919996,0.012105352753433163,0.006556037917028634,0.011008450424385474,51449600,21684100,925341000,44147500,18185500,6695500,13579300,1291700,3541500,10114100
2023-08-28,0.008845961004996239,0.002229173456396616,0.017753850523473336,-0.0009004586682715976,-0.011789394539799103,0.0034679908954173833,0.008406396943573702,0.008182146046356253,0.0015630281611236363,0.0008829717919913715,43820700,14808500,685192000,34108400,18458000,5094100,10382100,1550700,3614700,7152600
2023-08-29,0.021810296137847462,0.014550417971031848,0.041614126870292534,0.013294308852149106,0.00012166346599440381,0.008132303004909192,0.005954448993653383,0.01906863719229346,0.0005851814535189348,-0.0006216936146244967,53003900,19284600,701397000,38646100,12208600,6337000,9665000,2065800,4034600,11209700
2023-08-30,0.01917244176151134,0.0011570924427912743,0.009839476938924063,0.0011860029483812262,-0.0035298882365245587,-0.00403324303227881,0.009744029493410578,0.008213455388412116,0.0011046962977505626,-0.006221343997407924,60813900,15222100,735206000,36137000,9939100,6277300,11922100,1431000,3712200,7461500
2023-08-31,0.0011721434986107226,-0.0031327022076835798,0.0018471061345264328,0.021766395374215985,-0.012520800675387966,-0.01235157548051835,0.0027960329083089874,-0.004250102871158679,0.001947627455664236,-0.004322307396145586,60794500,26411000,528570000,58781300,15333000,10933900,17479800,2579000,5451400,11797800
2023-09-01,0.00846358897508348,0.0027460661456497615,-0.017141280231125378,0.0007970481467276525,-0.007422173468089377,0.0033486449075588176,0.0209550842843933,0.018211974376810325,0.0011014369649740008,0.0010479011846418196,45766500,14942000,463830000,40991500,8610100,7903500,14843500,2336600,4126300,8296600
2023-09-05,0.0012665894221159935,0.014878443152433363,0.0008043089112801383,-0.006154002858205887,0.0012464309029804888,-0.0110339312075729,8.8080769056198e-05,-0.016139596356460673,-0.013397154197221983,-0.010019567867717072,45280000,18553900,382653000,40636700,9019800,7854700,18304000,2515600,5097000,10002700
2023-09-06,-0.03579327344232719,-0.0020086371023914085,-0.03054979055317153,-0.013914209970579572,-0.016616796656373056,-0.001652984586865136,0.008632092075648856,0.004509495981648293,-0.0019680694428740875,-0.00770386265963019,81755800,17535800,468670000,41785500,9753800,8629200,13325500,1688900,3877400,9250300
2023-09-07,-0.029249472344802352,-0.008922030710955764,-0.017424156648140898,0.018395430569861038,0.012784000335684942,-0.008553895707286485,-0.0048903789534564535,-0.005196268045300045,0.009530721889063232,0.008524742314482747,112488800,18381000,433330000,48498900,9931800,8373700,13248500,1593200,4824800,9981100
2023-09-08,0.0034918481456081008,0.013215684473901756,-0.01446775935372846,0.0027565441218631026,0.0033119381687596317,0.0007653357905188507,0.014567740102779059,0.0030203461633497852,-0.004297165862462093,0.008754894764550825,65551300,19530100,473069000,38348200,6957000,7107900,14283200,1240100,3384700,7484800
2023-09-11,0.00662239915544327,0.01097913174476206,-0.008645584795000771,0.035231212663680456,0.013079228280290067,0.004380107369003516,-0.01254209853383681,-0.0008149330798832288,0.011901028581882356,0.01047430819250672,58953100,16583300,473966000,56764500,6309300,6854200,14383600,1515300,4288500,7981600
2023-09-12,-0.01706041063296415,-0.01825777230391512,-0.006817663760376513,-0.013067856717097759,0.005655998521411965,0.013013928984773049,0.029169542928617176,-0.0008508195349511416,-0.017576716247533763,0.00296186990931413,90370200,17565500,349256000,42668500,6045800,8363200,20145800,1587300,4537800,7171300
2023-09-13,-0.011854910777688188,0.012930671867768195,0.013706384031741514,0.025632022130484877,0.0025064165455679355,0.0004782824093441107,-0.008936948561775515,-0.020900719170204307,0.00697221547536242,0.010334763899178423,84267900,16544400,398355000,60465200,7397500,8325900,13472800,2119300,4040600,8925700
2023-09-14,0.008782551151651719,0.007855813051854899,0.0021107537756588357,-0.0008975138235036706,-0.001524269095032893,0.019397566634986596,0.0178632615091594,0.024065094868480408,0.010973887688900508,0.012421605962010585,60895800,20267000,370097000,64033600,7758400,10034900,15210700,2660500,4606800,7944900
2023-09-15,-0.004154019348424187,-0.025036970386466684,-0.03687952242171566,-0.029919857618376344,-0.01398598969512943,-0.00294802285840301,-0.015356001627925164,-0.012068339070804068,-0.008399493561021432,-0.009237916368888044,109259500,37679800,506831000,102909300,13392100,19863400,34568400,4940900,10262400,18391400
2023-09-18,0.01691341789073819,-0.00351285079375685,0.0015033027012585354,-0.0029204620264398073,0.00631801084016459,0.0020834444842128264,0.00805489000767623,0.006412360403260875,0.0037792081871546035,-0.005827472925820865,67257600,16834200,500271000,42823500,5789000,6512400,14045300,1363200,3536500,7534100
2023-09-19,0.006180874672855108,-0.0012459336528797271,-0.010144172489912617,-0.016788047695762587,-0.0016619558247420452,-0.0012743470722619277,-0.002635292991677307,-0.004520684471021497,-0.0029210939726563856,-0.009525255021421097,51826900,16505900,373064000,61482500,5550800,7943400,12562900,2313500,4704200,8215500
2023-09-20,-0.019992087214794285,-0.023977029255689453,-0.029434686811346977,-0.01700219075536713,0.004377310521344935,-0.004230222066154865,-0.007926280161857702,-0.003790057747389164,-0.0008463578638298053,-0.0035507771508294095,58436200,21436500,367108000,46263700,3837400,7332000,11879900,2380300,5446400,5804000
2023-09-21,-0.00888961588346171,-0.0038655942124633524,-0.028930584705939122,-0.04405345369833069,-0.00767296822103769,-0.007821985113335206,-0.014089384183617049,-0.023617213500845557,-0.008666307684340846,-0.0065329752408297415,63149100,35560400,450736000,70343300,4526700,8052400,14400600,2277600,5096400,9458600
2023-09-22,0.004944672309595832,-0.007886445576419265,0.014457343165060088,-0.0016238050792075631,-0.007175603811535036,-0.009582671237874152,0.0015683940890858228,0.0037865950487925293,-0.0036805918165705442,0.011806888589626974,56725400,21447900,479236000,59904300,4976700,7071700,13197300,1707800,6327000,11796500
2023-09-25,0.007380249781270498,0.001671851402712532,0.014708038042135163,0.01665124873434287,-0.0014953481096284804,0.004940698385362152,0.011223541024737216,0.004430999547665682,-0.0060695265351566885,-0.0033974086069600284,46172700,17836000,419091000,46017800,6722500,7044700,11316000,1257400,5527000,8656500
2023-09-26,-0.02339843218804638,-0.0170058085936593,-0.007365850024824372,-0.040298626825268746,-0.007737282040377602,-0.010378997983394811,0.001548557779290638,-0.01731889864917946,-0.00889409767714533,-0.03156964541609797,64588900,26297600,402282000,73048200,4904800,7468400,11805400,1756400,6366500,9042600
2023-09-27,-0.008897465354068435,0.0020824994916315287,0.013290140611616597,0.0,-0.012011273349079699,0.005864755654032772,0.032557224460521006,0.01183593306591968,-0.013260144372300497,-0.0823384922953071,66921800,19410100,444935000,66553400,10211600,6717800,23976200,1991600,5403700,25606200
2023-09-28,0.001525636249081197,0.0027175482010752816,0.014622636676363321,0.0,-0.0014637950686904322,0.012415973533992153,-0.006073241732325263,0.012944274975120962,-0.006787195881352015,-0.048031899257645505,56294400,19683600,424663000,54555000,7861900,8868100,16808100,1994700,6237100,31153800
2023-09-29,0.003046443916743913,0.0067272592769203055,0.009515303040127598,0.009049050319664742,-0.007203019556513479,-0.017412959973429953,-0.015819752853217572,-0.0117287311594364,-0.003279860734512585,0.003678894351701878,51861100,24147300,397830000,62411700,7680700,11917800,18813600,2257800,6683300,19047600
2023-10-02,0.014835511271032331,0.019160809069931117,0.029494874864923082,0.01840783446134786,-0.003852329390543807,-0.008619509768360345,-0.01658455473612186,-0.004688785471405499,-0.0045935593157646615,-0.08971883076812914,52164500,20570000,433298000,48029700,7259700,9170600,14395000,1778200,5153800,54022800
2023-10-03,-0.007769925015261969,-0.02613418907407672,-0.028248058349784166,-0.03661366636292884,0.0012247301859593662,-0.00737279486316722,0.0017297528025865816,-0.010120827699783952,0.002066566700095196,0.012080502168065,49594600,21033500,470850000,51565000,5740800,9431100,13297100,2187900,4670600,36257500
2023-10-04,0.007308819498336394,0.017773275214284068,0.01204148864498622,0.018280939360016735,0.0011586862447958701,0.0044846432894321,-0.03738239126845877,-0.014648345834255672,0.0032989105146234987,-0.04092454218317221,53020300,20720100,361821000,44203900,4955200,8128700,19622200,2970100,4727800,28467400
2023-10-05,0.007197938563631379,0.0012540167724743867,0.014690832709612689,-0.008188983586829512,0.010416838641872594,0.0042162875815996426,-0.022511220568939394,-0.015960538490454756,-0.014865946648671802,-0.023113384217699484,48527900,16965600,393483000,39660600,5993300,8576200,20128800,2639300,5205700,29911400
2023-10-06,0.014750461009717108,0.02473717011375509,0.02403331251813423,0.015878056641289273,0.003181739070095002,0.015395556468553062,-0.016698867605530188,0.020092021711766828,0.002016335575753203,0.015975628110796558,57266700,25673600,434436000,46836700,5802200,10270600,25367500,2293400,7406700,24718500
2023-10-09,0.008451226808630752,0.00782246043831325,-0.010685895801943901,0.0023444468936362206,0.00570900712077016,-0.0022743355553689337,0.03499120753336338,0.019771560975424096,-0.005066008328477367,-0.01831206214535408,42390800,19891200,409675000,38773700,4414100,6964900,22369900,1640800,5062200,20644600
2023-10-10,-0.003352212502433005,-0.004335644355815127,0.01159644088935452,0.009511938819224852,-0.001135196873888189,0.006078609661439804,-0.004237276882733343,0.007040224238564541,0.00990507318946321,0.045823170927164814,43698000,20557100,368582000,42178600,5273500,11288800,13892000,2009000,5988900,23164300
2023-10-11,0.007904079320299351,0.012271943336286784,0.02200973630337999,0.01814956889912689,-0.013766218413613918,0.0034327414239518905,-0.03585333886088726,-0.0013909983922226754,-0.012294493022168118,0.03799903883068989,47551100,20063200,378137000,40741800,6922900,8698200,57939000,1538200,5469100,22401400
2023-10-12,0.0050610691026435894,-0.003790318965861905,0.0029695780328695687,0.0037927633547389927,0.0009604828572382651,-0.0023264402135321216,-0.00018779094534149277,-0.011802152069829597,0.002237719961038165,-0.010085793106205276,56743100,19313100,481325000,55528600,5792400,10484400,31183000,1910500,5965600,27972800
2023-10-13,-0.010292600681404251,-0.010357659979108313,-0.03161141872169504,-0.019194502454286222,0.003326395719261299,0.015019697542471011,0.03193391529744627,-0.006194277785653068,0.009559123280050486,0.028113304654852067,51427100,21072400,474115000,45786600,5359800,29427000,30276500,1918300,7078900,22319200
2023-10-16,-0.0007269487339177649,0.014981820711552851,0.013946154876935069,0.021265196921155027,0.004335153815438808,-0.0010133951194261082,0.0007279807422841955,0.010636737730179036,0.009537716643864158,-0.002018755770650138,52517000,22158000,375099000,42832900,6408100,12663500,18452000,1678600,6509800,17089400
2023-10-17,-0.008784563267314027,-0.0017435075251506227,-0.04679469753058252,-0.008147882355257097,-0.009141039203661272,-0.0021644839466271604,0.013097023455853618,0.006869001073953163,0.0013004795628972499,-0.0038617029674746783,57549400,18338500,812333000,49344600,12244400,11482700,19775400,2110100,6160100,13365500
2023-10-18,-0.007394827091479095,-0.005872435794459396,-0.03964678530198895,-0.025405007278304192,-0.02152603372342199,-0.010980746007716702,0.014004742562007566,-0.04925750398244377,0.02577624269181844,-0.01716822184354816,54764400,23153600,627294000,42699500,9097300,9620300,23380300,4257100,10508500,13593300
2023-10-19,-0.0021612201535357034,0.0036654785602676654,-0.002251397184220294,0.002107149015711185,-0.00268436738241995,-0.004249193749873537,0.0006196768929049856,-0.024419309776493203,-0.005627601550435513,-0.015965405939460275,59302900,25052100,501233000,60961400,7733800,11143600,20972500,3850000,8146000,11580400
2023-10-20,-0.014704136358335451,-0.01403485610883215,-0.01695916527470842,-0.02515573116103942,0.004464294763583343,-0.016105857630824505,-0.01716493193639801,-0.009499445532583972,-0.0013488958392118278,-0.008207661138846523,64244000,25027700,477266000,56406400,7207000,13332900,22445300,3103500,7284200,17798900
2023-10-23,0.0006940306236222771,0.008112159572075228,0.03836949011358892,0.011104892625885654,-0.010523089171805444,-0.013641103283531963,-0.014674156570056551,-0.007544278373331825,0.0006753589084274036,-0.008468050666314286,55980100,24374700,478530000,48260000,5874000,10133400,18185000,3193200,5981800,15200700
2023-10-24,0.002543251530381818,0.0036740836896043128,0.01600914397127351,0.015802781594350668,-0.001056673282503362,0.001205819615631265,-0.009684796672423945,0.009016627736174732,0.011812267070936855,0.06987569087290835,43816600,31153600,401463000,46477400,6155300,8881400,16786100,2304600,6322000,20060300
2023-10-25,-0.013491635090297827,0.030678230918080862,-0.04314854557772585,-0.055771610960691276,0.002248289471110887,-0.005454630316176656,0.0018452174835998925,-0.01847323617007779,0.004669917868983964,0.024310685740769777,57157000,55053800,398379000,74577500,5880800,8242600,22047300,2542400,6172900,19262400
2023-10-26,-0.024605558748472034,-0.03751423297948431,-0.03477824961356846,-0.01499299533713827,-0.01695595065952371,0.002564098776379975,-0.009116939640361976,-0.010247457619713463,-0.00531213467682734,0.019659941922391067,70625300,37828500,541001000,100419500,7612500,9109400,18768300,3859200,7582100,17357800
2023-10-27,0.007969376646803417,0.00585547808274689,0.004314910981475517,0.06832816082460003,-0.02281862095795173,-0.0360186550315269,-0.01905198185143142,-0.015963291686755587,-0.017623374389818536,-0.023102314878806762,58499100,29856500,416784000,125309300,11385800,17434700,23092000,3229900,8131800,11921000
2023-10-30,0.012305256986264945,0.022740422257721882,0.016320975509442004,0.03890722509168976,0.009821383130038663,0.012749469791083934,0.0031263779505583678,0.01509061447191451,0.014269946363352881,0.01706963217450297,51131000,22828100,388028000,72485500,8205300,9855500,19379900,4478300,5412800,11017700
2023-10-31,0.002818798480474616,0.002371593772729552,-0.009256238597430966,0.002863308000901066,0.008909745678834735,0.011934418860277907,-0.00028338658327198285,-0.06652629994593595,0.005158935898358363,0.01923076650502309,44846000,20265300,517969000,51589400,7576900,9672500,22185200,12093300,6762100,19978300
2023-11-01,0.01873865663931995,0.02354264485779911,0.03788622115611506,0.02937864429857373,0.002359354038508288,-0.0008630884501028557,-0.0019838045851604535,0.02556961140523306,-0.0027994154876097577,0.002229829513197057,56934900,28158800,437593000,61529400,5733000,9432000,28984900,4932800,5896900,13428900
2023-11-02,0.020693302969716942,0.006501537595336115,0.02790297267193642,0.007810272439553012,0.010424286299617114,0.017849545904401465,0.032847450593082916,0.03144541160857184,0.012231840401337735,0.025329532924015075,77334800,24348100,409172000,52236700,5349100,10186200,25212700,7749900,5859200,15076500
2023-11-03,-0.005181204177451049,0.012861807824730453,0.03445507105163581,0.0038386235328597973,0.007321586490120824,0.01117245832664926,-0.012189427095726568,0.0068166389092640944,-0.009046646672535186,-0.008846549184067687,79829200,23637700,424610000,44059800,4926800,9538700,30555600,3929500,6587700,13938000
2023-11-06,0.014605258360534279,0.010572732094000115,0.01657583063194301,0.008225103459209127,0.0023788370478368126,0.007552435288030068,-0.017721508800893182,-0.010259634803047146,0.005797251816621607,-0.0057258756000720945,63841300,23828300,400733000,44970400,4851400,7625100,19097300,2891500,6480800,9299500
2023-11-07,0.01445063746971531,0.011218982995711668,0.004459012946880447,0.02125376487729147,-0.005273532989655827,-0.0004859911312431464,-0.01567955170763302,-0.014101001078611008,-0.002318764380614291,-0.009823977233200498,70530000,25833900,343165000,53553500,4840400,6297900,20272500,4074000,6003800,9615500
2023-11-08,0.005884913721180274,0.007405879904162527,0.013469568923959452,-0.004414580990635519,-0.0036446738106322707,0.004930184431859441,-0.012282831125362437,-0.00042566393089049637,-0.0038516310859267877,-0.0164214897339946,49340300,26767800,346719000,44521700,5460000,7618200,19184100,2532500,4832600,12781600
2023-11-09,-0.002624516243827979,-0.006910655228199558,0.00807316760944321,-0.010416636461610618,-0.019488036956193944,-0.0029711801478601307,0.0002914289829860639,-0.0028533772895295018,0.0022666897512408912,-0.048347604460569404,53763500,24847300,540496000,36235400,6973600,7992500,18380500,2708800,6581500,17147900
2023-11-10,0.023220242085459697,0.02489654637564276,0.029499504488061712,0.021052569890351647,-0.0011530324256748825,0.014831287839896401,0.007672934882294147,0.023617419685260543,0.007050103618960746,0.007675193770769528,66133400,28042100,421245000,49287800,6930700,7983300,17825500,2525200,5387200,12776100
2023-11-13,-0.008583748384840661,-0.008088232891096836,0.005896346171674782,-0.006756765374750118,0.0025806534204748655,-0.0044390437996986165,0.01050600219612452,0.00830284033963058,0.006934805849183823,-0.011606724663286383,43627500,19986500,384136000,35680600,5889300,6676300,15308400,3035700,6297500,8951800
2023-11-14,0.014285585814685753,0.009790497379907892,0.02130808821180019,0.02251214528584833,0.00020308971556981525,0.01824672492786661,0.003850205977278476,0.025613339465067497,-0.002230159117041497,0.05596326324199152,60108400,27683900,416954000,56674600,6713600,9927700,18260500,3441800,7982600,13399500
2023-11-15,0.003040980666597193,0.00040601100421167047,-0.015466332917068781,-0.017832688951265996,0.007720354371870464,0.0087577636013223,-0.006040746055500978,0.013031460488811764,-0.004601450173819299,-0.009556800186408143,53790500,26860100,475497000,63875700,6729100,8365300,20137600,3739900,7672600,11295000
2023-11-16,0.009042164986178935,0.017583268932876983,0.01210940192988108,-0.0025837648398919777,0.008736818734273122,0.011419696624720643,-0.011576401842988027,-0.01146988293134199,0.009311698229697019,-0.007017645670766348,54412900,27182300,339756000,49653500,6875600,8126200,22469100,2625000,7590500,11155400
2023-11-17,-0.00010536597520960367,-0.016800889087077442,-0.0036783225435974565,0.016453061783939793,-0.0020654672348234815,0.009046049166415937,0.024399875344815802,0.01958014654184348,-0.011515879536944884,0.013604202700815415,50922700,40157000,325205000,49636700,7023300,7812400,22984900,2792500,8495600,10136300
2023-11-20,0.009278131319633287,0.020521744625384697,0.022536454663261596,0.0065436854591447435,0.008815661129019547,0.0030754188025337026,-0.0043826139729153946,-0.010352877145899275,-0.005295714211639879,-0.0005228795854950175,46505100,52465100,414120000,41951200,8851700,7019000,17458800,2661400,6856500,8404900
2023-11-21,-0.004230749074953133,-0.011578034586918085,-0.009224682080233304,-0.015260459261028925,0.00807155135182569,-0.0020874623516272672,-0.0003828351433040611,-0.004152425079838151,-0.00439190372870113,0.01116154275879011,38134500,28423100,565747000,71226000,5916300,7083500,14989000,1765500,7310400,11952600
2023-11-22,0.003514518445753234,0.01281270431589765,-0.024587523530152144,0.019527539517508297,-0.0019851954706521235,0.0023532945497932722,-0.004307962667428389,-0.013632326417125862,0.00942435160441657,-0.0007303425226726779,39617700,23345300,899420000,45669100,4633500,5174500,18072000,3593700,4372700,9626900
2023-11-24,-0.007004500163926064,-0.0011116538335980142,-0.019295414807267597,0.0002044767086364363,0.011139058493071063,0.00136949755816973,0.005384085278484996,0.0054876081655086395,0.002383860663833115,0.001391995428069892,24048300,10176600,294645000,22378400,3351400,3496900,9480800,982200,2132500,4629400
2023-11-27,-0.0009475630222967046,0.0031264479889534513,0.009753839135594689,0.006746559883569869,-0.007999904434574101,-0.0022793050613332255,-0.005833359502849023,0.00012139158271518014,-0.0009248522060302244,0.0005213687473741846,40552600,22179200,395662000,53762400,6449700,6259100,18013500,1743300,6021300,9779100
2023-11-28,0.0032141323881687,0.01080280393924582,-0.00872686567235037,-0.00473835354015173,0.0023136650314750096,0.002284512161465413,-0.0005770796354298557,0.00044460314191741013,0.006942600351051764,0.01007298361728659,38415400,20453100,401491000,42711700,5909000,6582700,20629500,2149900,6110400,9473600
2023-11-29,-0.005409633341865172,-0.010060331778738107,0.0066707352231740735,-0.0048288883967405605,0.00316548020078411,0.005080431330635848,-0.01501452896838662,0.007878803756126818,-0.007617165822370264,0.0034386677241864394,43014200,28963400,382005000,40610900,5190000,9126100,26802100,2224700,5342700,17019100
2023-11-30,0.0030627247922658807,0.00015847013486691708,-0.02845868267489704,-0.001571972217158657,0.016764178170544097,0.011404772932156693,0.003908678241796748,0.0050911852617196995,0.015814455896473012,0.00257018008209986,48794400,30554400,526247000,65814000,12481900,9869800,29254700,3210500,9771300,15381700
2023-12-01,0.006791448481305196,-0.011612258096993622,-0.00010682877436707372,0.006434406632690459,0.024052814247021326,0.004869369389167932,0.0024331954435770076,0.0240906054277914,-0.005601936007001207,0.01128026856028197,45704800,33040500,369317000,39951800,10342900,8916000,17845300,3731500,5685400,10510200
2023-12-04,-0.009464682129794122,-0.014338685965087472,-0.02683639428975515,-0.014894936132684111,0.0031569929914043726,0.007332235766341233,-0.0054374084727837335,-0.007828305983491046,-0.003930313199034585,-0.008450438906350777,43389500,32063300,437543000,48294200,8920300,9607500,21523900,3028700,6578300,10239600
2023-12-05,0.02106332270290623,0.009156417519507132,0.023293684401751058,0.014084566393959497,-0.002077068263300008,-0.00012652837542714845,-0.01942782407452115,0.0017271559410290127,-0.034854739108032606,-0.007499419842364352,66628400,23065000,371718000,46822400,7268200,9135600,22250300,2682200,11895800,12544800
2023-12-06,-0.0056870743883077335,-0.00998612438920754,-0.02282786159686845,-0.016067541747663228,-0.01217293709144307,-0.010508536746954844,-0.013241754821922469,0.0030565646699656224,-0.0007496545398505416,0.03383130640539256,41089700,21182100,380590000,39679000,6642900,9366000,31154800,3632600,7610000,13235700
2023-12-07,0.010139323889316598,0.0058297067761268195,0.024020495942078668,0.016329923474831087,-0.00778956441701939,0.0030708503255691966,-0.006962112771337292,0.005625636573056481,-0.0010228738453401665,-0.005813831938503933,47477700,23118900,350823000,52352800,6532400,8130900,29990700,2162500,6119600,12230500
2023-12-08,0.007412160546936386,0.008842221446980991,0.019529532160605267,0.0036764247561378305,-0.006306115553366354,0.01103401722010422,0.011481602586742357,0.00811942730904236,-0.009214961981242054,-0.002506193764661435,53406400,20154400,359224000,41906000,6254700,7369400,22074900,3258200,6385300,9408300
2023-12-11,-0.012927284476919265,-0.007829423853303763,-0.018502917771201388,-0.010378502226973785,0.004144348654383956,0.0036587656089317466,0.0007030708934432361,0.005472089794913426,0.004616051375619934,0.00016744099708621007,60943700,27708800,509728000,50907300,6090400,8093900,22252300,2898300,8471200,11005700
2023-12-12,0.00792029158615093,0.008295188792165842,0.022090286188852337,0.010898597193382598,6.446056952169599e-05,0.00892525158205193,-0.015759796825690398,0.0019545989712510536,0.0008229566600377325,-0.003182058502009477,52696900,24838300,372387000,44944300,5324400,10223000,26084000,2375700,6069200,9931000
2023-12-13,0.016691418930645296,-2.675456035194923e-05,0.009043755786639851,0.009221593773735215,0.004643045054098183,0.0033642104422015873,0.008872802979614569,0.0250162445100659,0.018089499168151058,0.050235116203578345,70404200,30955500,447792000,52766200,10764600,12379100,19915400,3708300,9055500,13013400
2023-12-14,0.0007576610869324263,-0.022544458144136748,0.005448240524509318,-0.00954043404920335,0.006932535449653887,0.018191943457521287,0.0268905412567646,0.06418622297212773,-0.02638290194959947,0.004319352665740794,66831600,43277500,391232000,58400800,9240700,13643000,26165700,6464100,10565200,16809100
2023-12-15,-0.002725810057185085,0.013117279713448449,0.011168577339834673,0.01729753821347546,-0.010900712055846307,0.0075611426089809974,-0.006694243987852122,0.001998868669030429,-0.0048391859213433586,-0.02038871975628509,128538400,78502300,479948000,110089300,21727800,20309300,55527000,7321200,14550000,28901500
2023-12-18,-0.008503225851675844,0.00517886104083054,0.02427899520968202,0.027338841569267247,0.0018046676150116348,0.006052203964516556,0.007433183794809173,-0.00010508650635288053,0.015351607336034467,-0.008130023360430116,55751900,21802900,412587000,62512800,7231400,8469600,21610400,2691700,8421800,10755600
2023-12-19,0.005360064791473995,0.0016369501425403943,-0.009445532538168822,-0.0018174467759756174,0.006561910901801582,0.013354986523221424,0.013182403052958369,0.025375329903304822,0.0,0.009344363906340636,40714100,20603700,464444000,43171300,6651500,10345700,18904700,3659600,5233600,11509600
2023-12-20,-0.010713841458993345,-0.007072802590986638,-0.03009847060904569,-0.01085895208954335,-0.020388506072822388,-0.011279100217785443,-0.01670067359622318,-0.011093598578369113,-0.015461466472775132,-0.02809821109845445,52242800,26316700,397894000,50322100,7008300,10734700,20988900,3818400,7663800,10091200
2023-12-21,-0.0007700701000735721,0.007878743391561471,0.01827056311964581,0.011306871390431628,0.01024323327077048,0.005703836901971293,0.004542385105671842,0.0012426712760738035,0.002432035950051148,-0.004010728246165329,46482500,17708000,300425000,36305700,4598600,7601700,19250900,3209300,6104700,12604200
2023-12-22,-0.005547354904799295,0.002784013856260259,-0.0032660486132751743,-0.0027300973670256745,0.004004211715653572,-0.0005969134801199205,0.0017693483571059598,0.0009996958485332108,0.007070665035297186,0.002516774052129689,37149600,17107500,252507000,29514100,3798900,6576300,12927800,2833800,4413800,9799400
2023-12-26,-0.002840972993707336,0.00021359209999749496,0.00919503610928718,-6.514474615582078e-05,0.004374010172666587,0.0059139927389808555,0.0022569690593068348,0.018149778818811857,0.004542975072472588,0.007698735612946095,28919300,12673100,244200000,25067200,4170000,4683600,16835100,2019000,3634900,6791600
2023-12-27,0.0005180339420238766,-0.001574534036694497,0.002800479161604974,-0.0004563413242133496,0.001345031504009997,0.0059978421184077035,-0.004699534245990344,0.008422617830835977,0.0008223899485624298,0.006145312508765377,48087700,14905400,233648000,31434700,5288100,6428600,14558800,1876500,4569400,6787500
2023-12-28,0.0022262571672788667,0.003234447038646726,0.002124749708021678,0.0002609139551152939,0.0014709791466589461,0.005313002267260281,-0.014459881416131193,-0.004159083876072334,-0.0022594117704594074,0.007263104801574327,34049900,14327000,246587000,27057000,4377500,6320100,16329300,2267400,5023000,5981900
2023-12-29,-0.005424106115499816,0.002025257685929205,0.0,-0.009388462612883952,0.001021871867460833,-0.0011743857988503192,-0.002096144069298589,-0.0040757349002837895,0.005558057134095629,-0.004588707857823615,42672100,18730800,389293000,39823200,4313700,6435100,17746400,2300600,5300900,6814600
2024-01-02,-0.03578669212333585,-0.013748521121845214,-0.027341453886276512,-0.013228970207501023,0.0206074717667577,0.011640051847780608,0.023804930126254176,-0.010011048869771666,0.015013190681476996,0.013664877028552347,82488700,25258600,411254000,47339400,9622100,9977400,23483000,2433100,7238400,10064300
2024-01-03,-0.007487588035940074,-0.0007279594703375469,-0.012435598464513253,-0.00973782115920796,0.0062511280782364675,-0.004358300128517456,0.008401690540794648,-0.028731741307227776,-0.006051112480480181,0.006821477790277752,58414500,23083500,320896000,49425500,8232000,9852300,23490800,3043400,7697500,10306300
2024-01-04,-0.012700153295135519,-0.00717762220868623,0.009018605904292487,-0.026267891590348702,-0.0021121940598572975,0.006636138282647641,-0.008719272846673953,0.006331370196725583,0.005479058504853196,-0.0030650219644123844,71983600,20901500,306535000,56039800,6766600,11972500,19395200,2995400,7067400,10568100
2024-01-05,-0.004012919436744755,-0.0005163097589686583,0.022896715932934075,0.00463442024626004,0.003112671606421147,0.005017139604173604,0.0030296709963679724,0.009891556042946226,-0.008274498192454072,0.0045307271122772,62379700,21004600,415039000,45153100,5602500,10066000,15827400,2684800,5294200,7803800
2024-01-08,0.02417478184585886,0.018871475857720865,0.06428084689452773,0.026576703830634596,0.0024824903985092295,-0.0014511375497258117,-0.016661842093620316,0.011490826979831281,0.008614878383535807,0.013530811855836156,59144500,23134000,642510000,46757100,6569800,11229900,23370100,2369100,8255300,7766600
2024-01-09,-0.0022634156761977,0.002935781209300714,0.01697523436110515,0.015224607114340927,0.0006189859210146142,-0.007906025488131685,-0.012385944096217072,0.0001367788094943645,0.004102508076657685,-0.01446278879117413,42841800,20830000,773100000,43812600,6357000,9923600,19496600,1974500,9786800,6921600
2024-01-10,0.005671458986897138,0.018574092225907224,0.02276994792633258,0.015590940651907248,0.0014849664107141614,0.0021093477002740446,-0.009832362622460122,0.0036266195034553306,0.004286689898287399,0.00435424541359497,46792900,25514200,533796000,44421800,4945100,9670200,18206100,2048000,8591100,8100100
2024-01-11,-0.0032225571063367875,0.004859356025081363,0.008684385381126702,0.009432101662268044,-0.004447994881633832,-0.0042099081509985314,-0.00020276871311619704,-0.00439752652678993,0.003801311360351889,-0.025048148160104367,49128400,27850800,596759000,49072700,4946000,11919500,15833400,1941400,6659400,10686000
2024-01-12,0.0017781697206036284,0.009983650068053684,-0.0020430164044902277,-0.0036086969005325598,0.007694644770935843,-0.007339991782382316,0.012972515897932801,-0.005649622530465748,0.0005981979407017057,0.005270091005125099,40477800,21661200,352994000,40484200,4496900,19436500,18041700,1955600,5684700,7796900
2024-01-16,-0.01231724918106547,0.004633508822121435,0.03056127613054449,-0.009442449238027617,-0.011515583454673073,-0.006270315494857459,-0.0226113658115773,-0.010949857607414404,-0.005378644278511535,-0.011304212639169142,65603000,27202300,449580000,41384600,6923200,17206400,20235700,3140100,8120100,11633100
2024-01-17,-0.005173487429297907,-0.0020498129012025412,-0.005835185160615541,-0.009467203666572499,-0.0005605122766851878,-0.00535741893977848,-0.007267742736033811,-0.02994123986063779,0.0010015387432928957,-0.03446554787769651,47317400,22234100,474394000,34953400,5072100,11107500,18384000,3789200,6541400,11543100
2024-01-18,0.03257074063947196,0.011297485149071251,0.01880361096657257,0.011798781932089941,0.004862038257600787,0.0019747778825636164,-0.0018560930895898942,0.011735988991840918,-0.0057652365858126275,-0.010640113330766754,78005800,23392100,491650000,37850200,5368500,9382300,20940300,2479300,6526200,9626500
2024-01-19,0.015533020026556654,0.012186620179851282,0.04174618912092054,0.011986946826648914,0.0029151682149362035,0.017262061707573162,0.0015495367179223507,0.01667855038177879,-0.003847688641081315,-0.006764990395263459,68903000,29331100,543501000,51651600,7071300,13115700,20088400,3116000,7848100,12762600
2024-01-22,0.012163296657694112,-0.005417890515310608,0.002739970692982485,-0.003604979862209201,0.004886370083629243,-0.0011742888374409732,-0.001340898724134787,0.011883112511615002,0.0019652160754048964,-0.0071602194518815,60133900,27016900,452955000,43687500,6824200,12837500,19955900,2072200,11084100,12979900
2024-01-23,0.0066532022211256425,0.006027479029584226,0.0036710572970029,0.008011406531487353,-0.016372125126588588,-0.00658395377632881,0.011258138328746892,0.0005540593721558018,0.041390436094144833,0.009322728432380245,42355600,20525900,294654000,37986000,9149800,8360800,15863400,1866300,19101600,16081000
2024-01-24,-0.0034838574072749706,0.00917521917373576,0.02486932095726524,0.005447960655367012,-0.005318914447552059,0.008935399979038694,0.01726059921467815,0.006405306305435676,-0.012079554943810078,-0.006448190440818347,53631300,24867000,560271000,48547300,7247900,9967100,17330600,2765900,11592700,14471400
2024-01-25,-0.0016967121159138232,0.005738454742664878,0.004155777304822195,0.005609771850602074,0.0037745688499795094,0.01431086086871769,0.025401563629033896,0.0347115839684311,0.02300808900739315,0.01701448875069711,54822100,21021200,482777000,43638600,5478900,8873500,22089500,4647100,10352500,15702600
2024-01-26,-0.009012787307063896,-0.0023217923042362365,-0.009510460974380464,0.008684596622424712,-0.0003759566763732458,-0.003816322167125241,0.008518661600199096,-0.004455302289932295,0.0033416133101189516,0.008623739932393182,44594000,17803300,390309000,51047400,5591900,7443000,20817200,2920500,8356600,11650000
2024-01-29,-0.0035857296309637077,0.014334137893321275,0.023496250240449434,0.01344896590822775,-0.0008780338510502306,0.002611914061133813,0.0012620584163323123,0.012757643385111539,0.0001281073306509395,0.01863876475269488,47145600,24510200,348733000,45270400,6483200,6971200,18317500,2101400,8987400,10102800
2024-01-30,-0.019246002923016814,-0.0027579691893976355,0.004946837520127811,-0.014014601164705653,-0.003702171641927654,0.02049443567323217,0.01667800264625874,0.004979554567593025,0.008516820513669199,-0.004868276343836797,55859400,33477600,410735000,45207400,7200500,10822100,19610900,2150200,7794700,7807700
2024-01-31,-0.019357557694684058,-0.026946408167014435,-0.01986486645057406,-0.023899390262627773,0.0008188121273955407,-0.010835624375216346,-0.019456326542480418,-0.014601778053837111,-0.0022223572665673874,-0.01096484757369598,55467800,47871100,453795000,50284400,8256800,11521800,22415300,2813000,8870000,11124900
2024-02-01,0.013340724680227956,0.015594451117745045,0.02437941865603621,0.026288672108771616,-0.003398475946324475,-0.0036132763922271938,-0.004085294642806492,0.024574715137908543,0.012982068055997997,0.019102776594915216,64885400,30657700,369146000,76542400,8012000,9354800,19240700,3196300,7601100,8687600
2024-02-02,-0.005405143219907593,0.018425798951373862,0.049708823534933,0.07866649218561839,-0.01105071984265471,0.005756134762990639,-0.004101815166255074,0.024050247141376158,-0.006847609474420424,-0.026778038195618636,102551700,28256700,476578000,117218300,8295900,8607600,21973400,4661500,7937700,14952900
2024-02-05,0.009846482082179753,-0.013545059860544661,0.04794449347247731,-0.008730574595861018,-0.0051718943027943,-0.0013162759219239595,-0.004118868383472751,0.02002596774495058,0.0007591630036176689,-0.03748921450030307,69668800,25352300,680078000,55081300,9121600,7820200,17190900,6557500,6931900,14293600
2024-02-06,0.008631877824316403,-0.0003944647811768842,-0.01599549924969146,-0.00681113075414308,0.014505617492707845,0.0034383680255034577,0.0068930396348581,0.004107132673944802,0.004740463695950492,0.004645101647384964,43490800,18382600,683111000,42505500,9229900,6764800,13347900,2825700,6185400,10305400
2024-02-07,0.0005811338067702732,0.021110135318369805,0.027497962550309785,0.008158468416245013,-0.0005062027430211558,0.0018846223886657132,-0.0002933256403087059,0.0026957579673783094,0.001006577018996646,0.0026676819184940914,53439000,22340500,495575000,47174100,8690300,7225500,13826800,3203000,7209300,7761300
2024-02-08,-0.005754749608070098,0.0001449979803318513,-0.006533737845338727,-0.004046223223746481,-0.010001215379417228,-0.003591237896530486,0.017119886880625934,-0.00491373491101621,-0.003016594275889073,-0.001596279275699164,40962000,21225300,414422000,42316500,9755000,6060300,19636900,1986100,6121600,8143000
2024-02-09,0.004093926783573343,0.015551503699226643,0.035783773368047056,0.02714319777292107,0.002301728935495184,0.0012014542630989222,-0.021159995560992795,-0.015030972562294131,-0.007690392619861486,0.00515180612522026,45155200,22032800,436637000,56986000,6529200,6296700,20410500,2823000,5978000,8003500
2024-02-12,-0.009001866013250037,-0.012578850752759552,0.0015942003066917732,-0.012095159915523457,0.006953296640292317,0.004456852778081055,0.013756597990703723,0.01409381772217011,-0.0019692140329147234,0.01714386955271574,41781900,21202900,613710000,51050400,6701500,8539300,18173100,2483600,5482000,9622000
2024-02-13,-0.011274377006396885,-0.021528642134845177,-0.0016608656110379538,-0.021469171561243172,-0.008742516988217708,-0.00870358813184624,-0.008608912448523576,-0.02732958134145136,-0.005346577757724846,-0.03996533896968679,56529500,27824900,602580000,56345100,8621000,8397600,18917400,2923200,6046800,12759700
2024-02-14,-0.0048097566858283924,0.00966541834519008,0.02456752004185736,0.013875689909627953,-0.004665175590866655,0.01015706522352322,-0.0049340111679566645,0.012370515584197772,-0.004095411805691618,0.013755783158046375,54630500,20401200,504917000,42815500,9098800,7056700,17651300,1887100,5727300,8831300
2024-02-15,-0.0015748088009361894,-0.0071552349595532805,-0.016806715745130263,-0.006901349311422389,0.013997462855048992,0.021814565340423586,0.028659419675033382,0.02008141818641551,0.008867039504668384,0.022496042346302314,65434500,21825500,420122000,49855200,7462500,8723400,23196300,2362900,6249200,9880000
2024-02-16,-0.00843036637074801,-0.006149142958978171,-0.000619310121092731,-0.0017079419299743659,-0.0011484646252988284,-0.0046699148175801675,0.0,-0.003590450820550428,0.003184632489733108,-0.004190780199307853,49752500,22296500,495327000,48107700,8541000,8152600,20151400,2513200,6617600,9943500
2024-02-20,-0.004113825880829647,-0.0031430433741665986,-0.043532156437021796,-0.01433539469369316,0.008367982746477987,0.00390978056251412,-0.009447580592384597,-0.02537983077582351,0.006348741791402324,-0.007364447282896203,53665600,24307900,704833000,41980300,9501700,9668000,17650000,2701600,6622100,13014600
2024-02-21,0.004185924030540633,-0.0015145758969150602,-0.028508734812307313,0.00903755380828164,0.005194442949458367,0.006509890551968933,0.020437926642041138,0.010837126938573194,0.011923424256579773,0.00865571724827463,41371400,18518900,673755000,44420100,7472500,7024000,20991300,1779700,7121000,9322100
2024-02-22,0.011243890944288681,0.02354683037543026,0.16400865728677028,0.035530017339574504,0.01115445397221082,0.011995687558342905,-0.0008582989238623551,0.015608063759591895,0.0009976399530138291,-0.007530694875417687,52292200,27009900,865100000,55392400,8065000,9296500,20470700,1875800,6619500,10426000
2024-02-23,-0.010033991788256147,-0.0031823910195615257,0.0035523464244344716,0.0023485144793740087,0.008663180227574507,0.005025417672559929,-0.008782077261881405,0.005557599875570363,0.0029271498914538174,0.001941039815795742,45119700,16295900,829388000,59715200,6726000,7105800,15975900,1575000,5486500,10563900
2024-02-26,-0.007451281732613668,-0.006823594526324972,0.0034892175932184077,-0.0014858549486425066,-0.006487848223204473,-0.0034241578720082266,0.003948343123279852,0.004631225736753342,-0.005030000313019145,-0.019816890405828014,40867400,16193500,503973000,44368600,5465400,7145400,13360800,1650000,4531900,12753800
2024-02-27,0.008114285791847475,-0.00014719365528714778,-0.004943660949633832,-0.006810521779339163,0.0011816580010088895,0.0004906608407682089,-0.0021103191795146525,0.0069149108259107805,-0.005742176599234039,0.007434216106608549,54318900,14835800,391705000,31141700,5078600,5717100,16360000,1640900,3868200,12421800
2024-02-28,-0.006625319707944666,0.0005889370258429505,-0.013189202128196076,-0.0021896371944472026,0.0035409887813857566,0.005069634656822641,0.00278779009716712,0.005890980146677771,0.004708027779146251,-0.009359218680513925,48953900,13183100,393110000,28180500,6071100,6131600,14810500,1471000,3802900,13240400
2024-02-29,-0.003693168100691535,0.014519874631837792,0.018657617499233226,0.02078996747858297,-0.001052298909144822,0.009111717217373805,0.0019170724100290304,0.013351146269678926,-0.006935265737074481,0.0027253256712054252,136682600,31947300,507289000,53805400,9849100,9643000,17566100,2699800,8348100,19993600
2024-03-01,-0.006030435909751497,0.004496606955104232,0.04003165906548056,0.00825982552183624,0.004585420484545688,-0.004138644064849983,0.012629206094024292,0.008204505568659703,-0.0005662269225145122,0.00036228323921649874,73563100,17823400,479135000,31981200,5670100,6311800,18460100,1815500,4819800,15398200
2024-03-04,-0.025381155301410163,-0.0013959101525802264,0.03595097794642155,-0.003591063770984282,-0.014063762328318408,0.0075018094743719566,-0.013983391866290829,0.005791561837421577,0.004469521249104158,-0.004346979180732458,81510100,17596000,615616000,37381500,8532900,7063600,18138000,1551000,3841600,11674600
2024-03-05,-0.028441038848694533,-0.029572028016130014,0.008576480633962769,-0.01948421375262155,0.0008133081029311207,0.01001717603902641,0.012265285380291813,-0.015118766319029975,-0.0015040381098964106,0.007822510386655379,95132400,26919200,520639000,37228300,8298200,6617800,19952700,2030000,4481600,16026100
2024-03-06,-0.005878137858539523,-0.0013907983073460084,0.0318272688083443,-0.0035033346396604603,-0.0039382132104124334,0.005197575305807334,0.010696642228656517,0.006296179016750836,0.0015692790547401358,0.0023464901003291683,68587700,22344100,582520000,32090900,5773700,7572900,20472800,1542300,5405700,11074900
2024-03-07,-0.0007096236931619648,0.017533361989238605,0.04474629769624383,0.019076784751165476,-0.0029497488355541,-0.008758550068936,0.0056195483173107075,0.013675836787959028,0.006580065375811017,0.012965930152543326,71765100,18718500,608119000,34063300,5188700,7618300,15195400,1732500,4783900,10227300
2024-03-08,0.010236786502028083,-0.007136844488560556,-0.05547693630885564,-0.008313545751684748,0.004091369521618482,0.0018630319566443898,0.009406753929906086,-0.0030273883100910837,-0.001680913449244148,0.027733450033675444,76267000,18002200,1142269000,37893200,5284000,6172200,16281500,2307400,5080200,12735600
2024-03-11,0.011831470985495418,-0.004184874350459888,-0.02003931366684919,-0.019332758891648982,0.010719691540564957,0.00037184611063634243,0.005905135351498725,-0.012441439011594002,0.00748373629545962,0.0010377305626607658,60139500,16120800,678364000,28484800,4620800,5762600,17577300,1868000,5170900,9681500
2024-03-12,0.002778582646175476,0.026599364432201567,0.07157184855692078,0.019946455814511488,0.009365542452921538,0.008232058230980277,-0.006420855880767573,0.006776612535512649,0.0023519352121825765,-0.012441510009991275,59825400,22457000,668075000,36610600,8018700,5708400,14957200,1645900,4229100,9634400
2024-03-13,-0.012122582119572844,-0.00043335077040140835,-0.01115195143164005,0.0066708374081581034,-0.010077458027796804,0.008112141392676797,0.011170681784790526,0.012691286703793825,0.0022851457644816886,0.04181966002374837,52488700,17115900,635713000,30772600,6260000,7795500,17122200,1818800,5410500,17495300
2024-03-14,0.010927407578769088,0.024379635339881744,-0.03239154278074419,0.012403729449981915,-0.011731669688207602,-0.01781794968348671,0.017711962982992047,0.001171302215052794,-0.004929213684568112,0.0,72913500,34157300,602318000,43705800,6988300,10310900,22121000,2110200,5848100,16996100
2024-03-15,-0.002196610058674331,-0.020695215436524306,-0.0012166545056184752,-0.024223786467438835,-0.006469501109973241,0.01239546793787727,-0.001794178242942035,0.014769473574640424,-0.0007431335702590136,0.009069609630349307,121752700,45079900,642086000,72147400,13165500,17214200,38264400,4406000,10956900,32424500
2024-03-18,0.006372503108038607,0.0021612666863481955,0.007035698839589877,0.00034398325434925603,-0.008977157715201023,0.01240167939807768,0.009256752336985086,0.014208585704170051,-0.001053357806580335,0.0014979820317762016,75604200,20106000,668976000,31250700,6602300,9013800,16770500,2528200,6086300,17073700
2024-03-19,0.013585060025703033,0.009800628954534929,0.01066098320209341,0.00813845829732096,-0.0035085255384426084,0.005865097812258524,0.007034678138937878,0.005683584139133835,0.0038459357841820196,0.018281527053537028,55215200,19837900,672171000,26880900,7840600,8478700,14878800,2207600,6148100,11433900
2024-03-20,0.014709133554380083,0.009064718574365749,0.010895000304382174,0.012791359170393646,-0.002880718879939681,0.013106922343428362,-0.0008842029440043753,0.00720548768639051,0.000988627140900089,0.01517870364186269,53423100,17860100,479063000,29947200,5982300,9367000,16119700,2563900,4870300,14564500
2024-03-21,-0.04085755597664853,0.009736025172624174,0.011762472151270797,0.0,-6.420091991188315e-05,0.013905131135773408,0.0044252116549319265,0.022752029119222028,-0.0008023308163174203,-0.013504829907303062,106181300,21296200,480372000,32824300,5915800,11203800,14878000,2616300,5211500,18090300
2024-03-22,0.005310278780219724,-0.0014672429178902435,0.031213384217410267,0.0040415450203241665,-0.0033387649086675797,-0.012257461656700053,0.0,-0.01769263915465702,-0.0012357025499681873,0.006844821067869322,71160100,17648500,586719000,27995400,7248600,8108800,14701900,2052000,6393200,10046300
2024-03-25,-0.008300326466245789,-0.013714653475280225,0.007561867599641392,0.004696213001679439,-6.431705338838523e-05,-0.00915472223299707,0.010221155036601592,-0.006031560752738696,-0.009093290641827956,0.013434885529656881,54288300,18060500,552136000,29815500,7498100,8620000,14011700,1774800,7145600,11423500
2024-03-26,-0.006672667089682727,-0.002861518361208848,-0.025694244420796486,-0.007845994154095037,0.003543334804268161,0.004670968212413529,-0.007501084346382636,0.0012361297379948066,0.002247333774322735,-0.01884697236216082,57388400,16725600,513648000,29659000,6864100,5961500,13152300,1637200,5842700,13829600
2024-03-27,0.021212709006961372,-0.0005217225465007358,-0.024967255983374792,0.008581036192426339,0.014059098853619778,0.019363443552190107,0.01037000272517652,0.02317677292515352,0.01283092449024048,0.03841781326739091,60273300,16705000,586067000,33272600,8461600,8725800,12415700,2262800,6599700,13409000
2024-03-28,-0.01055922189662517,-0.001684749651136963,0.0011744881584496714,0.0030584610251771505,0.0014561568257402957,0.003909351242557424,0.011046318372525121,0.0048812805686833105,-0.0022137902614220994,0.001881146707455983,65672700,21871200,435212000,38051600,6181500,8628300,18482100,2028600,7191500,12830800
2024-04-01,-0.008455648578125863,0.009150949893477422,7.746397312802245e-05,0.003270852211551434,-0.0025918031860012736,-0.006789787556618521,0.006452124334827891,-0.007340946515093871,-0.010292759931390116,-0.008292901898438232,46240500,16316000,452441000,29174500,4364700,7309000,13817000,1953800,5971900,13175200
2024-04-02,-0.006998873878454215,-0.0073721313187555815,-0.010081531062843374,-0.0015472110151306673,-0.0003169962948142979,-0.0004021812153954807,0.019574325778907387,0.0029965781816205794,-6.208392594508894e-05,-0.007888920280695544,49329500,17912000,433064000,32611500,6102300,7014700,19919600,1968900,6771200,9905300
2024-04-03,0.004797562470167049,-0.0023490310777646295,-0.005455433187881331,0.009519072430478781,-0.021999681888801526,-0.0028161620062995274,0.00016770390521769762,0.030041566553158594,-0.02752713906560178,-0.0052481461727300616,47691700,16502300,370067000,31046600,8098200,9353400,16504300,2623700,9601800,10551400
2024-04-04,-0.004892511589231985,-0.006112525782608236,-0.034384858098294724,-0.013212014767422509,-0.011409236772882858,-0.0076083752897958545,0.003520518095281089,-0.015966452691244748,-0.004482856475655939,0.018864925742984262,53704400,19370900,434965000,41624300,6947400,9243800,18467400,2492200,6801700,10690100
2024-04-05,0.004501905933989692,0.018282657339166564,0.02448069562170141,0.028166707356770848,-0.0007212019416845683,0.00920017668103612,0.013782172993055397,0.02571724476476933,0.00418145568016115,0.007061066972191776,42104800,16554800,399678000,42374000,6783000,6532300,21720600,2068300,5121200,10278100
2024-04-08,-0.00666346092150738,-0.002185461463628968,-0.009942286930674893,0.0006483768975988902,-0.005249759119620445,0.005216422825891742,-0.006756199498615056,-0.015370351020583484,-0.00038452263196187,0.010595158879268318,37425500,14272400,283220000,39221300,5935400,8001000,17513900,2690000,5476800,8054900
2024-04-09,0.007242244176968837,0.003980267489789746,-0.020417225409504303,0.002591909504893186,0.004617689116270363,-0.006700878997937143,0.005226020035209222,-0.004203943920681685,0.003973565987968053,0.00801717860653084,42373800,12496900,501700000,36520100,6135300,7351500,14132300,2042700,4608100,9188000
2024-04-10,-0.011139190287141276,-0.007084566497483236,0.019741496373553602,0.0015080453603608657,-0.013723833511973815,-0.008521440412965764,0.00841720584909833,0.00045710492352379894,0.0037021696180168373,-0.020954236677452998,49709300,16216600,431929000,35879200,6809500,7681400,17409200,2148500,7784900,10783400
2024-04-11,0.04327095396259373,0.01103340598049396,0.04109655953380775,0.016671181255133227,-0.009387529879968826,-0.00020468322971745057,-0.0033550567681994714,-0.0002417524195872378,-0.00890366323419789,-0.0010937092854735875,91070300,17966400,431637000,40020700,8374400,10137700,17555900,2535700,8209800,12145600
2024-04-12,0.008626706925510375,-0.014091064912222229,-0.02681651725829859,-0.015445639364236818,-0.008535358173411445,-0.06467781603938338,-0.011659471762433316,-0.017070702519137004,-0.0032725139636099465,-0.013450029500789773,101670900,19253800,426805000,38608800,7100200,31532300,21556200,2072900,6770500,9039500
2024-04-15,-0.021863467470295883,-0.01957797916730819,-0.024777157742474465,-0.013485250630092094,0.0004744003835115418,0.0005470323645149211,-0.005732324110406584,-0.004704275046365836,0.0007725495274282235,-0.005231506528723839,73531800,20273500,443077000,48052400,8502300,14766600,15029500,2171000,5754000,11147100
2024-04-16,-0.019167337087691028,0.00227239937055268,0.01644170398294098,-0.001633742516860992,-0.02127512647388452,-0.011427613435520123,-0.008271987008729331,-0.011074152310359353,0.0032164885828303014,-0.016732965574731695,73711200,16765600,370453000,32891300,12774900,16451800,18082200,2513900,6103300,11594100
2024-04-17,-0.008147374430445997,-0.006609188451113801,-0.03866621075273469,-0.011128128209780819,0.0022152851797532236,-0.003982280668958227,-0.0005056126044957754,-0.004334837158711968,0.006476483610719175,0.033873544973647585,50901200,15855500,495400000,31359700,9378100,9017100,14538600,2313800,6621900,15653700
2024-04-18,-0.0057143787608469054,-0.018380857995155098,0.007568373544944329,-0.011363622972558218,0.006700461297036053,0.00649711210768289,-0.0009272221995360042,-0.0010884055863675801,0.008573003762674558,0.0034488522481563866,43122900,21029900,447260000,30723800,9887700,9557700,13821400,2380700,7819300,10135000
2024-04-19,-0.01221262517158761,-0.012738987201094232,-0.1000461013277254,-0.02561096030926935,0.014889431220982852,0.025103408519446146,0.011474754787078822,-0.005523934818829623,0.005404036139491586,0.004530521087424688,68149400,30565800,875198000,56000700,9750800,13402300,21572400,2929600,12034200,13419400
2024-04-22,0.005090841012859171,0.004610171850265576,0.043543274772318785,0.014888568814227066,0.008180597299888959,0.019429451196060876,0.005672322772080074,0.008317844426506404,0.015176387889196175,0.015707631332200878,48116400,20286900,596341000,37924900,10118700,11529700,16340700,2085400,8926300,14747200
2024-04-23,0.006391809765121881,0.016485486138292815,0.03653259291170308,0.01303389727631088,0.002950517485938997,0.01441328926593255,0.003898533250580538,0.015771318414446345,0.005979862573630257,0.013627229665022389,49537800,15734500,438559000,37046500,10110400,9144400,13929800,1810700,7707300,14349200
2024-04-24,0.012702335945464327,0.0036557969434429793,-0.033315833890435465,-0.016430862529557833,-0.006886824677972081,0.0048921885627410955,0.00016534541892632149,0.0007432626195449377,0.006811140649671588,0.005438172514979689,48251800,15065300,512208000,34185100,9756300,6964900,12101200,3032700,7217600,12149600
2024-04-25,0.005147246960742979,-0.024495128749618122,0.03708725624312659,-0.016535467634067658,-0.011512644799456684,0.001501791552247056,0.002313125857699605,-0.07020250950135432,-0.0003074231081587886,0.005108182358698032,50558300,40586500,424641000,49249400,7642700,9802300,16041000,6459600,7094600,11418500
2024-04-26,-0.003472785402758527,0.018243634176469792,0.061755680076764685,0.034260361668536854,-0.0046317092600403065,0.0006207999196505831,-0.02777562217700902,0.015917288138223018,-0.00775151170175814,-0.013602521325020267,44838400,29694700,551011000,43919800,6183000,6413700,27289500,3324600,5659800,9982800
2024-04-29,0.0248078795679465,-0.010016590780641543,0.0002507312705393172,0.007460258507441919,0.004653261815882326,-0.001085298109091526,0.01424211077533255,0.018696531857067766,0.002293938578062704,0.02166993518770055,68169400,19582100,388971000,54063900,6149600,5387800,17309900,2171400,4621000,9795800
2024-04-30,-0.018270905583845587,-0.032119509100421495,-0.015440374489226083,-0.03293549122868411,-0.01518878503450738,-0.00796771740923008,-0.011451069565109995,-0.043539297516346664,0.009526120410797256,-0.006674426922666843,65934800,28781400,363709000,94639800,8817700,8153700,21083300,4201700,8106100,10042600
2024-05-01,-0.006046923818450289,0.014409412853063408,-0.03889966357878605,0.02285714285714291,0.045576967318447625,0.0006257483740079728,-0.0189395725027941,-0.010461118684713111,0.0012255600552104617,0.02448863511283972,50383100,23562500,559863000,94645100,14470900,7445300,27777700,3520600,7543000,13991100
2024-05-02,0.02203177030205783,0.0073428184159032295,0.03342940477254075,0.031955314082140474,-0.008334277896822728,-0.0010424260928774132,0.0018098672800921367,0.013199646264453246,0.002692834778199371,0.0034978676538826026,94214900,17709400,377898000,54303500,8459800,6501700,25513600,2492000,5647500,10815900
2024-05-03,0.059816187135408816,0.02216975859985726,0.034631830947632114,0.008066292135759712,-0.004335724637835825,-0.006000184241435225,-0.002064663200174066,0.00390539282206559,0.0037841047287427987,0.018736415820740815,163224100,17446700,398341000,39172000,6532700,8922800,28023300,1977100,5581500,12687500
2024-05-06,-0.00910670806800662,0.016918373250151886,0.03774109786704716,0.013371946429286963,-0.004622359727288972,0.007821176813258779,0.006465542615113229,0.01588700751416905,-0.00012161704411794982,0.015825444735581007,78569700,16996600,376203000,34725300,5042800,7911100,31401300,1653900,5472400,14042100
2024-05-07,0.003797308087637008,-0.010156301533287393,-0.01721295810532708,0.0003179520909595279,0.0009422472435229867,-0.0013020207924296923,-0.004967840738440921,0.008477048505233453,0.008027315696202963,0.009824501359496418,77305800,20018200,437342000,34048900,7333500,7688800,30122000,1965600,6433000,13621100
2024-05-08,0.001864003962746219,0.0029316066989801826,-0.0015680604222915173,-0.004026247769404412,0.0015465204097659946,0.020338843429750675,-0.00017219350179065174,-0.0014492526762133195,-0.004162785985969197,0.012508626705944659,45057100,11792300,325721000,26136400,7735100,9227600,18957200,2260300,4579400,9915000
2024-05-09,0.010014330575426333,0.004335737491404146,-0.018415719312748657,0.007978723404255428,0.0060423645473650645,0.009455755049566195,0.01971595490547573,0.021132150150880546,0.005876245988722495,0.023747741775633102,48983000,14689700,378013000,43368400,6546200,7977300,17564000,3208900,4671100,16627900
2024-05-10,-0.0068904090072913204,0.005869183456512328,0.012744171693345185,-0.01065965315282813,0.00040018424704824085,0.006430338952503334,-0.004052895742865492,0.008556407975154778,0.004878430120824451,-0.010592736558810656,50759500,13402300,335325000,34141800,5710600,7529800,13648100,2210600,4879400,12046700
2024-05-13,0.01764561622237304,-0.002459298329910653,0.005796704887874871,-0.004853789332504466,0.00873862818180915,-0.00020128505199146218,-0.0004237470806094379,0.005327076515014184,-0.005873588892472026,0.010706143920925726,72044800,15440200,289680000,24898600,5628500,7049200,15060600,2051200,5725500,7685500
2024-05-14,0.006173540326942062,0.006864585248480992,0.01058649145789703,0.002679959159411549,0.0010581601915502503,0.013988875215108276,0.0060704916139568965,0.00420547194458698,-0.0006630166829100226,0.011263023608999445,52393600,15109300,296507000,38698200,8254200,8596200,15079100,1563400,6009800,8176600
2024-05-15,0.012217852792761441,0.01748388687764746,0.03583766926857601,-0.005773249525686364,0.00852165202052868,0.0029773611344496853,0.007733356846552297,0.005192991740192943,0.0045245844647900935,0.021612339873568365,70400000,22239500,417735000,75459900,5548000,8370000,18244300,1913900,5102700,12470600
2024-05-16,0.0006325241166504902,-0.004939927951254197,-0.0028637551392564076,-0.012688857146349708,0.010545552753073117,0.0017813164566637951,-0.0059874919642368685,-0.025886048912478477,0.008107701912293042,-0.008306351730468342,52845200,17530100,323952000,38834500,7591000,8497900,15745200,2821700,6793600,10414200
2024-05-17,0.00015797043721521575,-0.0018527798392267147,-0.01992387441592125,0.005826891232250109,0.002333404752803192,0.011458542336693966,0.015016505019383786,0.015824456497697703,-0.001310690483303234,-0.00418811899568583,41282900,15352200,359691000,33175700,6521800,9260500,15104500,2104300,4700800,9490300
2024-05-20,0.006162056434067864,0.012208251895142297,0.024881352199890072,-0.006280474722663021,-0.013885167006688626,-0.044972839756681315,-0.00810763951680138,0.01818857925277917,-0.001968521430714798,-0.0028913433241619657,44361300,16272100,318764000,30511800,7742300,17373300,11551300,2247900,3804600,7179700
2024-05-21,0.006857311334965255,0.008698803284515222,0.006393709581286933,-0.0021248741632045043,-0.00019830317533742203,0.020145201431460702,-0.006909846378318929,-0.010144644179311824,0.006215981191020736,0.014234891891749868,42309400,21453300,328946000,50839100,5492400,14420800,14495000,1841100,5147100,6420100
2024-05-22,-0.007538370664138316,0.0034495864574100032,-0.00457094698351268,-0.00010914012742568868,0.014942956589961254,-0.006064680603206529,-0.02011035551418172,-0.008717136863482522,-0.003207597615577873,-0.008187178350124502,34648500,18073700,548648000,28148800,6609800,9425300,17879300,2104200,4536700,8773600
2024-05-23,-0.021058138264443915,-0.008176167000489731,0.09319656722964154,-0.011358061353112014,-0.02475576862907214,-0.007009092272748596,-0.017059151595483657,-0.014721601493024261,-0.013825096749138233,-0.013102617119441606,51005900,17211700,835065000,33670200,8000400,8069400,15979800,2749200,4729800,9097800
2024-05-24,0.016588130386485878,0.007400441198737395,0.025722696649737253,-0.0016570176564539851,-0.018236333140371985,0.01924632734078746,-0.0007929581107504191,-0.005132583126314705,-0.0009667850208177065,0.017126955264616273,36327000,11855300,429494000,27471600,9520600,7356200,12212900,2635200,3820100,7601100
2024-05-28,5.2752654516874387e-05,0.0003720656597072658,0.0698043877002732,0.007745471073219212,-0.017622691992687622,-0.006028645195179871,0.012696133595853087,-0.00696476113948874,-0.013427782352495754,0.012008850137464222,52280100,15718000,652728000,29927000,10499800,6910200,13978300,2264900,6466200,11986600
2024-05-29,0.0015789417987965848,-0.0026724220432622348,0.008112273788821511,-0.0007136405620595809,0.0004156429037136533,-0.006967362504742058,-0.01070854284988576,-0.024129035850369518,-0.008950941320905126,-0.010963365065738473,53068000,15517100,557442000,32009300,8263800,6120000,13902000,3040000,4360400,6896300
2024-05-30,0.005255137968644075,-0.03378614350909326,-0.037665956171783144,-0.014833517662161122,0.005815594077357211,0.006158134757558109,0.0031681320490062337,0.0033717455661592677,0.005753007367492735,0.019692076496059308,49889100,28394500,484553000,29184700,8490300,6829100,14683700,2745800,4748200,21762300
2024-05-31,0.005018501461824032,0.0011093126027910127,-0.007846236450029909,-0.016060700229647673,0.009567642039504776,0.01655556835865557,0.028686696075869378,-0.0021517882570423197,0.012055608515830096,0.02340456411320546,75158300,47995300,613263000,58903900,14621200,14417900,29037400,8319400,10341400,16196000
2024-06-03,0.009258823144343564,-0.0038783660704182488,0.04895432020857626,0.01076849847083472,0.007295395731689691,-0.003997559018142693,-0.02396390931497061,-0.021150980421086762,0.0006685685697449539,-0.022577124866327236,50080500,17484700,438392000,30786600,7329200,6444300,19589300,3878600,5828400,15410500
2024-06-04,0.00164928996923841,0.006166604159163702,0.012495658395056175,0.00560726713319748,0.0004060826017131536,-0.013179966975096935,-0.015552612158300949,-0.01143764003831571,0.014333481280795812,-0.007206399439203426,47471400,14348900,403324000,27198400,8876400,6848300,19412200,3706600,6277000,8484300
2024-06-05,0.007820892264638557,0.019083359133161393,0.051555724013677695,0.010817455564965828,-0.012381673092087153,-0.009540100765221715,0.003993996345214024,0.005739244194191029,-0.005748296288831112,-0.0012961979629885212,54156800,16988000,528402000,32116400,5891300,8351600,14863500,2616300,5243300,9264600
2024-06-06,-0.007096527044226142,0.001202706714853452,-0.011777137134366455,0.020520748266509736,0.003082876568594184,-0.001774286778990164,0.007514164480069363,-0.0035210176612767707,0.014574182671883262,-0.004542375431239476,41181800,14861300,664696000,31371200,5016300,7640300,13154100,2452100,6302000,6550600
2024-06-07,0.012392071769831592,-0.0015781981549644053,-0.0009090825363169408,-0.003783767287795614,0.004507612395197036,0.015438481882348087,-0.010704624630537452,0.0019799161459583825,-0.008369447818328268,-0.01707960804162345,53103900,13621700,412386000,28021500,5111600,6964500,13289200,2499100,4558200,10059500
2024-06-10,-0.019147836579684996,0.009484520169512178,0.0074614364905303265,0.014975553234585881,0.0003399207089083145,-0.0017004318172805233,0.0029268289235240275,0.0020368346016850225,0.0017357173072816146,0.020957721592530953,97010200,13982900,313434100,34445600,5749900,6070800,15239700,2640500,4110600,11218500
2024-06-11,0.07264909004660769,0.011241721488398193,-0.007144017476050424,0.0009087895389929823,-0.0025148821194178606,-0.02630136826188101,-0.008047471732370193,-0.006978004889149347,0.0007768593460308892,-0.054956363697336585,172373300,14551100,222551200,27265100,5661200,9235300,12462400,3247000,3947700,22781500
2024-06-12,0.028578522069909074,0.019367639890707666,0.03548095955957131,-0.0018159287809064173,-0.009198629046631157,-0.01456043416809183,-0.011054579803205122,0.00433849120075025,-0.013733008333375873,-0.006598954381832445,198134300,22366200,299595000,33984200,6180500,12751300,13606800,4817300,5474500,13930500
2024-06-13,0.005491031802129731,0.0011789805959152577,0.03522361593815404,-0.016373254687715777,0.0002751688642883554,0.011120919297283871,-0.008023061452668068,-0.007209490877246316,0.0074465586363960945,0.012731794730079793,97862700,15960600,260704500,39721500,6840400,8587800,14466900,3183900,4902200,10023200
2024-06-14,-0.008168357100995394,0.002241973232202543,0.01751415623203978,-0.0009247574783878276,0.0006187141047611089,0.0006194631411697848,-0.008451563247717675,-0.014983575457008569,0.002283455972900139,-0.001639819615514404,70122700,13582000,309320400,25456400,4075300,6874000,13313400,4195300,3695000,6568500
2024-06-17,0.019671497916716074,0.013105284854239896,-0.006824448891115331,0.002177904217078641,0.00281706176270502,0.006192748860865072,-0.0068737304158207335,0.0028929521288862947,0.0042568071570765476,-0.010265706503857497,93728300,20790000,288504400,35601900,6666600,8725400,21147900,3198900,6759400,8445300
2024-06-18,-0.010984613848068037,-0.004527539365307698,0.035119816994186204,-0.006791263808433312,-0.0020555326583054923,0.010360053894691967,0.009413166828800001,0.008498804648330527,0.006328340200184579,-0.025860546378966176,79943300,17112500,294335100,36659200,6156600,9023000,17762900,3275300,5112600,29169800
2024-06-20,-0.021512783286704806,-0.0014338293318680861,-0.03540337020764539,0.017996874289478493,0.014624102952150553,0.008477115245747902,0.021576050532909896,0.01227176517598716,-0.005280037760224454,0.028676799950541954,86172500,19877400,517768400,44726800,8749700,8731100,17433200,4463300,8483600,14857200
2024-06-21,-0.010444355000034045,0.009154106590351319,-0.0321915951113082,0.01601287280926522,0.006563870359371782,-0.011929246570559826,-0.008770350228501367,-0.003919470135060221,0.003518922764239152,0.004830112857434177,241805100,34187100,649445800,70792500,15172300,20972100,52212500,8265100,14682000,19465500
2024-06-24,0.003132529674893636,-0.0046911954926391886,-0.06684046077307182,-0.0185635417434159,0.002487279779549656,0.013143114123495225,0.029703924134611093,0.006588529327972603,0.0011291748527448853,0.014283665202258211,80727000,15913700,476060900,50610400,6914700,9785900,16266700,2447300,7565200,12063700
2024-06-25,0.0044682941576601465,0.00732681030754212,0.06756418289138622,0.004149318226444709,-0.01294250791105478,-0.004072856275248782,0.002805847862914046,-0.00787872091701125,-0.009498437704342666,-0.011780513081346422,55549700,16413400,414192600,45366400,5912500,6862500,14188900,2990400,7968200,10753200
2024-06-26,0.019993139227651557,0.0026831542013814325,0.0024585493197086805,0.03901472799901873,-0.00251364139197785,-0.0032313060389846937,0.0003497060908084215,-0.0020464150932242298,0.0035960593238653082,0.005343910636829818,66213200,16507000,362975900,65103900,5267800,7758600,15771800,2198600,5164000,11481500
2024-06-27,0.0039859725203668095,0.001526004198776576,-0.019066458108600526,0.0218997235669518,-0.0069474187626465955,0.008813333206643126,0.004282767703802648,0.002234147100204309,-0.004956796620848691,0.004770421895011756,49772700,14806300,252571700,74397500,5739200,7913500,16812700,1995100,5007000,9824500
2024-06-28,-0.016254135898990385,-0.013028574848922725,-0.0036292973179332666,-0.023249966952787915,0.0024691333833866125,0.015514442088346847,0.001914754449456435,0.017223516680333617,-0.010202773258029318,-0.03947369692936531,82542700,28362300,315516700,76930200,10495700,15307600,24565900,8891500,9253100,23935600
2024-07-01,0.029104671420214556,0.02188166118438062,0.006151937073416658,0.02043982896891161,0.001915755202493763,0.015771795237113917,-0.001389918862214401,-0.012068475777533894,-0.013339792514966864,-0.012851282668284614,60402900,17662800,284885500,41192000,5144400,10205800,11972900,2950200,7638600,11036400
2024-07-02,0.016239864423274186,0.005583198300552761,-0.01311356592469648,0.014198798656638534,-0.0027999652741010905,0.016451733443415106,-0.006784999509222511,-0.004011131185475469,0.007251744342847477,0.008154528946538786,58046200,13979800,218374000,45600000,5492000,7802900,13326700,2119800,5449200,9415200
2024-07-03,0.005810984153571619,0.0032441873160879986,0.04573243761532808,-0.012050018310546862,-0.0023280814554617058,-0.0006704842954415868,0.005079770274117434,0.008695354854919124,-0.00042701731595828907,0.01929897632786992,37369800,9932800,215749000,31597900,3246200,5560900,7732900,1352200,2980500,4487200
2024-07-05,0.021620404654349334,0.014736105075184858,-0.019098853629696655,0.012196992290986808,0.005422533270278418,-0.013250382848681186,-0.012112221999166617,-0.006835851101608004,0.00842345787037635,0.0036196075431400576,60412400,16000300,214176700,39858900,4888500,8093100,12631000,2280900,6509200,7688800
2024-07-08,0.006538880275829939,-0.00282308766987327,0.01883481369260509,-0.0035500335693359197,-0.0068270195114044085,0.0018555679324729901,-0.010496632250530213,0.002162279535474987,0.00792917682855765,0.0002775454525985044,59085900,12962300,237677300,34767300,5260200,8707000,13350500,1913400,5144500,5368700
2024-07-09,0.003774841999142353,-0.014370309473194398,0.02480524402497708,0.0002509059834530092,0.010791990492749592,0.01198998768709858,-0.011053593490538471,-0.009116830576345047,-0.005164458036470476,0.00013856951896618064,48076100,17207200,285366600,32700100,5890400,9058900,11727000,1896100,4393100,6220100
2024-07-10,0.018803566338720268,0.014601610230316808,0.02686862518467703,0.002257434315787954,0.016184821613696387,0.0008187858652974889,0.008833593312506327,0.007421995046514418,0.006881477365527466,0.01081537851464387,62627700,18196100,248978600,32883800,6093200,8328500,10004100,2904400,5037100,6740900
2024-07-11,-0.023220792984369076,-0.02477202971721315,-0.055666771364033196,-0.023724863074531144,0.0018068112887521526,-0.0016842899094097197,0.01188342342960702,0.008067420757460031,-0.007554101717699879,0.024691225277141626,64710600,23111200,374782700,44565000,6350400,10658100,13082700,3016400,5831500,12188700
2024-07-12,0.013050844577096488,-0.0025292003551286024,0.014442835790914765,-0.0028710461411536325,0.0012025097699943643,-0.012099283590675358,0.00017654711281789304,0.013468852712469337,0.006463871920074915,0.017403024574188297,53046500,16324300,252680500,30598500,5336400,15443400,11684900,2451300,4684600,11099400
2024-07-15,0.016743367797082076,0.0009039269002262262,-0.0061902351346837525,-0.009100746683474936,-0.004270019681716586,0.024934107431564767,0.017127323578499665,0.030334803441379288,-0.01218416982536874,-0.06618406357567319,62631300,14429400,208326200,40683200,6711400,10719700,13032500,3394300,5752500,19575400
2024-07-16,0.0017918786066573045,-0.009780531243418378,-0.0161943146622463,0.0015566783408964557,0.011860096380299057,0.016995955625627168,0.007204238697237297,0.042831851376373686,0.01440024452046229,0.013103898614839071,43234300,17175700,214769500,33994700,6469600,11557000,13614100,4637000,6378300,10551800
2024-07-17,-0.025296067068557804,-0.013347648081134644,-0.06623935573209483,-0.02637038381521739,0.036884941361476464,0.015213911086106702,0.013788373488217154,-0.007709808674573604,0.014914640241618926,-0.013908108278351095,57345900,21778000,390086200,48076100,13801400,11572500,13602800,3061000,7982300,11878900
2024-07-18,-0.020534789106325113,-0.007102291865262456,0.026273415402341183,-0.022242286163404512,-0.0074084022778553305,-0.031770235895935306,0.009860593777555327,-0.004946717589965566,-0.005901756187766338,0.010860212399970814,66034600,20794800,320979500,51043600,10166200,12415100,13033600,3876300,5926300,10212300
2024-07-19,0.0005799316802006516,-0.0074028723175367794,-0.02609626953306088,-0.0033741230867346816,-0.0046968378219980345,-0.000952448644897852,-0.022979866531732118,-0.023593530871103607,0.003147546956099534,0.004604514322007036,49151500,20940400,217223800,43081800,7398000,8095900,16157700,3462700,6597100,7752100
2024-07-22,-0.0015602074638715324,0.013337691991726297,0.04757064137438993,-0.003167158934036185,-0.0029090920283921795,0.002383429036432627,-0.0068923708135317785,0.0047657382642394275,0.001726506932337557,0.01250009897235893,48201800,15808800,258068900,39931900,6840600,7663200,12065900,2659600,6383000,9034700
2024-07-23,0.00468821065747127,0.004312044664237735,-0.007689936786636431,0.021144894800451786,-0.012253669407048973,0.0002378283690327443,-0.016135994563425182,-0.010636212850092308,-0.009688086444918809,-0.010836725546118253,39960300,13107100,173911000,47537700,6261900,5557300,11251700,2027800,4863400,7027500
2024-07-24,-0.028754296951894243,-0.035854665562217614,-0.06803161597135121,-0.029934025650088625,0.025795856319459798,-0.008272744998890857,0.014108058112720201,-0.023622032307228702,0.008282535252470247,0.04576340714996752,61777600,26805800,327776900,41532400,7168200,7119000,14925200,2835800,5907000,17813700
2024-07-25,-0.004804623900094729,-0.024481389574956047,-0.01724297336660474,-0.005419431054668911,0.021499884527708124,0.00038353324837925307,0.021041599355559493,0.024580442726078067,-0.006547667609094199,-0.02612397464333993,51391200,29943800,460067000,44464200,10019600,6403800,17021700,3291300,7338300,13934200
2024-07-26,0.0021611047299225916,0.016419718503756675,0.006947047793581573,0.014734466536293178,0.006264032680941334,0.01710835592604787,-0.0008515176021134385,0.017949327809963167,0.013241583118796196,0.011165656117197997,41601300,23583800,293399100,29506000,8356900,8027800,11252500,1894900,5581600,7076200
2024-07-29,0.0012846423555401554,0.0034331600673942475,-0.013001937086377757,0.003835599716395466,-0.012948140056605828,-0.006549167768252651,-0.010483312555884305,-0.016976759699307453,0.004848892938586591,0.0010772072833413748,36311800,15125800,248152100,33270100,5625000,6533600,8861800,2190300,6797800,5977500
2024-07-30,0.002565847685441769,-0.008928302036058766,-0.07043638478420011,-0.008133134602594794,0.01746977103795322,0.020583382461944577,0.017829462046637712,-0.008155899667508737,-0.04843174205733314,-0.0008070094903762648,41643800,32687600,486833300,39508600,6545700,8850700,12483900,1970800,15746300,8505500
2024-07-31,0.014990935967612362,-0.010805864140658983,0.12812088906521413,0.029002194810164417,-0.021570834821736495,-0.011106402363883383,0.003554274813566849,0.013110235518421165,-0.005813201258138556,0.02840597061763006,50036300,42891400,473174200,41667300,8293200,9071600,15137700,2568100,9660900,15618100
2024-08-01,-0.01675072066025418,-0.0029640999912898813,-0.06674058452284015,-0.015563100170141508,0.018435189769458127,-0.022744367853960723,-0.013829216059283889,-0.042403438656435366,0.030666816275552122,0.02618145966747565,62501000,30296400,523462300,70435600,7213400,10918600,15051500,3747900,12532700,11136600
2024-08-02,0.006869356072107369,-0.020665940263358773,-0.017763937581862566,-0.0878470841762542,0.021025232846358044,-0.04241204952774025,-0.0005984678595912785,-0.03212468002484781,0.02649515023835436,0.01033292082858095,105568600,29437900,482027500,141448400,11280400,18041700,20403800,4246700,11899000,14513100
2024-08-05,-0.04816691174391807,-0.032656839158919815,-0.06357793221861108,-0.04097671157906757,-0.017606898334922683,-0.02129163556047009,-0.018052807706211205,-0.012684322451847585,-0.011876736699839796,-0.03181821317306077,119548600,40709200,552842400,83149400,12032200,13927000,18025900,4681300,10338800,11877600
2024-08-06,-0.009748299353653178,0.011286830402033932,0.037829749411949276,0.005651399696776416,-0.01413955354393892,0.02791176670972484,-0.0053148658420961725,0.030429368018795255,0.00017857547949629016,0.0037820142284772373,69660500,24946500,409012100,59950800,7607100,10605800,13647800,5071700,7454900,9050900
2024-08-07,0.012498294757956385,-0.002952796797585977,-0.0512229513213468,0.0051874985158653075,-0.00044029539527890016,0.00029947579606415253,0.01331460335722534,-0.001960679551132327,0.011481993386295297,0.007665246155572847,63516400,20650900,411440400,48408200,5993000,9204400,13660700,3011700,8385500,8193200
2024-08-08,0.01663331197462692,0.010691870333212172,0.06126776273202372,0.018615215947435537,0.00830706961419625,0.018263571356655683,0.019104408518893168,0.03179874618105871,0.0049993643540893196,-0.00025786919600345737,47161100,20203000,391910000,44616200,5094800,7761200,13851000,2268300,6386900,6935900
2024-08-09,0.013735806343038837,0.008269427762636061,-0.0020958290856288864,0.00687575011257735,0.0024964436995034145,0.008526935070480635,0.008143158659781546,0.0062471711176266265,-0.0019312886462871104,-0.0010316407263943894,42201600,19276700,290844200,36401000,4579200,5540200,12151900,1668100,5377300,5041200
2024-08-12,0.00712996663412957,0.0019455958419507535,0.040763713141040325,-0.000838620987187122,-0.004607033564655083,0.0018949862545698526,0.0012620827510037014,-0.006592756956217971,-0.02187169376136877,0.0015491102709945803,38028100,16762900,325559900,30072800,7605400,6936000,13228900,2127600,7208100,5955600
2024-08-13,0.017193017197668414,0.017698814859638867,0.06530909677446006,0.020563504874259175,-0.009319353723661439,0.008487282837754018,-0.009579751878031173,0.008243316859714245,0.0028774847677848214,0.006960673348853197,44155300,19414300,312646700,39237900,9711400,6387800,11585100,1503800,3770000,5108900
2024-08-14,0.0020338127254488914,0.006883806845997098,0.016704041444076223,-0.0007636117446156998,0.0005681669581152349,0.01106095444629851,0.00924820574761176,-0.003571373185143889,0.009026279791036318,-0.0014081135231602815,41960600,18267000,339246400,28843800,5141200,6999800,12194500,1610900,5476600,4620700
2024-08-15,0.01353056315523471,0.011823780253562122,0.04048102987598523,0.04403286281963403,0.0038490231124659324,0.006230945877866878,0.006186462791552216,0.023845773430571482,-0.00521329000233417,-0.007691246657320128,46414000,20752100,318086700,51698500,7237800,7001000,11579400,3232600,9491400,5946500
2024-08-16,0.00591846921354322,-0.006080254392118456,0.013999615965522239,-0.002984395462729106,0.0018856566386966644,0.011439343165029037,-0.004716585096246284,-0.006249515965863206,-0.0001787243528208471,0.014984983206537184,44340200,22775600,302589900,31489200,5012800,7931200,10056000,2483800,5640800,6344200
2024-08-19,-0.0007077954338955417,0.007312285171039434,0.04350619180252102,0.006551472258579993,0.0015059051736798779,0.006916777906754934,0.0030464354116759296,0.003406311102566617,0.003156808123737198,0.009927417749773904,40687800,15234000,318333600,31129800,4408400,6090800,12417500,2252600,3885300,5617000
2024-08-20,0.002744556644026508,0.00775746168717073,-0.021153796702381267,0.003703308593809629,0.0033200803214448182,-0.00431643892333522,-0.03332484317381501,-0.0039170441439860815,0.01181588438974801,-0.004662764548700515,30299000,16387600,300087400,26255200,7275100,5640000,15632000,1479500,4513600,5967300
2024-08-21,-0.00048559160047678684,-0.0015535474826834372,0.009823061104961672,0.006876093995775934,0.007929556891401957,0.00037293117472225745,-0.0063711858609004635,-0.0009612187101303293,-0.0014671448307689294,0.008356484526127694,34765500,16067300,257883600,35599100,5019400,5202300,11752400,1433200,4082000,5125300
2024-08-22,-0.008259677142394395,-0.020252841371844132,-0.03704271474290177,-0.022097583221652117,0.005699146307879266,0.009459409013037323,0.00772958023282766,-0.0017786148867736662,-5.888312052393374e-05,-0.009040635236505667,43695300,19361900,376189100,32047500,6552100,5247100,10609500,2021400,4097300,8006600
2024-08-23,0.010288167272858306,0.002984030810765592,0.04549852021361134,0.005166572293719973,0.010963965750975913,0.007755202441670717,0.013858547604146398,0.01767145414224136,-0.005759589764177786,0.00937653938878924,38677300,18493800,323230300,29150100,7093400,7214000,10381400,2183900,4771300,5052900
2024-08-26,0.0014987850163938887,-0.007917757420804361,-0.022493532923449022,-0.00869856159361615,0.0029243467313431193,0.003939393221273457,0.02140643353784233,0.007893120077954174,0.006975274105121443,0.01230229134798222,30602200,13152800,331964700,22366200,6870600,5105200,13671000,1718100,6472400,5378700
2024-08-27,0.003741557490109182,0.0008465025554205141,0.014550132667873639,-0.013561281383547064,-0.002570734737238789,0.004608193733691923,-0.009510988174524782,-0.00011403225306660936,-0.006457156945850362,-0.012772736100618798,35934600,13492900,303134600,29842000,4388700,5185200,9991600,1210800,4456400,5086000
2024-08-28,-0.006753436735396301,-0.007829023912936828,-0.020966515727281143,-0.013401063602498708,0.005952714686913829,0.00504139657023539,-0.009857180811490784,-0.008316183748161121,-0.0011226536064909975,-0.002512288931925122,38052200,14882700,448101100,29045000,5187000,6506400,10742900,1514500,5644800,5462400
2024-08-29,0.014570115729221955,0.006137206607258028,-0.06384852629694071,0.007728290643119529,0.0018911673547614694,0.00415739630507983,0.013817297766121728,0.009879336679868844,0.0057374570587636065,0.007807611206985587,51906300,17045200,453023300,26407800,7390100,6416100,10753900,1664500,4413200,5179200
2024-08-30,-0.0034378816356825936,0.009730920297505774,0.015137451313586459,0.037067191865004956,0.009925137764411174,0.011655630503383474,-0.0016083538571215472,0.012683537615706841,0.008880823845144992,0.012513231352857312,52990800,24308300,333751600,43429400,7971000,8574100,13284700,2974100,7301600,6808200
2024-09-03,-0.027205113647736257,-0.018458996318195586,-0.09525012464640892,-0.012605042016806678,0.007837936146591007,-0.02001776247862941,-0.02094275193802342,-0.04453810455698892,0.017372027800681256,-0.007204053116541709,50190600,20313600,477155100,37817500,6956500,8956100,15725100,3107200,10101400,9883900
2024-09-04,-0.008618876156298305,-0.0013188845524323423,-0.016574105789990412,-0.016567365497562103,0.0011963860772548074,-0.004403161474778039,-0.012211070145260239,-0.01025748989748354,0.007907427928908639,0.014387759189549376,43840200,15135800,372470300,30309200,6939100,7389500,12620600,2782500,7517500,7517700
2024-09-05,0.006927808042118455,-0.001247312484486618,0.009415366152928595,0.026308183871355473,-0.014161118643381876,-0.007750797659693109,-0.007802884620049522,-0.0094729730328581,-0.002444514123933983,-0.009250323919974046,36615400,14195500,306850700,40170500,4600400,8067900,17200800,2525500,6061900,8494900
2024-09-06,-0.0070149809225359405,-0.01638137069303336,-0.04085442022171426,-0.03653943460735232,-0.0036969894974298034,-0.023755956151716218,-0.004683217471829537,-0.012591452374860701,0.0006837781797008891,-0.004356874531826205,48423000,19609500,413638100,41466500,6016900,7777000,13467700,2676600,5785700,8181500
2024-09-09,0.0004075081184016227,0.010007561527249464,0.03539826752784814,0.023396899008788496,0.013566033170507419,0.020474408041446512,0.021040434760791316,0.014209562300851575,0.002676719902893865,0.015128758214293159,67180000,15295100,273912000,29037400,7538200,8935100,21645300,2355800,6450200,6918000
2024-09-10,-0.0036213894446761596,0.02090110861465,0.015309416272725196,0.023660258265018275,0.004621613053856333,-0.051888635647121095,-0.03643159062876,0.0003591643114833065,0.009826259343487243,0.013671571448780728,51591000,19594300,268283700,36233800,6559600,28406900,20913400,1869200,6396300,9588000
2024-09-11,0.011585072193410095,0.021342298519007263,0.08149864910842997,0.02768031821904482,-0.01529457291533931,0.008124107732762731,-0.009926006496545181,0.002513712703794857,-0.021767279592470934,0.013730259066505601,44587100,19266900,441422400,42564700,5920200,13658700,19571900,1934700,6828200,10216500
2024-09-12,0.0004941944544332166,0.009360790994615842,0.019161734971396838,0.013440254011034547,-0.0010920917058850899,-0.0030400607149714265,0.013762286211632002,0.013671684858179267,-0.0025873828220570605,0.0003596322171250943,37455600,17395700,366052700,33544200,4540900,9054400,15919500,1747000,4838900,7856600
2024-09-13,-0.0012120982739607378,0.008407455416940213,-0.00033577935977979756,-0.0027272433520638684,0.005344920292614352,-0.01103594461835411,-0.0007191697288888577,0.01687376213987557,0.0035164314614177794,0.014258334807697448,36766600,15874600,238358300,26495400,3693400,10226700,10035400,2518600,3918000,6734400
2024-09-16,-0.02777526108721995,0.0017418054881761513,-0.019479437659391752,-0.008579580976924128,0.00888107885108691,0.01732581306368064,0.01403507599034537,0.007674339625767246,0.018152590393943457,-0.0001181187136751749,59357400,13834700,248772300,26065500,5187800,8634900,11729000,1648200,6892300,8791400
2024-09-17,0.0021726197330820263,0.008832955171519385,-0.010190103383827198,0.010763186217390919,0.0004791925718359291,0.0066871709841809235,0.013042227975095466,0.016467386613548296,-0.007673192588360966,0.00389884274599428,45519300,18874200,231925900,26091700,5066500,7573300,12202600,2088400,4757100,7415100
2024-09-18,0.01798980365419145,-0.009973614302188683,-0.019205851949414043,-0.0024080275860086653,-0.00550675517049104,-0.00821976883173825,0.0035033604247596273,0.004043009285780164,-0.011143984220907344,-0.008120515824497576,59894900,18898000,310318900,34448100,4722800,8259900,12569900,1990700,5102900,9286200
2024-09-19,0.03706556062944655,0.018291144566116024,0.039693115729448,0.01845197970580159,-0.008004766852739542,0.014214788728670547,0.012393058667344858,0.05122223640485357,-0.0136844869442877,-0.02361180391377915,66781300,21706600,293506400,39543200,4956100,11635200,12660600,4066600,8692000,13965200
2024-09-20,-0.002927445291917685,-0.007795904043748081,-0.01586491134881729,0.009111555436973395,-0.004004431826077348,0.0028981530475074013,-0.006293193939206798,-0.012027645379089624,0.015623234974680988,0.005711558686229745,318679900,55167100,382462400,100378600,11839000,20885000,36206200,5440500,28647500,26032300
2024-09-23,-0.007581065072062465,-0.004043401240661049,0.002241382463703534,0.011899784481557152,-0.005726043268022507,0.0016580389228071368,0.018131400429203026,0.006371784330581276,-0.0025829273960847887,0.024891274921787998,54146000,15128900,206228500,36993100,4671600,7223500,16066300,2442700,10265000,7916000
2024-09-24,0.003974092786909855,-0.0100113444503509,0.039652520801574775,0.0004126358007008335,-0.0026957585593205824,0.0007094224694590423,-0.00264141584307942,0.03976606776415892,-0.003049897708166105,-0.006248671972870268,43556100,17015800,354966800,43478900,6041600,7323200,11984900,4024300,5422400,8205300
2024-09-25,-0.004398224825381325,0.006850356824791293,0.02184159091488813,-0.007372694808574054,-0.013392233329139969,-0.006616483639021564,-0.019478865252901878,-0.01990006787006804,-0.005657039266352748,0.003915219217743848,42308700,13396400,284692900,26391100,5420000,8976500,13816000,2661500,8916500,8354700
2024-09-26,0.005080296091350078,-0.0018513761689840091,0.004291135315719785,-0.007115748848874004,0.004918931929420722,-0.001950729062051626,-0.017164804773265208,0.033602224224640986,0.005515001933812824,-0.01370839417999159,36636700,14492000,302582900,36334900,6122000,7807500,16887900,3906800,4957200,8462500
2024-09-27,0.0011865908962584992,-0.007627896817552493,-0.021283402784998406,-0.016687603998192135,6.17822751629582e-05,0.003432218523069075,0.026773085755029458,0.00030679395938748577,0.0019628619711751227,0.012940314501908912,34026000,14896100,271009200,36002300,7553800,7032500,15964000,2683700,4599500,8200900
2024-09-30,0.02287209031333859,0.005326830664338811,0.0003294655755305964,-0.008724793206352333,0.00408938259604219,0.0017102021081594199,0.012087759902570605,0.000102471779915847,-0.0020166588584981104,-0.0001182724076893571,54541900,16807300,226553700,41583900,6010000,8663800,13247600,2251300,6296600,13884400
2024-10-01,-0.02914169158910973,-0.022333187233556706,-0.03656127345365101,-0.006440170323887107,-0.0004319515452230194,-0.01811631512224765,0.023118849143151543,0.003247044878358807,-0.0009238654632857113,0.008754124086433057,63285000,19092900,302094500,36044900,4408000,8540100,23235900,2091400,7130600,9112600
2024-10-02,0.0025197504808649462,-0.008462227778082698,0.015811920766174214,-0.0019986515757441925,-0.005062065412538841,0.0012074479837980157,0.013257727313415124,0.004230338911218601,-0.006472492204021352,0.0018765272731651184,32880600,16582300,221845900,23704100,4684400,5810900,17129700,1767900,6212700,8403800
2024-10-03,-0.004894613511899348,-0.0014144964882674138,0.033655888894432495,-0.015154729791167831,-0.004156986773446003,-0.009937672019840416,0.008722904896663719,-0.00751163567016655,-0.010469930883757805,-0.004447990337686503,34044200,13686400,277118000,30204300,4791200,7251300,16524300,1866100,4794300,7031500
2024-10-04,0.005007337478568852,-0.0011523918663810528,0.016849800830298856,0.02500542770436165,-0.0013085479004789624,0.03549362829009706,0.01835536577848762,0.01534175408739813,-0.007288962495690332,-0.014109431619482304,37245100,19169700,243678100,40890300,5331100,10211700,19752300,1675100,6002800,8341800
2024-10-07,-0.02253089110905182,-0.015670865127735967,0.022414382954910606,-0.03061493551686767,-0.004741335935055435,-0.0013730900176215366,0.00432588205969453,0.002921302253157787,-0.010421734193211796,-0.04245671222708125,39505400,20919800,346250200,42364200,4266000,6718900,15714400,2224500,6325300,11971600
2024-10-08,0.018404132056073275,0.012623981713849153,0.04047911422020345,0.010619458719785868,0.001002905235872209,-0.0008532945101937806,-0.026561381850910948,-0.02583815793315347,0.006223269221886207,0.00261548542954948,31855700,19229300,285722500,26372100,4766300,6021800,14818500,2438800,7473000,10098300
2024-10-09,0.0166983296102583,0.0066311752499785825,-0.0018061048526275547,0.013408477078997505,0.006011698472262239,0.012669132793405646,0.00040964285283995316,0.021213635790660934,0.006600833212558221,0.0009937622339080132,33591100,14974300,246191600,26343100,6047200,7024000,11144900,1757900,8758800,10102500
2024-10-10,-0.0021782560941548956,-0.0038806407443193747,0.016283549481943993,0.007992632403596822,-0.0008714854149247664,-0.0027177254045996913,0.008600272387715213,0.0011358002448005333,-0.001890537215792354,0.004467539243145469,28183500,13848400,242311300,27785000,4793900,7927100,10243300,1331700,6932300,7928400
2024-10-11,-0.00650532801725201,0.0011542578220542499,-7.404576911651528e-05,0.011626110360002828,0.005918570851943805,0.044399497376336194,0.003816784582075128,0.013563818279981765,0.012666431187928096,0.01136648148076147,31759200,14144900,170209500,25751600,5253500,18320700,8294800,2110400,7036500,7057000
2024-10-14,0.01647985820184883,0.006773695656653311,0.024258239135950932,-0.006779016992029097,0.0008672110515994813,-0.003643908593859546,0.003802336081614399,-0.020073532061584354,0.008299747055503293,0.01282680744326159,39882100,16653100,232347700,22614400,5964000,9048900,9808100,3006100,5909000,5815200
2024-10-15,0.011024667131840804,-0.0009543694753763043,-0.04686035085485096,0.0007998782160802964,0.015470237856771263,0.0041089020865039405,-0.030061363178079392,-0.015128887222141674,0.0061446220379377525,-0.001447361317233553,64751400,18900200,377831000,32178900,10548000,9235800,15771300,2715100,7172200,15824900
2024-10-16,-0.008851953433846371,-0.006256908074269929,0.031306881668500264,-0.004262363692000948,0.0010968833997684335,0.005620700624000774,0.0025758577461787446,0.014510784087161221,-0.00685599497018885,0.01932605943124832,34082200,15508900,264879700,23456800,5982100,6382500,8426800,1551600,6117000,8061600
2024-10-17,0.001596408256691939,0.001441943860023498,0.008915433610181545,0.0034244710350397334,0.0011566646291036875,0.0034876508093528713,-0.002569239750066621,0.002210212424611724,-0.0005801512067062919,-0.007228372515721837,32993800,14820000,306435900,25039400,4798000,6470200,11204900,1561500,7045600,6153000
2024-10-18,0.012276521799192697,0.003455608581478309,0.007814165037020482,0.007785456851548744,0.003952040706479032,0.004233165202797373,-0.0028250686167384798,-0.0015970831500674576,4.087557119492047e-05,0.0071616570123109735,46431500,17145300,176090200,37417700,5908000,7000500,12898600,3024100,8372500,8595300
2024-10-21,0.00629787506078916,0.0014826291800598135,0.04137689234214936,0.0004233124965837831,-0.013868797109683917,-0.010516005380931448,0.0005833590122841237,-0.005019539815788621,-0.010158947351672998,-0.004147942763592205,36254500,14206100,264554500,24639400,6082700,5870000,10177800,2375900,5522500,7053800
2024-10-22,-0.002621715489902532,0.02084626743203244,-0.0008350079693236756,0.003332044214411578,0.003807750994889947,0.005022440938857287,0.005163166951307474,-0.0051732254641884134,0.000943835898004286,-0.003927239391964599,38846600,25482200,226311600,29650600,5680300,9586800,9201400,1523900,7511400,8358500
2024-10-23,-0.02162310808284773,-0.006806834250306482,-0.028066087299259745,-0.026304640562205495,0.014744564462126464,-0.003167947375058766,-0.0035625376187179425,-0.007027683450648747,-0.0007072325068167018,0.01505376141960224,52287000,19654400,285930000,31937100,7441600,6180500,8320300,1500900,4837800,10825100
2024-10-24,-0.000823289452242415,0.00030616345116585286,0.006090610878756175,0.009041189476714617,-0.013203943613282032,0.007027398750721892,-0.005653960947384018,0.0034479188927918347,0.00023606494150230084,-0.02530601125987364,31109500,13581600,172354900,21647400,5386300,6002200,9905600,1844100,5861200,9705100
2024-10-25,0.0036431970031054473,0.00805213899533408,0.008047810739806316,0.007779788122410869,-0.017046408222975096,-0.011867739879620198,-0.0008362023667898288,-0.002816118867011941,-0.008253767168032389,-0.016664565613514926,38802300,16899100,205122100,29362100,6400400,6369700,10714600,1606800,4877900,6580700
2024-10-28,0.00859935641457632,-0.003643498965463454,-0.007206275733810608,0.002981406341556969,0.0044753493025404545,0.014349332360665157,-0.004937590583083962,0.012021607929488809,0.0064201612260508245,0.01768390988042956,36087100,14882400,173586700,27930800,4842500,6843000,11844500,3213900,5753800,8679600
2024-10-29,0.0011568288269685478,0.012564705780599317,0.005194819301187925,0.012951868195294036,-0.009344098136765733,-0.011529911878170318,-0.013624957564953744,-0.007936175598948547,-0.012581254920948859,-0.0399422067106856,35417200,17644100,157593600,35690200,5216900,6580000,14731000,2186400,5681000,19232900
2024-10-30,-0.015277911173601555,0.001342760846990032,-0.013522137694603975,0.009956473710913016,0.003248212558180974,0.006774343979220276,-0.005030700931927368,-0.02134146633935108,-0.006041604871209083,-0.0059074450181640925,47070900,29749100,179418100,37707600,5820500,7110900,12303700,4037500,5518100,11650200
2024-10-31,-0.018209488262373785,-0.06052760786523237,-0.04722259465484702,-0.03284388507953562,-0.004669708340607315,-0.011095706675789407,0.0007713531916924143,-0.008015966584727918,-0.005898106241695844,0.0020230572225101717,64370100,53971000,270039600,75146800,8613900,7829900,20512000,2394500,6056500,13034700
2024-11-01,-0.013279677549576596,0.009892965806669762,0.019885572250839756,0.06185621865256041,0.0016889150514158846,0.00459618195319611,-0.01567058102314456,0.009117473043128044,-0.0004842321606387534,-0.023974742739555133,65276700,24230400,207127800,99687800,5256400,6923500,20939300,1633300,5454800,14615300
2024-11-04,-0.00403749272313958,-0.004654373035999693,0.004800569403939692,-0.01086239567545566,-0.011802767098312406,-0.01417423996953815,0.031839977608088654,-0.008192232552898027,-0.0001212352678516826,0.01318679083419494,44944500,19672300,187528200,38492100,4644000,8229600,14965400,1793600,5130200,11759100
2024-11-05,0.006486217676457073,0.007344699707527713,0.02837187193481605,0.0190009257528736,0.000695024848482273,0.007780550254999685,0.0029508231466262025,0.01819295680923183,0.004119178281948743,0.003572649989615595,28111300,17626000,160537400,30564800,6547100,5600700,10436700,1724100,4397400,9051700
2024-11-06,-0.0032669737018221623,0.021192842401586365,0.0407404647765186,0.038045094425516846,-0.002967968895017492,0.11544540041375595,0.01714866931464276,0.0874090715231024,-0.02841455281961025,-0.052511066585154254,54561100,26681800,242043900,72292200,8926600,23987800,20807700,4720000,11473700,28637800
2024-11-07,0.021372178566067213,0.012494564923895668,0.02245742933330641,0.01429333510169939,-0.007284170239343579,-0.04322830511925191,0.001239687239485976,-0.02079733779333104,0.014653944311607825,0.0013421761707039792,42137700,19901800,207323300,52878400,7522800,16451100,12184400,3211100,9056700,16311300
2024-11-08,-0.0011882147854568315,-0.006793065151575073,-0.00839607209363269,-0.008902691496347037,-0.008039239294934108,0.0025381895184144465,-0.00033023920319763533,-0.03635390884354728,0.02631416516398688,0.031492642896074896,38328800,16891400,175665800,36075800,8926100,9502100,12836000,3345900,7506200,14657100
2024-11-11,-0.012028591561573432,-0.010720810256095281,-0.016053874220493647,-0.006436720074140534,-0.0027659029286514203,0.00974766725008025,-0.005284528381298559,0.008058628193575057,-0.010017339157068705,-0.013771513198441165,42005600,24503300,182325600,35456000,7146800,9017100,11969700,1858900,6364400,10275700
2024-11-12,0.0,0.012009162587679256,0.02085924084081281,0.010007771034946433,-0.015479956685951035,0.0011282790140818566,-0.0009960474391298435,-0.008901981411537863,-0.001144434803722616,-0.02173624220777981,40398300,19401200,198634700,38942900,7181400,6861000,11972800,1737100,6507500,12569800
2024-11-13,0.003969089994608321,0.005129681505774419,-0.01362187841816831,0.024843245179395845,0.003930993175353281,0.006678984156982537,0.009306259074865375,-0.015114091900798043,0.0044621953861527786,-0.0002695021741855319,48566200,21502200,191903300,46212900,7161900,11472600,15127900,2001900,5412300,12451500
2024-11-14,0.013770574320934648,0.0039746532157372005,0.003349819470588322,-0.012237320417028852,-0.008940238463923222,0.0029440404873570802,0.0006640099327503979,0.0007490300984607234,0.0030015091223820622,0.014008777924280125,44923900,30246900,194463300,42620300,7716400,10172200,13041800,1372500,7444300,13780200
2024-11-15,-0.014109229105216725,-0.027852657612518872,-0.03257015768090554,-0.041942478231440816,0.014025196418197439,0.014222558420325937,-0.010368278694170008,-0.008493237143663235,0.014723412943138614,0.014213496619653432,47923700,28247600,250132900,86591100,11328500,11518800,19051700,2165500,9939400,12930300
2024-11-18,0.013422248295838157,0.001831391377353997,-0.01288919433854574,-0.004491405455644082,0.004999942719857486,-0.001141369713526963,0.00838148551097273,0.0010154071029133682,0.007137106552209227,0.0005239406353108045,44633700,24727000,221205300,36409900,7510600,9051400,14239700,1626200,6681000,9044300
2024-11-19,0.0011401107231050478,0.004882523115665283,0.048947663728094115,0.014427385751800914,-0.011436487941348661,-0.00791744767508562,-0.01396397770289104,-0.005540276467514982,5.8520116152260826e-05,0.009032599435058408,36211800,18133500,227834900,31197900,8233700,6792700,11584400,1793200,5683700,7942200
2024-11-20,0.0031541553603804395,-0.005505172934404778,-0.007618500812682338,-0.00845508881471324,0.0007191373728434591,-0.009502662379988425,0.014246068748617002,-0.0021708316135699013,0.0007612673064492093,-0.002594688578685722,35169600,19191700,309871700,32769000,9061300,9015300,11360900,1859600,7081100,7065200
2024-11-21,-0.0020960694718709094,-0.004316776538474176,0.0053465540860482275,-0.022180598835253806,0.015609653116647637,0.016529666352826045,0.01338094565329584,0.021205727444092215,0.010884256979910134,0.006243431938252275,42108300,20780200,400946600,58800000,10141100,8783500,14675400,1833500,6240400,8908500
2024-11-22,0.005907469193666248,0.010003128950671902,-0.032181164088117775,-0.006351495788949668,-0.0021223215326745537,0.015484590466504189,-0.0011482468625292341,0.020277793614606576,0.020434124163231537,-0.01099608132658303,38168300,24814600,236406200,31530800,8266000,7997300,13323400,1893000,10609800,8165400
2024-11-25,0.01305088708833968,0.004292626513457076,-0.041775266855394455,0.021966324768223133,0.003931259901494233,0.007000557509384331,-0.01494366085923815,0.020528730465176004,0.006296756226989109,0.008421012152213914,90152800,27691100,344941900,40685700,12256200,10295400,26580300,4398000,19357000,20803100
2024-11-26,0.009404445196126154,0.021968040983836534,0.006616731288063171,0.03181932866326265,-0.00012943004669996316,-0.0012785930172685145,-0.016670816806300892,0.005374125326203183,0.01082367408425311,0.01109075017649852,45986200,23458900,190287700,41673700,5683500,6212100,14827300,1796600,6276700,10563600
2024-11-27,-0.0005531451949134514,-0.01168254200413188,-0.01153967447278148,-0.010199148999145757,0.00569505246236135,-0.0007200280306643991,-0.002627808833337797,-0.01012672419712679,0.0002788069508179447,0.013292055524360968,33498400,18332400,226370900,28061600,4140400,5472300,11079100,1371900,5522900,8689700
2024-11-29,0.01021593857713543,0.0011112247629452288,0.021501507990381086,0.010450052683389277,-0.002509616829164396,-0.0002802091962512687,0.002549766834478717,0.005969696853429962,-0.0005575457995277144,0.0019105235642684626,28481400,16271900,141863200,24892400,5687800,5494800,9426500,1962100,3823700,6186500
2024-12-02,0.009522512328661525,0.017758411745763203,0.0027485839482299657,0.01356490130596999,-0.0013546932236809806,-0.013895582710215182,-0.0009325766367949129,-0.0088645247758391,0.0024545700531444226,-0.020338269879255688,48137100,20207200,171682800,39523200,6946500,8899700,12687300,1548500,5728200,11361500
2024-12-03,0.012771833107112718,0.000510495560895885,0.011758020868576802,0.012956175029913197,-0.01576222692345397,-0.005807060780480877,-0.0015273803401260055,-0.008074354995168287,-0.023817461228447745,-0.010120681638022377,38861000,18302000,164414000,32214800,8674400,6657700,11756600,1716200,8127300,9806900
2024-12-04,0.0014836497506194313,0.014424851195665056,0.034792525555134235,0.02211394849472459,-0.01240491289853296,-0.005800246297094636,-0.028809344326078068,0.0006262257218239142,-0.0017671676096828737,-0.0072093034451767846,44383900,26009400,231224300,48745700,10333100,7346300,19520600,1193800,6823500,8310200
2024-12-05,0.00012344381397144666,0.0118878581196038,-0.0004823765357414578,0.010955259211262725,-0.006313492698144962,0.008545600714330304,0.0043750940394446935,-0.011338905174663183,0.005253735572351204,0.0060733897417954985,40033900,21697800,172621200,41140200,7898100,6572500,15751200,1291400,5022200,6487200
2024-12-06,-0.0008229201890908033,0.0021462772637492744,-0.01806149918007971,0.029381072944344444,-0.0014044340526868648,0.00765849269483998,-0.010541802424903546,0.00012650817667902992,-0.012554544940119317,-0.012598519189436774,36870600,18821000,188505600,44178100,8389600,5519700,16171100,1331000,5741200,7079200
2024-12-09,0.016101115959135104,0.005523376272096314,-0.02548453511041293,-0.004140432746599476,0.0019421592997634907,-0.014351560249497797,-0.005899499525318541,0.010708076215573792,-0.017431935896926487,-0.007176970878336131,44649200,19144400,189308600,46819400,8410300,7076500,17412600,1739800,7164300,9269700
2024-12-10,0.004133722606175283,-0.006031173872898421,-0.026943168111955185,-0.004644181824783544,-0.0024733150841300677,-0.003896441123047767,-0.002037225090245842,-0.02722533977265007,0.008724241931548082,-0.007496552533613143,36914800,18469500,210020900,31199900,9398700,9108300,20990900,2251000,6219900,8619200
2024-12-11,-0.005165998523523618,0.012767129985448156,0.031391002506208965,0.02319588240507109,-0.017355713912928006,0.0027587346725110873,-0.006656523075278642,0.001235818969350655,-0.009577430678378351,-0.002157989858902254,45205800,19200200,184905200,35385800,13446700,7884400,32392200,1651600,5237500,7472800
2024-12-12,0.005963659794566922,0.001269468920496175,-0.014141037449093896,-0.0056023335225716675,-0.0027276313660983265,-0.008212485801352032,-0.0008935819866201511,-0.020803829926864026,0.0012892658839649407,-0.010273095372068552,32777500,20834800,159211400,28204100,6176300,6113800,14543300,1804600,4072800,6969600
2024-12-13,0.0006856741409451139,-0.005093893948116213,-0.022498892624467803,-0.006594726378065796,0.0025983157323337114,-0.0065830256874253035,-0.00876402409689414,-0.0007090917670182773,0.0012292116196570557,0.0054629750486749895,33155300,20177800,231514900,28768100,8324900,10392700,13106100,2034800,3884500,7671200
2024-12-16,0.011727589968011376,0.00965858443532941,-0.01675990292273155,0.024048121869595374,-0.01889235129471456,-0.0015004481212836929,-0.021382088671050514,-0.004178599085700396,0.00046767875596720465,-0.011274080537183484,51694800,23598800,237951100,37552100,8732400,9032000,20256100,1311100,5943600,9767000
2024-12-17,0.009719616841789014,0.00635537550776033,-0.012196857692458485,-0.00764177579215608,0.01779635378051525,-0.0050921497320304265,-0.004240781124313364,-0.008233907560806109,-0.004732896591833069,-0.007144025026041945,51356400,22733500,259410300,35948100,10343000,8083600,17554000,2138700,6069200,7723000
2024-12-18,-0.021421768297346322,-0.03756099444956251,-0.011350545416578761,-0.045987410359975445,-0.011337943023815744,-0.03352087582848595,-0.014721014891754813,-0.031692380766238704,-0.007338752404735138,-0.02421457420185824,56774100,24444500,277444500,43281400,9336100,11322400,17114500,2820700,7517100,12496000
2024-12-19,0.007014636544004471,-0.0008231332071284569,0.013730336903056806,0.012561168873593154,-0.008083001008310498,0.011242883027982042,-0.008550933007892225,-0.009673298451070234,0.0006505424521792147,-0.010635407328443591,60882300,22963700,209719200,39918700,9516700,11790800,20565600,2616700,8585200,13731700
2024-12-20,0.018815829425706143,-0.0009838271649059704,0.030762248524884184,0.00729994595290151,0.00619863831085854,0.01991763102030708,0.0034120323745499004,0.015733949835871064,-0.006678929730901562,0.02723235621331832,147495300,64263700,306528600,88279200,17702800,32348400,40141200,5142000,21999300,27547500
2024-12-23,0.0030649380938103654,-0.00309214147243031,0.03689681224631136,0.0006224408269079884,0.005537419223435203,0.0033249045581884573,0.004061497169764561,-0.001775817567518434,0.0002975636036377516,0.011441372641976422,40858800,19152500,176053500,28070000,8720800,8611500,12285100,1804900,6983900,7509000
2024-12-24,0.01147820937438282,0.009373935224720853,0.0039379685270666265,0.017728630305015702,0.003992665895391712,0.016443607918763092,0.000940751258551753,0.005966180705813562,0.0049372665756881595,0.005793958983595582,23234700,7164500,105157000,15007500,3164100,3729100,7807000,886000,2460800,3001800
2024-12-26,0.003175629272296643,-0.00277699123870756,-0.0020682545779533434,-0.00873171784917226,-0.0018513058247080494,0.003425282748519054,0.0008458361545067294,-0.0012243208251520032,0.007221507811449035,-0.007406432469933666,27237100,8194200,116205600,16146700,4656300,4451800,9652400,1097900,3629400,4503800
2024-12-27,-0.013242202847801088,-0.01730158602307752,-0.020867528934809587,-0.014534256804240364,-0.003640458975843308,-0.008102230061472926,-9.387782570413616e-05,-0.006156026073117049,-0.0037024959034247518,-0.003592580954818181,42355300,18117700,170582600,27367100,5588300,5730200,11943900,1245800,4367900,5458100
2024-12-30,-0.01326336148267826,-0.01323957480949911,0.0035033460575160102,-0.010949707031249978,-0.01178920813969242,-0.007670921548855736,-0.006761899873838462,-0.0050702703280974815,-0.0143926597998566,-0.004853616138002725,35557500,13158700,167734700,28321200,6268700,5723800,11080800,1422200,4354500,8399000
2024-12-31,-0.007057864335583752,-0.007838348578699805,-0.023274362158217543,-0.008630834323407832,0.00892989132638844,0.0016296043288916984,0.017114213650135435,-0.0006888455828715223,0.0033514407680297342,-0.0009756101810622919,39480700,13246500,155659200,24819700,5811400,4871000,12387800,1168100,3957600,6216500
