Price,Close,High,Low,Open,Volume
Ticker,MSFT,MSFT,MSFT,MSFT,MSFT
Date,,,,,
2020-01-02,152.79115295410156,152.8957919815714,150.61277712866274,151.0408405992013,22622100
2020-01-03,150.8886260986328,152.15380170810275,150.35592363465673,150.60326014654098,21116200
2020-01-06,151.27859497070312,151.34519001394506,148.8814201698209,149.4236443274812,20813700
2020-01-07,149.89930725097656,151.8874339140462,149.65198528111424,151.55450216789137,21634100
2020-01-08,152.28697204589844,152.96237197756489,150.25127940622974,151.18350868587726,27746500
2020-01-09,154.18946838378906,154.3131366188501,153.18113681650973,153.95165378716467,21385000
2020-01-10,153.4760284423828,155.26439889865875,153.32382361311434,154.883901340539,20725900
2020-01-13,155.3214569091797,155.34999349749867,153.39991104375198,153.87554020246824,21626500
2020-01-14,154.22752380371094,155.6258747654675,153.83750438933242,155.42610412162335,23477400
2020-01-15,155.2263641357422,155.94932992763327,154.6461103512771,154.69366166701423,21417900
2020-01-16,158.07058715820312,158.13718220524274,156.03489501300612,156.33930463081663,23865400
2020-01-17,158.9552764892578,159.30723743482343,157.36666226753334,159.25967161419416,34371700
2020-01-21,158.384521484375,159.99215048130927,158.31792643003993,158.5557410268633,29517200
2020-01-22,157.62351989746094,159.32628062584678,157.60449066453182,159.2406563351917,24138800
2020-01-23,158.5937957763672,158.66989818737443,157.2144740501068,158.08963000411373,19680800
2020-01-24,156.9956817626953,159.3643204314718,156.43444278382523,159.34529119903766,24918100
2020-01-27,154.37020874023438,155.41659876422113,152.39158956809186,153.2952821260526,32078100
2020-01-28,157.39523315429688,157.68059908383785,155.12172598695543,155.79711137360556,24899900
2020-01-29,159.84942626953125,160.52482599812998,157.61397814243833,159.65917752691357,34754500
2020-01-30,164.35845947265625,165.56656195685642,162.4654496363941,165.56656195685642,51597500
2020-01-31,161.93272399902344,163.99695312073845,161.3144118044504,163.81622620551641,36142700
2020-02-03,165.88047790527344,165.9946242914875,162.0944582585598,162.12299485511332,30107000
2020-02-04,171.3406524658203,171.83531088100904,167.7163604089728,168.50590659560362,36433300
2020-02-05,171.1314239501953,175.2218390152504,169.71405786275008,175.0601267878599,39186300
2020-02-06,174.67959594726562,174.8603373773768,171.2835962721511,172.14924495581388,27751400
2020-02-07,174.92691040039062,176.5821052778127,173.58563254360297,173.937608029494,33529100
2020-02-10,179.50247192382812,179.63564753016698,174.31811612092304,174.63203316051872,35844300
2020-02-11,175.45010375976562,181.404976191026,174.55591853044396,181.35741036743522,53159900
2020-02-12,175.70697021484375,176.79140436308234,172.9863702267991,176.5345604946683,47062900
2020-02-13,174.75572204589844,177.15288324309913,173.95665379844402,174.15642448907118,35295800
2020-02-14,176.31576538085938,176.3728385673503,173.74735586834763,174.3181167633619,23149500
2020-02-18,178.10406494140625,178.55115744712026,176.45839235455028,176.56303133493117,27792200
2020-02-19,178.63827514648438,179.4967403235362,177.8656535761982,179.38228218118198,29997500
2020-02-20,175.9102325439453,178.60964847032747,172.74343619825413,178.32348857919536,36862400
2020-02-21,170.34927368164062,175.03271382255443,169.07110912832576,174.7179393481353,48572600
2020-02-24,163.00453186035156,166.49565003976593,155.69798779428405,160.0285043262644,68311100
2020-02-25,160.31468200683594,166.77228055874716,159.91404943605284,166.16181293118208,68073300
2020-02-26,162.31781005859375,165.26522408017428,160.44825887950762,161.87904408082238,56206100
2020-02-27,150.8810272216797,159.32266379801655,150.69025881613402,155.783864027851,93174900
2020-02-28,154.5343475341797,156.15591587021606,144.9862454270017,145.37733024003168,97012700
2020-03-02,164.81689453125,164.94090056106432,154.8204802848911,157.68205041514142,71030800
2020-03-03,156.91896057128906,166.9249225999731,154.7727829950037,165.7802974702272,71677000
2020-03-04,162.6802520751953,162.8233247486236,157.9777312943237,160.71530973506168,49814400
2020-03-05,158.59774780273438,162.98547961930032,158.0445092042918,158.38789817730108,47817300
2020-03-06,154.1146240234375,155.5835568422293,148.8016355622982,155.10662852311938,72821100
2020-03-09,143.66990661621094,150.4709102604469,143.07852005747728,144.03237685786044,70419300
2020-03-10,153.49461364746094,153.59953846338823,145.53945250980186,150.86197447696378,65354400
2020-03-11,146.5409698486328,150.42315799930853,144.17539539298528,149.8794673957848,56371600
2020-03-12,132.643310546875,146.38838910499453,132.18546340559118,138.59538160235746,93226400
2020-03-13,151.50106811523438,154.43894862787204,134.23625525895997,140.69386947918466,92727400
2020-03-16,129.17127990722656,142.45851206167876,128.77066181702637,133.53994558802734,87905900
2020-03-17,139.80677795410156,140.69385766362416,128.77064938704584,133.53993269767716,81059800
2020-03-18,133.92144775390625,139.26305001470453,128.78970964370785,131.63219795910427,81593200
2020-03-19,136.1248779296875,143.22155860648684,132.58606363997856,136.18210699531306,85922700
2020-03-20,131.01220703125,140.3123086824431,129.59095548794107,139.26306062299406,84866200
2020-03-23,129.70542907714844,134.0836423608826,126.40509306902422,130.6879003068529,78975200
2020-03-24,141.4951171875,142.69698609572353,134.7513570384569,137.11691787677145,82516700
2020-03-25,140.14065551757812,147.20873871617403,137.77509445530214,142.03883600880647,75638200
2020-03-26,148.9065704345703,149.4311945319734,141.52371431628413,141.55232885298807,64568100
2020-03-27,142.79234313964844,147.742861674162,142.3154147961261,144.74775225902962,57042300
2020-03-30,152.83644104003906,153.1893778840761,143.08802528988713,145.40590442813732,63420300
2020-03-31,150.43275451660156,157.17651417379767,149.3358105207715,152.04476019890492,77927200
2020-04-01,145.0911102294922,150.47086021209827,143.86064177033379,145.94004191728072,57969900
2020-04-02,148.0957489013672,148.30559848717152,143.4218580641494,144.85264275570927,49630700
2020-04-03,146.7317657470703,150.11795966237685,145.16744147090267,147.94316773099004,41243300
2020-04-06,157.6438751220703,158.8171145960234,150.30871596903418,152.92228813961418,67111700
2020-04-07,155.946044921875,162.15564710973868,155.7266473905198,161.76456235005216,62769000
2020-04-08,157.5103302001953,158.97926282196207,155.9555394309349,158.0254063116811,48318200
2020-04-09,157.51992797851562,159.64702479147812,155.79344931722983,158.68363456159136,51385100
2020-04-13,157.87277221679688,157.93001582844096,154.81090123241665,156.7663098214764,41905300
2020-04-14,165.68487548828125,165.7325712254723,160.24789620649983,161.2017527315385,52874300
2020-04-15,163.94888305664062,165.5609030982997,161.4307021228073,163.30025297649564,40940800
2020-04-16,168.8707733154297,169.09970414895645,164.92180740395108,166.2572154341446,50479600
2020-04-17,170.35877990722656,171.69417321031753,167.75474113415606,171.21724495139998,52765600
2020-04-20,166.98214721679688,170.50188067672113,166.91538481798173,168.47970918298162,36669600
2020-04-21,160.0762176513672,165.65626989096575,158.44511650151756,165.49411601952747,56203700
2020-04-22,165.51318359375,165.9710306374352,162.93777396031504,163.48146459568588,34620200
2020-04-23,163.5100555419922,166.98209211142236,163.023594037911,166.0759314800431,32790800
2020-04-24,166.49566650390625,166.50519982987552,162.83286078364466,164.12055841490894,34277600
2020-04-27,166.0187530517578,168.73723577485046,165.30336056336014,168.44154254173102,33194400
2020-04-28,161.9744110107422,167.56401210037632,161.57379292571434,167.48770181446167,34392700
2020-04-29,169.2427978515625,169.48126204143713,163.94890448010514,165.22706904470533,51286600
2020-04-30,170.9406280517578,172.07570504941066,168.09812523093373,171.6941682751217,53875900
2020-05-01,166.51475524902344,170.3969440799021,165.98058332194304,167.68799480298716,39370500
2020-05-04,170.58773803710938,170.7403586105594,165.78030641102487,166.43846989866657,30372900
2020-05-05,172.41909790039062,175.1757426383778,171.5987807177355,172.28555857087446,36839200
2020-05-06,174.1169891357422,175.70039469195763,173.24899063260753,173.67822322069787,32139300
2020-05-07,175.12808227539062,176.0342431587368,174.1551444420004,175.67177298351953,28316000
2020-05-08,176.15821838378906,176.46345946208552,174.8991353225554,176.44437825601807,30877800
2020-05-11,178.12318420410156,178.8576432963309,174.41268266477525,174.69882799697035,30892700
2020-05-12,174.08837890625,178.40934853898727,173.88807715237897,178.18043224884894,32038200
2020-05-13,171.4557647705078,175.5573520403529,168.39387794967575,174.1265667988744,44711500
2020-05-14,172.19973754882812,172.35235810390702,167.573527036543,169.34770096391762,41873900
2020-05-15,174.7083740234375,178.4284088494527,168.8326140197911,170.79755623838867,46610400
2020-05-18,176.37762451171875,177.6080931015087,175.4714636674925,177.17886054947482,35264500
2020-05-19,175.15667724609375,177.98963227197413,175.02313791561804,176.4920705508508,26799100
2020-05-20,177.58624267578125,177.76798251744347,175.94103881842096,176.77320062473433,31261300
2020-05-21,175.4531707763672,178.5522781187159,175.31925954155625,177.33750253456887,29119500
2020-05-22,175.5297393798828,176.4384386338719,174.6019203696662,175.22366273267104,20826900
2020-05-26,173.6741180419922,178.3897213651275,173.22455564626833,178.23667574206536,36073600
2020-05-27,173.9036865234375,174.07586651268787,168.9202602379732,172.36369947539364,39517100
2020-05-28,173.511474609375,176.14188569664367,172.53584173284602,172.88018704080682,33810200
2020-05-29,175.28103637695312,176.2566838857437,172.56454250840076,174.78364544763582,42130400
2020-06-01,174.87933349609375,175.0419390104129,173.5689149073107,174.6019364576636,22622400
2020-06-02,176.86886596679688,176.95494865517844,173.46368118196705,176.23756372819798,30794600
2020-06-03,177.29930114746094,177.85408059810635,175.5967086864473,176.78279040112724,27311000
2020-06-04,174.96542358398438,177.7584408680875,174.37238996609355,176.2854167027589,28761800
2020-06-05,179.05923461914062,179.56618535267197,174.09492970472004,174.67840323136204,39893600
2020-06-08,180.16883850097656,180.3505783558799,176.41930826771952,177.8540781598184,33211600
2020-06-09,181.54620361328125,182.40705963306385,179.11665197439055,179.82447697848326,29783900
2020-06-10,188.28009033203125,189.8870404009413,182.7036155717765,182.81840710220746,43872300
2020-06-11,178.16969299316406,187.2469926537874,177.97839329890004,184.73137321351481,52854700
2020-06-12,179.5758056640625,183.3827243729169,177.12711944513842,182.25403113045203,43373600
2020-06-15,180.72360229492188,182.52185174111463,176.00798473503326,176.55320425253194,32770200
2020-06-16,185.15225219726562,187.074838319926,183.13400892422672,184.5018156842018,42556700
2020-06-17,185.79315185546875,187.78270130526218,185.26706661233482,186.54879095361756,25687800
2020-06-18,187.7826690673828,187.94527455184777,185.56355154831002,185.56355154831002,23061600
2020-06-19,186.6635284423828,190.6234921523023,185.9174493807481,189.9539358912496,44441100
2020-06-22,191.8478546142578,192.02957985760585,186.74006316475052,187.27570820778914,32818900
2020-06-23,193.12957763671875,195.08085808140584,192.67044080660077,193.3017430015885,30917400
2020-06-24,189.23660278320312,194.41134364962414,188.01226682968291,192.83310241750013,36740600
2020-06-25,191.6278839111328,191.88614660617344,186.96966849722105,189.1983463875861,27803900
2020-06-26,187.792236328125,191.19742094899755,186.40529512178978,191.04437533575467,54675800
2020-06-29,189.81045532226562,189.89653799542725,185.13310700914596,187.26612706157152,26701600
2020-06-30,194.65997314453125,195.51126920842944,189.14090313930907,189.27481438772347,34310300
2020-07-01,195.79824829101562,197.3765038214657,192.99567163260693,194.3060900405778,32061200
2020-07-02,197.29037475585938,198.97384705044735,196.08517357742267,196.73559544016385,29315800
2020-07-06,201.53733825683594,201.94864654263486,199.040838097948,199.74866315512804,31897600
2020-07-07,199.1938934326172,205.33470702734704,198.94520523051517,201.29821975991723,33600700
2020-07-08,203.57472229003906,203.98601599302182,199.61475791106196,200.93475090246577,33600000
2020-07-09,204.99989318847656,206.97030782569425,202.27382503412377,206.9224792519767,33121700
2020-07-10,204.37818908691406,204.77036303130967,201.90082321516783,204.33036050426486,26177600
2020-07-13,198.06521606445312,206.41557308795694,197.5199964776641,205.15296852606744,38135600
2020-07-14,199.28952026367188,199.76777683776734,193.2443501613937,197.16605990706944,37591800
2020-07-15,198.9929962158203,202.13993276195455,196.1138967886028,200.44690034098457,32179400
2020-07-16,195.0521697998047,196.75476212650338,193.5121829655173,196.46780524774036,29940700
2020-07-17,194.0574188232422,196.1234764146672,192.63220878244547,195.57827143485213,31635300
2020-07-20,202.3982391357422,203.0677955896078,194.18177802433257,196.08524492446972,36884800
2020-07-21,199.6721649169922,204.63647161591462,198.9834741266656,204.36864904136937,37990400
2020-07-22,202.5416717529297,203.0677569362697,199.32778679089205,200.10256015397763,49605700
2020-07-23,193.73219299316406,201.7477789369592,193.35915339838218,198.17998849504676,67457000
2020-07-24,192.54611206054688,194.03827033266543,188.92091882190928,191.7043757654099,39827000
2020-07-27,194.98519897460938,195.09997587478225,192.1252195850394,192.70869315297068,30160900
2020-07-28,193.23477172851562,195.79821971379656,192.96694924035884,194.75562398524113,23251400
2020-07-29,195.18609619140625,195.75043551973067,193.225241062325,193.69393782047123,19632600
2020-07-30,195.0330047607422,195.56866432792268,190.89131610433466,192.25912275804677,25079600
2020-07-31,196.0947723388672,196.18086962208122,190.35569294976955,195.51129868383293,51044000
2020-08-03,207.12335205078125,208.17552235881027,201.2886305655481,202.32166652382227,78983000
2020-08-04,204.01467895507812,205.43032889520754,201.16427391602974,204.8564151794543,49280100
2020-08-05,203.679931640625,205.65034657959205,202.36951317242983,205.55468941750803,28806400
2020-08-06,206.94161987304688,206.9607396269282,202.35035396639807,203.10599291120556,32656800
2020-08-07,203.2399444580078,206.31991849043197,201.75734590528123,205.50689093232924,27820400
2020-08-10,199.1938934326172,202.66604135956476,197.37652401250227,202.46516714596478,36716500
2020-08-11,194.53564453125,198.6199450768943,194.30607612637849,198.15126298539235,36446500
2020-08-12,200.09300231933594,201.1355982236345,195.8460812980744,196.36259201366113,28013100
2020-08-13,199.624267578125,202.15903587919007,199.09818248958464,200.3320924786366,22588900
2020-08-14,199.8156280517578,200.47562458222757,198.48607511183866,199.68171676986793,17958900
2020-08-17,201.13560485839844,202.00603541795837,199.834746255779,200.48518285470567,20184800
2020-08-18,202.29299926757812,203.12516115245592,200.1121501522033,201.37474009494085,21336200
2020-08-19,201.0656280517578,203.36681715599096,200.63415966674862,202.78193323793082,27627600
2020-08-20,205.7447509765625,206.14745587889678,200.3082128492784,200.91226288752276,26981500
2020-08-21,204.24899291992188,207.345994897453,204.08599435589545,205.0544027529399,36249300
2020-08-24,204.8914031982422,206.64605544559268,203.6832738240419,205.94610236575727,25460100
2020-08-25,207.55694580078125,207.6911807782171,204.3257087243152,204.3257087243152,23043700
2020-08-26,212.04421997070312,212.9455181391844,208.41027833727762,208.90887161504648,39600800
2020-08-27,217.25064086914062,221.63246493551068,210.36626752363242,213.7125731282729,57602200
2020-08-28,219.48472595214844,221.14348979856285,217.25066101319578,218.78477287577354,26292900
2020-08-31,216.24388122558594,219.28335584643918,215.0741131215965,217.65335566841725,28774200
2020-09-01,217.91229248046875,218.08487406128378,215.18921672885457,216.2247501052965,25725500
2020-09-02,222.1118927001953,223.27207784363668,217.988955284057,218.58342233595312,34080800
2020-09-03,208.35275268554688,219.86823993863055,206.1091048649001,219.82989336183493,58400300
2020-09-04,205.42835998535156,209.3691333105479,196.7414034395723,206.24336749911004,59664100
2020-09-08,194.31552124023438,201.3820583805474,193.87445520468776,197.99740654801263,52924300
2020-09-09,202.59027099609375,205.99410507790293,198.18926464694275,199.05221653515116,45679000
2020-09-10,196.91395568847656,205.8981590864597,195.705841025255,204.61332200974817,35461500
2020-09-11,195.62911987304688,200.03972199442825,192.9540037906894,198.6685942420134,33620100
2020-09-14,196.9523468017578,200.5862889601672,195.62916294789403,195.83052273759688,30375800
2020-09-15,200.18357849121094,201.14240395179937,198.40974553691618,199.83840074017849,21823900
2020-09-16,196.607177734375,201.97659192083626,196.21405575598746,201.94782832539485,26328100
2020-09-17,194.55528259277344,195.9168130252524,191.72675033928823,191.813041121579,34011300
2020-09-18,192.1390380859375,195.26480389569204,188.16950116879477,194.4498110128883,55225300
2020-09-21,194.2004852294922,194.36349841827462,188.29413203216168,189.0707782458869,39839700
2020-09-22,198.87954711914062,199.53155594788726,193.7594233959086,196.61671876733763,33517100
2020-09-23,192.330810546875,199.53159967797666,191.79387058817846,199.3398228665708,30803800
2020-09-24,194.82374572753906,197.10575498266016,190.9980269111035,191.62127223255618,31202500
2020-09-25,199.26309204101562,200.4328455125299,194.20048071309097,195.16890368391725,29437300
2020-09-28,200.81640625,203.81753461508967,199.49322243628995,202.19711725030342,32004900
2020-09-29,198.72610473632812,201.42041582509552,198.29463632449017,200.73006051395026,24221900
2020-09-30,201.66970825195312,203.25176399685245,198.03575251157926,199.17675685279673,33829100
2020-10-01,203.71206665039062,205.17906845521924,202.6190061952141,204.69965571820293,27158400
2020-10-02,197.7002410888672,202.30260662222756,197.0769957074911,199.43571298113767,33154800
2020-10-05,201.71771240234375,201.74647599676422,198.4576969397012,198.68782032558104,21331600
2020-10-06,197.43173217773438,201.52590590584774,196.38661605306922,200.2219174695407,28554300
2020-10-07,201.19036865234375,201.4588386382245,198.20842058083093,198.53441775932657,25681100
2020-10-08,201.9094696044922,202.49435372750264,199.74252930524,201.84234479881962,19925800
2020-10-09,206.9241180419922,206.9720622405995,202.5326957249404,202.5326957249404,26458000
2020-10-12,212.28395080566406,214.64266787262275,207.88294545944655,209.78141577203766,40461400
2020-10-13,213.683837890625,215.93708352416328,211.35388446631572,213.54960291440455,28950800
2020-10-14,211.7661590576172,214.98781269213254,210.10739536389897,213.81804464069754,23421700
2020-10-15,210.61558532714844,211.286760163365,207.1158639310317,208.16099470869122,22733100
2020-10-16,210.61558532714844,213.13728611397025,210.28958821105957,211.08540039724295,26057900
2020-10-19,205.3995819091797,213.14689303076904,204.92016920089208,211.34429656584294,27625800
2020-10-20,205.8118896484375,208.41989620328016,204.31612419532522,206.914547762064,22753500
2020-10-21,205.95570373535156,207.98840894984195,204.3448694172439,204.3448694172439,22724900
2020-10-22,206.04196166992188,207.16378548007785,202.9833067179649,205.12148297336407,22351500
2020-10-23,207.32681274414062,207.37475694038199,204.38322636550816,206.17622518692104,18879600
2020-10-26,201.43002319335938,207.4322643762984,199.531553173154,205.0447987142182,37111600
2020-10-27,204.46954345703125,205.8310739485392,201.66977467625932,202.87788957225516,36700300
2020-10-28,194.334716796875,200.24108452138293,193.77861096334297,199.11926060668324,51195600
2020-10-29,196.29075622558594,198.82205494353832,194.99633595698424,195.6675255069353,31432600
2020-10-30,194.13339233398438,195.87844706580935,191.40073391687426,195.12098138875402,36953700
2020-11-02,193.99913024902344,196.82766203875832,191.88011983803784,195.87841969764497,30842200
2020-11-03,197.93031311035156,199.55073031837892,194.75660349250577,195.49490312023417,27512000
2020-11-04,207.48020935058594,209.33074981660755,203.6736716791737,205.20779803554873,42311800
2020-11-05,214.0961456298828,214.89197257348812,212.04425958594837,212.8976137203296,36080100
2020-11-06,214.50843811035156,215.12208583391666,209.05271877417096,213.1085464685072,25231900
2020-11-09,209.39788818359375,218.72725565955997,208.90889247401392,215.19878504738315,44395000
2020-11-10,202.32174682617188,207.585703654654,201.08486847045984,205.66805281257865,44045100
2020-11-11,207.63365173339844,209.06229227392265,203.4627552217062,203.64493439599147,29440800
2020-11-12,206.56932067871094,210.0882077008986,205.62967600078795,208.26644552097468,21593900
2020-11-13,207.59530639648438,208.4678411239819,205.34207522093908,207.45148842184906,18621100
2020-11-16,208.2855987548828,208.7746089813401,205.68719059789177,206.0227706470855,24953300
2020-11-17,205.62969970703125,208.71710400471295,205.26534137683592,207.20217276240635,24154100
2020-11-18,202.91876220703125,206.8506221043053,202.77455303589352,205.3893875825999,28372800
2020-11-19,204.20693969726562,204.79335509566087,201.81320838208123,203.2071569644837,24792700
2020-11-20,202.25540161132812,205.04326905705003,201.88048130423013,203.99541674603475,22843100
2020-11-23,201.98623657226562,204.0819412748359,200.111634964733,202.79375500799998,25683500
2020-11-24,205.5912628173828,205.9661831708243,200.7845840969435,201.48635508285824,33979700
2020-11-25,205.60086059570312,206.9659555236733,204.24538841273622,206.79292213943785,21012900
2020-11-27,206.9082489013672,207.90804610038143,205.76425723557998,206.54295136260353,14512200
2020-11-30,205.79315185546875,206.45646120377745,202.6880268091678,205.82199075457697,33064800
2020-12-01,207.8503875732422,208.91747073268834,205.10096702441447,206.21610523136007,30904500
2020-12-02,207.04283142089844,207.13897084282664,204.57220670055946,206.57178639237256,23724500
2020-12-03,205.95657348632812,208.0138313758631,205.38937425344153,206.3122630148417,25120900
2020-12-04,206.07191467285156,207.0524811628778,204.93753095520978,205.93732826589252,24666000
2020-12-07,206.00460815429688,207.20627770612253,204.7548835554524,206.08151676587187,24620000
2020-12-08,207.65809631347656,208.56175411856142,204.6587339551668,205.69697815661644,23284100
2020-12-09,203.61090087890625,206.90827523519087,203.0437163456567,206.840989365072,32440600
2020-12-10,202.38038635253906,204.84140328420904,202.2265691271052,203.58205592220745,26733300
2020-12-11,205.01443481445312,205.07212727508463,201.02489774661876,201.9285556018802,30979400
2020-12-14,205.9180908203125,207.85038484162237,204.6491354053555,204.86063041931797,28798400
2020-12-15,205.85079956054688,207.09091604736759,204.03387583824556,206.8505821440536,27000600
2020-12-16,210.80169677734375,211.5996071900063,206.41800821476036,206.44684711302847,35023300
2020-12-17,210.93626403808594,212.34942860017748,209.494260580345,211.36886214164468,32515800
2020-12-18,210.13833618164062,211.19581116336445,207.66771142443713,210.13833618164062,63354900
2020-12-21,213.98370361328125,215.33919043070517,208.87901354427856,209.1385782828704,37181900
2020-12-22,215.28155517578125,216.9062151287613,213.27236674572168,214.07988534888136,22612200
2020-12-23,212.47439575195312,214.9161816910204,212.26290074910276,214.48358361021448,18699600
2020-12-24,214.1375274658203,214.96427675569586,212.6474541950329,212.85894922282563,10550600
2020-12-28,216.26205444335938,217.29067586673193,214.39706110640023,215.77176391878393,17933500
2020-12-29,215.48338317871094,218.3962290665934,214.93542947811645,217.55987173308796,17403200
2020-12-30,213.10887145996094,216.90615886299983,212.90699919594755,216.5216158168502,20272300
2020-12-31,213.82028198242188,214.3778584417663,211.18621691630892,213.12811911349903,20942100
2021-01-04,209.27317810058594,214.37786849670263,206.50452649503688,213.92603952860762,37130100
2021-01-05,209.47500610351562,210.07104410686514,207.36007087143997,208.85975195111516,23823000
2021-01-06,204.04351806640625,208.11958702963867,203.74550632342644,203.9666094442147,35930700
2021-01-07,209.8499755859375,210.85938106284232,205.44707073489354,205.76429862560525,27694500
2021-01-08,211.12852478027344,212.0514134324191,208.6386690377971,210.2248669478522,22956200
2021-01-11,209.08090209960938,210.4459970034863,208.35027759554967,210.02300695772928,23031300
2021-01-12,206.61984252929688,208.70595357942517,205.0721063772926,208.12914638243228,23249300
2021-01-13,207.975341796875,208.37910099174917,205.6585194623859,205.7450508153582,20087100
2021-01-14,204.78372192382812,209.0520545079318,204.51454911841776,207.5619813337417,29480800
2021-01-15,204.42800903320312,206.21609383211361,203.8319856565053,205.2643809782016,31746500
2021-01-19,208.07147216796875,208.59058691911966,204.4087860099995,205.4854771494631,30480900
2021-01-20,215.666015625,217.05994925074904,208.8885970053319,209.28274810474443,37777300
2021-01-21,216.2716827392578,217.55026091629355,213.82027389362747,216.01211800602644,30709400
2021-01-22,217.21376037597656,221.17447273995552,217.0695659137997,218.30007422042925,30172700
2021-01-25,220.6553955078125,220.89572944747323,215.55070497642953,220.26124432625218,33152100
2021-01-26,223.3470916748047,225.1255536536203,221.18408667197366,222.89526278959687,49169600
2021-01-27,223.89508056640625,231.1435600205835,221.2417992926183,228.79789854562574,69870600
2021-01-28,229.69192504882812,233.25848684590053,226.0003995892036,226.5002982458668,49111200
2021-01-29,222.99142456054688,228.8171162716666,222.40500922536845,226.8656060692636,42503100
2021-02-01,230.3840789794922,233.1238914058092,223.44323452371898,225.97155193690466,33314200
2021-02-02,230.24949645996094,232.9412392161706,229.4612088540299,231.97029548956272,25916300
2021-02-03,233.6045684814453,235.61375651700394,230.00916778453657,230.30719416490047,27158100
2021-02-04,232.65281677246094,233.8352700889591,231.0762270192801,233.27769369628558,25296100
2021-02-05,232.8354949951172,233.8737392729773,231.1243186859083,232.8643338915451,18054800
2021-02-08,233.0950469970703,234.2582548729624,231.4992263607579,233.7487481721473,22211900
2021-02-09,234.34478759765625,235.29650047098852,232.04719605846225,232.51824112301904,23565000
2021-02-10,233.4315185546875,236.41165012771697,231.57613320998735,235.5272231317253,22186700
2021-02-11,235.03695678710938,235.67142716359078,232.78742023275922,235.3157376694766,15751100
2021-02-12,235.5176544189453,235.81566615917376,233.34502620134742,234.49862618593036,16561100
2021-02-16,234.27748107910156,236.6135341978641,233.5276404900709,235.5560591780429,26728500
2021-02-17,235.2988739013672,235.40486497453526,232.15770663695596,232.5238602901919,21653500
2021-02-18,234.90379333496094,235.0386897154469,232.08059954957508,232.98633869109634,16925600
2021-02-19,232.1865997314453,234.97125810430992,231.4253871453351,234.86526703672254,25262600
2021-02-22,225.9620361328125,229.25737436114906,223.9289456662029,228.76596930430472,36446900
2021-02-23,224.7672576904297,226.27039297069203,220.3927335259712,221.93441903027252,30228700
2021-02-24,226.0006103515625,226.62691184556778,220.65290597795175,221.6260859908562,26339700
2021-02-25,220.64328002929688,226.0391502353063,219.57373913394193,223.6206454640999,39542200
2021-02-26,223.9097137451172,226.79071832129497,221.1732210595006,223.09069051024048,37819200
2021-03-01,228.303466796875,228.81414695837077,224.65160522398833,227.30136688188594,25324000
2021-03-02,225.34539794921875,228.6503815688465,224.94070877790585,228.3709438798375,22812500
2021-03-03,219.26539611816406,225.0659701891596,218.97632822975632,223.69773120014005,34029500
2021-03-04,218.4656524658203,224.01570898842058,216.08568317000322,218.47529737394672,44727800
2021-03-05,223.1581268310547,224.7672531409502,218.20548172968094,221.15394159707046,41872800
2021-03-08,219.10159301757812,224.8636168253928,218.85107535727434,222.9365171850772,35267400
2021-03-09,225.25868225097656,226.80036788855628,223.22559148393768,224.39149326896538,33080500
2021-03-10,223.94822692871094,228.36128646522027,223.58207332574838,228.36128646522027,29746800
2021-03-11,228.486572265625,230.45220741847595,225.7693547309097,226.39567093202942,29907600
2021-03-12,227.15687561035156,227.22433115664796,224.72872588794664,225.48029358968563,22653700
2021-03-15,226.25112915039062,226.61728278402174,223.3604797125114,226.3956704438466,26034900
2021-03-16,229.04542541503906,231.30975858381365,227.33993818218457,227.66754157982132,28092200
2021-03-17,228.39984130859375,229.8548109365538,224.72871887180514,227.54228256273657,29562100
2021-03-18,222.3102264404297,225.65374565437574,221.93444258048842,224.0831546666858,34833000
2021-03-19,221.95370483398438,223.99642572837095,220.99015502303175,222.59928144301026,46430700
2021-03-22,227.3881072998047,228.26492638484754,221.7513354679177,221.87660163832476,30127000
2021-03-23,228.920166015625,232.26368503825154,228.42876090462175,228.8334500612015,31638400
2021-03-24,226.87744140625,229.3248514186312,226.7425450229314,229.18032483029094,25620100
2021-03-25,223.8711700439453,228.3035052631716,223.12924724060233,226.72328408722728,34061900
2021-03-26,227.86026000976562,228.08188705685933,223.10996639827545,223.10996639827545,25479900
2021-03-29,226.66542053222656,228.1685556044546,223.42789318335048,227.9662037127621,25227500
2021-03-30,223.39903259277344,225.32613224092293,222.67637022471735,225.01778923996932,24792000
2021-03-31,227.17613220214844,230.38475468378886,223.91932929173933,224.42037928624902,43623500
2021-04-01,233.5163116455078,233.98844166156687,229.37304435678317,229.7777335288069,30338000
2021-04-05,239.99134826660156,240.8489069737812,233.85352623404805,233.9113368678305,36910600
2021-04-06,238.82545471191406,240.30931493909185,237.88118002189182,238.58456726121224,22931900
2021-04-07,240.7910614013672,241.78351640483447,238.17984997761982,238.7772460799706,22719800
2021-04-08,244.01898193359375,244.87654065021187,242.81454470786034,243.55648215564094,23625200
2021-04-09,246.52418518066406,246.65908154429715,243.2384773275852,243.65279662210082,24326800
2021-04-12,246.58203125,248.27788829668532,245.3390437825906,245.42577443800744,27148700
2021-04-13,249.0679473876953,249.7424439258147,247.46845139018006,247.8828001005576,23837500
2021-04-14,246.273681640625,249.39557347884994,245.85936229769126,248.0948048163931,23070900
2021-04-15,250.04116821289062,250.45548756154315,248.33569568609872,248.52838799920875,25627500
2021-04-16,251.23599243164062,251.48652481622034,248.2104610253268,250.01229464005777,24878600
2021-04-19,249.30886840820312,251.9490148829156,248.42241904999537,250.70602739466509,23209300
2021-04-20,248.84634399414062,250.71563268239618,247.47809054198993,248.4223797923588,19722900
2021-04-21,251.081787109375,251.1781479677926,247.87317930102822,249.5015807711074,24030400
2021-04-22,247.7960968017578,252.23804693896332,246.32185218965753,250.72526680683916,25606200
2021-04-23,251.63099670410156,251.97788988464308,247.89241918659303,248.4801997906317,21462600
2021-04-26,252.0164337158203,252.8740071362848,250.6867597170553,252.12243948254556,19763300
2021-04-27,252.42111206054688,253.59664385201205,250.638539262928,252.04531356904113,31014200
2021-04-28,245.28123474121094,247.18907393112897,243.72991897507123,246.74581985137027,46903100
2021-04-29,243.3059539794922,246.76510892515492,239.92389948451506,246.14843764309805,40589000
2021-04-30,242.9879608154297,243.855164383146,240.50201548140788,240.63691185381683,30945100
2021-05-03,242.67965698242188,245.0789013145946,241.9666248264187,244.16351722830558,19626600
2021-05-04,238.7579803466797,242.0533333507918,236.8019755773851,241.82207612341142,32756100
2021-05-05,237.48611450195312,240.40566914745548,236.85981302850186,239.98170489353652,21901300
2021-05-06,240.6272430419922,240.7525091977138,235.77095941511286,237.46680145729601,26491100
2021-05-07,243.25779724121094,245.0307254048169,242.01480972352581,242.95908444287628,27032900
2021-05-10,238.1702423095703,242.55439702053783,238.1124316716074,241.72574357032727,29299900
2021-05-11,237.25485229492188,237.61137570239922,233.7282713620621,235.63609576214722,33641600
2021-05-12,230.2884063720703,235.47230909481863,229.39231209908553,233.34285752909457,36684400
2021-05-13,234.1715087890625,236.6478388542154,232.62019300923683,232.9863466413085,29624300
2021-05-14,239.10484313964844,240.09729811694152,236.54181220846695,236.6285281495661,23901100
2021-05-17,236.24313354492188,237.6017422952167,234.64365204657955,237.56320677225798,24970200
2021-05-18,234.21969604492188,237.4283187651107,234.04624942898002,237.29342237609092,20168000
2021-05-19,234.79913330078125,234.90536910405467,230.4338423981237,231.11953416207322,25739800
2021-05-20,238.04415893554688,239.46384901296523,235.51383377773752,235.61041714844688,21800700
2021-05-21,236.77896118164062,239.83081250942357,236.36368516969955,239.09682910535156,21863100
2021-05-24,242.19696044921875,242.56395952418902,239.03887328396996,239.3092890013529,21411500
2021-05-25,243.10482788085938,244.09957472157194,242.23563647676897,243.1531195669874,17704300
2021-05-26,242.8826904296875,244.28306083094176,242.16801182939886,242.82473156759428,17771600
2021-05-27,240.7772674560547,242.87299660699057,240.71932333687093,242.57360883350702,24426200
2021-05-28,241.1345977783203,243.45246568643358,241.01870954070753,242.40942733826526,18270200
2021-06-01,238.9326629638672,242.6895260844274,238.5077344602041,242.63158195831664,23213300
2021-06-02,238.8360595703125,240.73863669564705,237.4260221817838,239.63765425013042,19406700
2021-06-03,237.30052185058594,237.9089499261885,234.6832657769733,236.8272869148477,25307700
2021-06-04,242.2066192626953,243.03718605552368,239.0388795729667,239.28032323673594,25281100
2021-06-07,245.12330627441406,245.3937220468196,241.26020696970167,241.42438692176543,23079200
2021-06-08,243.92575073242188,247.24801843527007,243.86779186514087,246.4271039524945,22455000
2021-06-09,244.91079711914062,246.78440235278245,244.54381276226331,245.1232687272785,17937600
2021-06-10,248.43589782714844,248.64836946011133,244.98808948598523,245.58686514076032,24563600
2021-06-11,249.06365966796875,249.64310092841745,247.82743971739598,249.16021356263965,18999700
2021-06-14,250.99517822265625,251.05312234156568,248.01090873330963,249.0732667018195,19150500
2021-06-15,249.5175323486328,251.09174979380785,248.86081263932797,250.87927818513813,18038900
2021-06-16,248.57106018066406,251.66152107900865,245.71236100804242,250.5219141753647,27220000
2021-06-17,251.97059631347656,252.79151064764056,247.24797367552839,247.30591779576557,27565500
2021-06-18,250.5508575439453,253.32262548928432,249.89413799396823,250.74402422245484,37202200
2021-06-21,253.64146423339844,254.50098856001293,249.09267275115377,250.92763914866748,26696100
2021-06-22,256.4228515625,256.69326730119366,253.41927690151593,253.72833188091008,24694100
2021-06-23,256.1910705566406,257.6976768866212,255.37982326150552,256.8864295914861,19518700
2021-06-24,257.56243896484375,258.6827410747314,256.3841927348846,257.05057958881,21446900
2021-06-25,255.94956970214844,258.10325763529636,255.6984883519577,257.1181781696989,25611100
2021-06-28,259.52288818359375,259.69672049551116,256.80906457953625,257.0794802224393,19590000
2021-06-29,262.1112365722656,262.3526802370288,258.80830374324364,259.6678278637866,19937800
2021-06-30,261.6282958984375,262.0725438985534,260.3728008868977,261.42549151385595,21656500
2021-07-01,262.304443359375,262.5362198815575,260.3728937462325,260.38253145258466,16725300
2021-07-02,268.1473388671875,268.48536590593466,263.17360506966617,263.4826600464124,26458000
2021-07-06,268.156982421875,269.8084487566481,264.9119643981238,268.5143143127748,31565600
2021-07-07,270.34930419921875,271.0833024012596,267.66445171709097,269.83744478808626,23260000
2021-07-08,267.92523193359375,269.1903944407324,265.46248874918336,267.4230102236361,24618600
2021-07-09,268.4273986816406,268.53361974213453,265.89707390763294,266.28337785876886,23916700
2021-07-12,267.8287353515625,270.1948664643227,267.1140417957607,269.605757849808,18931700
2021-07-13,271.3633728027344,273.16936668942884,267.8962453327776,268.02177128034975,26120100
2021-07-14,272.84100341796875,273.95163836113994,270.94806389988065,272.68647593854706,23113700
2021-07-15,271.41162109375,272.8409780406265,270.2526798424339,272.3484235878521,22604200
2021-07-16,271.1412353515625,274.37658635189194,269.895377789731,272.4160649742224,26186800
2021-07-19,267.5292663574219,270.7742552906223,265.05688541600085,269.3835373269348,32935600
2021-07-20,269.76019287109375,271.3537152113503,266.80492468426036,268.5143352713567,26259700
2021-07-21,271.7689514160156,271.8848396458678,267.7996321780763,269.3545150504272,24364300
2021-07-22,276.3467102050781,276.61712586719796,273.7198025703014,274.12541132693275,23384100
2021-07-23,279.7559509277344,280.0649764107566,276.69443237275715,277.5346515878261,22768100
2021-07-26,279.1571350097656,279.7752448979074,276.82964417119246,279.10885806923653,23176100
2021-07-27,276.73309326171875,279.66902715530136,273.2659655945296,279.52416684362873,33604100
2021-07-28,276.424072265625,280.2195602635999,274.1158562811447,279.0992579270903,33566900
2021-07-29,276.6944580078125,278.74189570390115,276.2888196561791,276.44334714855825,18168300
2021-07-30,275.1589050292969,276.8490109491029,274.1931302179792,275.4100159116341,20944800
2021-08-02,275.0719909667969,276.9552341796098,274.02893765754214,276.559262967125,16267400
2021-08-03,277.293212890625,277.39946342817643,274.2800006972531,275.65141366890487,17879000
2021-08-04,276.7041015625,277.7471252056278,274.90774540592605,276.42401866440616,16191300
2021-08-05,279.611083984375,279.71733452870075,276.30815097455206,277.0614540709244,13900200
2021-08-06,279.55316162109375,279.5918008650478,277.7761395496052,278.6356932572146,16589300
2021-08-09,278.4617919921875,281.57158754551716,277.9595997842777,279.8332049639728,16117600
2021-08-10,276.6365051269531,279.3503296535524,275.4389539402985,278.91571925292214,18616600
2021-08-11,277.1290283203125,278.78049460441196,276.07630808874427,277.38010967012855,13955900
2021-08-12,279.8912048339844,280.0457323456055,276.5399649505444,276.82004790742695,14561300
2021-08-13,282.8271484375,282.8754253869532,279.3986303062148,279.57249216508205,18249000
2021-08-16,284.5172424316406,284.72971405197063,280.09397764652635,283.1554965204036,22507600
2021-08-17,283.0492248535156,283.3872518796963,281.1176755303159,282.38286745226713,20075300
2021-08-18,281.3172302246094,285.2748073508947,280.87210209094656,282.584814824955,21813000
2021-08-19,287.16168212890625,287.83903054796286,279.2949260524418,279.34329542686044,29850500
2021-08-20,294.5058898925781,295.93798337909834,288.4098733313422,290.0161319700058,40817600
2021-08-23,294.7864685058594,295.51218606965,292.07713474618356,293.43180162602147,22830200
2021-08-24,292.8222351074219,295.75413329406643,292.2223132288288,295.1445257304872,18175800
2021-08-25,292.2319641113281,294.72841958967183,290.69344638765335,294.44780052423965,20006100
2021-08-26,289.4065246582031,292.63838377872025,289.2710727162614,291.24500350131405,17666100
2021-08-27,290.0161437988281,291.1289050222775,287.2196974474057,289.3097679469551,22605700
2021-08-30,293.7608337402344,294.37044130921845,291.31274730875384,291.3708023601306,16348100
2021-08-31,292.106201171875,294.64137014097446,291.73849949919145,294.56397325018554,26285300
2021-09-01,292.0578308105469,295.3090616023399,291.72884231587955,293.06416766628405,18983800
2021-09-02,291.3998107910156,293.5382504553408,290.4612148158913,292.41583318258716,16285600
2021-09-03,291.3901672363281,292.80288933755895,290.53865379574177,291.2450000815937,14747900
2021-09-07,290.46124267578125,291.34178368779095,288.54536686307154,291.26438679344585,17180400
2021-09-08,290.4902038574219,290.87724729980795,287.8389252710793,290.0741328950949,15046800
2021-09-09,287.6261291503906,292.3578229597053,287.38422323857367,291.08055265822435,19927000
2021-09-10,286.135986328125,290.20970322785337,285.81668351097755,288.7582677272122,19633400
2021-09-13,287.3744812011719,288.8743152780517,284.55869339622853,287.91634797502445,23652900
2021-09-14,290.08392333984375,291.63212719803187,288.4486368903836,289.86135925357155,21853400
2021-09-15,294.9510192871094,295.4348310648799,292.04814862048624,293.44152890282754,28356300
2021-09-16,295.3381042480469,295.4251868367225,291.02251085299673,293.9253819269781,19550800
2021-09-17,290.16131591796875,294.64141840030777,289.83232740155825,294.322115570405,41372500
2021-09-20,284.7715759277344,289.0484846659132,280.1463369138932,286.73585039423017,38278700
2021-09-21,285.2554626464844,287.90677173611795,284.54911622532234,286.1166619369012,22364100
2021-09-22,288.9131164550781,290.50003374498624,284.974909823731,287.1230359542551,26626300
2021-09-23,289.861328125,291.1579402272472,287.8970533651699,289.17432362572237,18604600
2021-09-24,289.6581726074219,290.0935855729012,287.316510162556,288.5744387428514,14999000
2021-09-27,284.6459045410156,286.87142745592587,283.4557166434828,286.552124596826,23571700
2021-09-28,274.3406066894531,281.36556281548087,273.595547218021,280.4172811458642,43186200
2021-09-29,274.8050842285156,277.48539079265004,273.8471463773085,275.8694760240385,26353700
2021-09-30,272.79248046875,278.5111104233901,272.5021756474461,276.4597529494466,32343600
2021-10-01,279.7399597167969,280.591473121402,272.18282254521546,272.9859370571118,30086300
2021-10-04,273.9439392089844,278.43372747696765,271.1765495236149,278.0950532665713,31350700
2021-10-05,279.4109802246094,280.99786745988877,274.85345213293385,274.85345213293385,24993000
2021-10-06,283.62017822265625,284.1233614627478,276.2662614750365,276.52750925233056,28002600
2021-10-07,285.3038024902344,287.03585686969717,284.4039196983198,285.62310526075913,20430500
2021-10-08,285.3038024902344,287.03585686969717,284.2490963906474,286.62944199586633,17685700
2021-10-11,284.70391845703125,288.3228214749395,283.2718248179271,283.436333832164,19298600
2021-10-12,283.3976135253906,285.87472765623266,282.8847741825881,285.7779593873109,17974100
2021-10-13,286.7164611816406,287.65505697534775,283.9877563550462,285.36179445090863,23416300
2021-10-14,292.94805908203125,293.45121274775926,288.18733774656533,289.5226631039349,27262900
2021-10-15,294.36077880859375,294.5930285619211,290.7902452200599,292.5513273292696,25384800
2021-10-18,297.341064453125,298.2312616290106,292.8899899851107,293.74150347823866,22729300
2021-10-19,298.2505798339844,299.28591445947495,297.2732707222866,298.3666899206171,17682100
2021-10-20,297.4571533203125,299.6730194754048,296.1992250118226,299.19886386495796,16537100
2021-10-21,300.6986999511719,300.9502619908337,296.44113276271713,297.2249349952262,16918100
2021-10-22,299.1505432128906,301.0180498454364,297.83455964059056,300.35038713771274,17449300
2021-10-25,298.1538391113281,299.3827103476736,296.53789484444036,299.3439971387141,17554500
2021-10-26,300.0697326660156,302.2855989210109,298.6086411478596,300.9309318219303,28107300
2021-10-27,312.7069396972656,315.5420698297333,305.769065317171,305.769065317171,52588700
2021-10-28,313.8487243652344,314.35187801269495,310.95550968613065,313.82935299410144,26297900
2021-10-29,320.8833923339844,321.2510940941188,313.4133355913374,313.6358996907698,34766000
2021-11-01,318.7062072753906,320.7575647556031,315.8033362306678,320.6317689522734,27073200
2021-11-02,322.34442138671875,322.65406799390774,319.31575510598935,319.61571602872687,26487100
2021-11-03,323.186279296875,324.0571346226076,319.94473436209347,323.0895110318984,21500100
2021-11-04,325.5473327636719,325.6441010433751,318.84170734665486,322.1122803057055,23992200
2021-11-05,325.17962646484375,327.8212498631309,323.59273891215867,327.55031640147575,22570100
2021-11-08,326.0794372558594,326.7180723161404,323.61200911663707,326.37939818166205,20897000
2021-11-09,325.07318115234375,327.7534880662082,323.6991425589229,326.1955986145931,21307400
2021-11-10,320.0898132324219,323.7958274410207,319.23832943371787,323.7377723985982,25500900
2021-11-11,321.6671447753906,322.96375701109565,319.8093237774825,320.52535587776663,16849800
2021-11-12,325.8182067871094,326.3117042528894,322.9830768391955,323.1088726269063,23831000
2021-11-15,325.1892395019531,326.94063568950895,323.2152792768723,326.6116472402498,16723000
2021-11-16,328.51788330078125,329.6403301704933,324.64738907261324,324.811868540775,20886800
2021-11-17,328.7408752441406,331.7169218037687,327.65515874144324,328.56639143125483,19053400
2021-11-18,330.8250732421875,331.968980623258,326.8020941377926,327.8296493909569,22463500
2021-11-19,332.6087341308594,334.53784815102716,331.72661169602117,332.1531473880695,21963400
2021-11-22,329.4290771484375,338.9679380324036,329.1576480718076,334.07248166492263,31031100
2021-11-23,327.3449401855469,329.06078640134734,323.35104186627217,326.7342172669437,30427600
2021-11-24,327.5679016113281,327.81025009025836,323.6903259484439,325.98778479533405,21661300
2021-11-26,319.58978271484375,327.5872826116313,318.07753055559016,324.1168653701531,24217200
2021-11-29,326.3270568847656,328.6535962110915,324.49488830576917,324.6887789094433,28563500
2021-11-30,320.471923828125,327.4418682918144,318.9208876812045,325.057167596262,42885600
2021-12-01,319.9775390625,328.8959751540694,319.3086844600099,324.87299621520316,33337600
2021-12-02,319.4056091308594,323.2831850038461,317.767330957838,320.1908158784547,30766000
2021-12-03,313.1239013671875,322.5173296727446,308.29630958443755,321.82903877335156,41779300
2021-12-06,316.2065734863281,317.4280191700264,309.45960076174345,314.03514078957716,30032600
2021-12-07,324.6694030761719,325.52244481876284,319.996917592964,321.4897924137154,31021900
2021-12-08,324.7179260253906,325.23170368841147,320.675539821201,325.04751645227583,24761000
2021-12-09,322.9050598144531,326.19128920048627,321.9550433018123,324.1749632436444,22214200
2021-12-10,332.0561218261719,332.50203463879564,324.5433207519717,324.7275079191843,38095700
2021-12-13,329.0122985839844,333.2679521970493,328.70208542193865,330.2531216486118,28899400
2021-12-14,318.290771484375,324.3979704573752,314.19022487037,323.0214181808544,44438700
2021-12-15,324.4076232910156,324.93110421678887,314.56828231856264,318.5524765632328,35381100
2021-12-16,314.9560852050781,326.45311271750325,313.1336198644179,325.435231330319,35034800
2021-12-17,313.88970947265625,314.97545540950694,307.54019173672924,311.0590960634918,47750300
2021-12-20,310.1187438964844,312.9202763221146,307.85036617549423,310.2544436318181,28326500
2021-12-21,317.2729187011719,317.6994543581608,310.01213871076055,313.39534333476564,24740600
2021-12-22,323.00201416015625,323.3994395700716,315.78001878131556,318.2519610473349,24831500
2021-12-23,324.4464416503906,326.09442308787044,322.54643791969477,322.5658151473103,19617800
2021-12-27,331.9689636230469,331.99804425764506,325.1637992915189,325.1928799261171,19947000
2021-12-28,330.80560302734375,333.2872485544328,329.90407397848566,332.64744515679365,15661500
2021-12-29,331.4842224121094,333.762274179864,329.28367954819765,330.8540927739974,15042000
2021-12-30,328.93475341796875,332.62814190201897,328.4500564559301,331.4454801313024,15994500
2021-12-31,326.026611328125,328.9735479158475,325.5709949450111,328.14958664693705,18000800
2022-01-03,324.50457763671875,327.6551075166869,319.68668922154853,325.0862198389616,28865100
2022-01-04,318.9402160644531,324.94076515871313,316.13865419994113,324.5820646559971,32674300
2022-01-05,306.6968078613281,316.0902359259385,306.3090562672879,315.8866419326383,40054300
2022-01-06,304.2733459472656,308.9458313978056,301.9564804488897,303.56567778767305,39646100
2022-01-07,304.4284973144531,306.8131982496803,300.59937921535504,304.53511645338995,32720000
2022-01-10,304.6513366699219,305.0875756529063,295.3645583692625,300.0176361312108,44289500
2022-01-11,305.3396911621094,306.91977831660637,300.40547992451036,303.78865505675424,29386800
2022-01-12,308.52899169921875,313.5116906389341,307.37541056986225,309.8861668515591,34372200
2022-01-13,295.47125244140625,311.05912310773493,294.69574914549776,310.66166805392663,45366000
2022-01-14,300.7059631347656,301.3069825464873,294.45336140484744,294.93805829604884,39846400
2022-01-18,293.38702392578125,300.31818359101004,292.50487202896295,294.7635761210545,42333200
2022-01-19,294.0462341308594,304.3024380013182,293.4355408334725,296.91566133072115,45933900
2022-01-20,292.36920166015625,302.11159837189933,291.9232887564094,299.6105751651282,35380700
2022-01-21,286.9696960449219,294.8023863136497,286.56253756034687,293.42586344165414,57984400
2022-01-24,287.2992858886719,288.0166279590676,267.60119333651505,283.25692960431815,85731500
2022-01-25,279.6604919433594,285.9615535370563,276.44212604362275,282.5977548567711,72848600
2022-01-26,287.62884521484375,299.0580071592012,284.06148289400227,298.5636068216338,90428900
2022-01-27,290.6629943847656,297.89466287763156,288.81144892553687,293.3966916334832,53481300
2022-01-28,298.8253479003906,299.0386157237619,285.4380216361503,291.0411167226666,49743700
2022-01-31,301.4621276855469,302.81927323790046,296.99320639325083,299.49425923874566,46444500
2022-02-01,299.3100891113281,301.1228510865205,295.7911842966343,300.90958323158276,40950400
2022-02-02,303.86614990234375,305.47534704194504,299.4263396418428,300.15338493833775,36636000
2022-02-03,292.0299377441406,301.7045003566659,290.7794112211101,300.0177347073169,43730000
2022-02-04,296.5763854980469,299.34883797688286,290.78910247089794,291.0217475506449,35096500
2022-02-07,291.73907470703125,298.4181825772787,290.7211934712144,296.799311504928,28533300
2022-02-08,295.238525390625,296.2079190331168,290.7696348988399,292.0298348006608,32421200
2022-02-09,301.68505859375,302.3830233648674,297.98199648655384,300.38607435541684,31284700
2022-02-10,293.1253356933594,299.6590411901458,291.496761022089,294.7345331364793,45386200
2022-02-11,286.010009765625,294.9769041315097,285.21509959746055,293.9105648307472,39175600
2022-02-14,285.9712219238281,287.6773647823829,282.4329398404649,284.7788566874214,36359500
2022-02-15,291.2737731933594,291.59366014918345,287.9293525556165,290.8278603028446,27058300
2022-02-16,290.93377685546875,292.26458771929816,285.2802319066826,289.836092086114,29982100
2022-02-17,282.4146423339844,288.3110075664805,281.70551089308395,287.8835899369958,32461600
2022-02-18,279.6947326660156,285.45511803174475,278.1210720097872,284.66828770363054,34264000
2022-02-22,279.49072265625,283.2014713114298,276.3628189154253,276.84851806993396,41736100
2022-02-23,272.2537536621094,283.35685724372496,272.08863257472035,281.88031305688963,37811200
2022-02-24,286.1642150878906,286.7179192209472,263.75404970523874,264.7157541586324,56989700
2022-02-25,288.80645751953125,289.1173121239739,283.30833898794964,286.69853958099424,32546700
2022-02-28,290.2440490722656,290.58404433910573,284.6196457248274,285.8921748750914,34627500
2022-03-01,286.5138854980469,291.3902933567964,283.7939529928149,287.9223949761025,31217800
2022-03-02,291.6040344238281,292.8474229613041,285.2996694538975,286.912164413902,31873000
2022-03-03,287.4561767578125,294.4599496832263,285.6396371693534,294.2268235947487,27314500
2022-03-04,281.5694885253906,287.2036162824794,278.9564544502619,285.8728053947299,32356500
2022-03-07,270.9327392578125,281.40441313154366,270.5636031118159,280.27758739708514,43157200
2022-03-08,267.9602355957031,275.8382618324214,262.27754942912713,269.8544445547455,48159500
2022-03-09,280.2484130859375,281.3169571583642,272.74921692953006,275.3331399974986,35204500
2022-03-10,277.4216003417969,278.4027219816775,272.55488601450895,274.925099925405,30628000
2022-03-11,272.05950927734375,281.2295109362962,271.43780018093685,279.7238258935915,27209300
2022-03-14,268.53338623046875,277.2371079233456,267.93112394283185,272.3218342049007,30660700
2022-03-15,278.93701171875,279.5878616136347,270.75785475687104,272.3315152360356,34245100
2022-03-16,285.9699401855469,286.1447847528413,275.0999915812556,280.8409290538057,37826300
2022-03-17,286.7762145996094,287.1550445309803,281.09352847125103,284.9014229476991,30816600
2022-03-18,291.8371887207031,292.3908928751007,284.35743948050003,286.9219156173707,43390600
2022-03-21,290.6035461425781,291.55552723764225,286.4653795115505,290.3412792491695,28351200
2022-03-22,295.3633117675781,296.27642837743355,290.22460738142877,291.22514626524253,27599700
2022-03-23,290.924072265625,294.5571221270399,289.20470791785544,291.9149175208854,25715400
2022-03-24,295.4022216796875,295.49936743623834,289.78754082983255,290.58409453093765,24484500
2022-03-25,294.9942321777344,296.7621842197346,290.7298090046941,296.49991734768025,22566500
2022-03-28,301.8134460449219,301.9105621534724,295.62561433366324,295.62561433366324,29578200
2022-03-29,306.3887939453125,306.7870708740349,300.21068428171867,304.9316962452335,30393400
2022-03-30,304.883056640625,306.913305177859,302.668269699275,304.78594052626613,28163600
2022-03-31,299.4918518066406,306.12651977818297,299.08388106133276,304.9219655495757,33422100
2022-04-01,300.5700988769531,301.2597834241502,296.8010684307619,300.5215111712641,27110500
2022-04-04,305.96136474609375,306.0973451110636,300.85179951692544,301.2209356635581,24289600
2022-04-05,301.9883117675781,305.8641815434495,301.0071899868292,304.3099383163862,23156700
2022-04-06,290.93377685546875,298.2192637550214,288.223567428313,296.4610352881738,40110400
2022-04-07,292.7502746582031,294.96506139767257,287.873866301883,288.17499737628344,31411200
2022-04-08,288.4761657714844,292.5074629473333,287.80589854633826,291.8469191918842,24361900
2022-04-11,277.1011657714844,284.24092155053177,276.8485926567816,283.44439725253295,34569300
2022-04-12,273.9925537109375,282.4242823502866,272.467451534695,280.96718515776104,30966700
2022-04-13,279.3936767578125,280.32621116725466,273.2544301357884,274.643552744176,21907200
2022-04-14,271.8263244628906,280.0637912406808,271.3309315772067,279.8500824672444,28221600
2022-04-18,272.49664306640625,274.3811581581207,270.3790018667597,270.9327060178222,20778000
2022-04-19,277.139892578125,277.985033907518,270.44697444425884,271.38923187716625,22297700
2022-04-20,278.1695861816406,281.4140823953161,277.20791140895244,281.1226451360591,22906700
2022-04-21,272.77838134765625,284.9111378335429,272.0498325502864,280.3261362163063,29454600
2022-04-22,266.1922607421875,275.0999957209801,265.5608578098642,273.6234514112398,29405800
2022-04-25,272.6909484863281,273.0697784310283,263.0255229577328,265.4734657946964,35678900
2022-04-26,262.4912109375,270.39837651321244,262.2775021573608,269.5629883283986,46518400
2022-04-27,275.11944580078125,282.6477831207664,271.17557081505095,274.031484376404,63477700
2022-04-28,281.3460998535156,282.6574935130097,273.4097625442166,277.03308894590896,33646600
2022-04-29,269.58245849609375,281.58895747620693,268.5916428545901,280.3552626033105,37073900
2022-05-02,276.3336181640625,276.79017645597764,268.3195838543962,269.7669575343173,35151100
2022-05-03,273.7205810546875,276.0033727323189,272.1371972603151,275.83822199618373,25978600
2022-05-04,281.68609619140625,282.5603487525896,268.81506842007445,274.5074483596638,33599300
2022-05-05,269.4172668457031,278.1598496769663,266.4933491013823,277.37301959372996,43260400
2022-05-06,266.8722839355469,271.2629938805999,263.51122424281493,266.9499827611978,37780300
2022-05-09,257.0125427246094,264.5700201232837,255.78860105571707,262.3358159472055,47726000
2022-05-10,261.7918701171875,265.92031333795944,257.48858229827016,263.9192349954693,39336400
2022-05-11,253.09780883789062,263.59862182505924,251.88356099344725,258.08108673464193,48975900
2022-05-12,248.0465545654297,252.44698754969474,242.8689999994643,250.3196229634551,51033800
2022-05-13,253.65150451660156,255.51660218718914,248.04654732553965,249.9893438119042,34925100
2022-05-16,254.02066040039062,258.21710825290523,248.46426083031778,252.52469868871455,32550900
2022-05-17,259.1884765625,260.65526769584517,254.95316496707787,258.4987624917142,28828800
2022-05-18,247.38775634765625,256.65701201678286,246.11226298137035,256.07280955033957,31356000
2022-05-19,246.4724884033203,250.8831853898143,245.24568117323753,247.21246524508516,32692300
2022-05-20,245.90777587890625,251.73027831632496,239.94897637698514,250.4645014140494,39199300
2022-05-23,253.78468322753906,254.61230085567473,246.75485101727517,248.76060475810127,33175400
2022-05-24,252.78184509277344,254.44679695795014,246.82304497422663,251.09743070601678,29043900
2022-05-25,255.60545349121094,257.61119260514835,250.35743659445953,251.34084363002697,28547900
2022-05-26,258.8963928222656,260.0745140342106,254.5441279914447,255.36199947266203,25002100
2022-05-27,266.0430603027344,266.1404323228601,260.5126742393116,261.40845522519186,26910800
2022-05-31,264.7091979980469,267.53280881323343,261.846632424963,265.35181779136917,37827700
2022-06-01,265.2446594238281,270.37584058599896,262.9273422171167,267.95143496551884,25292200
2022-06-02,267.3477783203125,267.41594170989407,254.70967973096734,257.48461904641414,44008200
2022-06-03,262.9078674316406,266.2475464172639,261.34028787235826,263.19023737158795,28059000
2022-06-06,261.6713562011719,266.9583275412058,260.18165627348907,264.89417127160834,22400300
2022-06-07,265.3225402832031,265.9359512773266,258.93532847954185,259.6169028538493,22860700
2022-06-08,263.2875671386719,265.8093445339837,262.5086208282629,264.5533140366616,17372300
2022-06-09,257.81561279296875,265.52698852996286,257.6598235227371,260.72684863889987,26439700
2022-06-10,246.32644653320312,253.71651344444265,245.87855603655115,253.71651344444265,31422800
2022-06-13,235.8790740966797,242.46103100477805,235.16830583030963,238.65401348457019,46135800
2022-06-14,238.0503387451172,239.26741476763672,235.14881881047341,237.43692767556414,28651500
2022-06-15,245.12884521484375,248.57561287293495,239.92949994824272,241.76971832268623,33111700
2022-06-16,238.51766967773438,240.90313548946781,236.61903422990096,239.50106166433432,33169200
2022-06-17,241.12705993652344,243.90199879975282,237.60241305138422,238.25476392003864,43084800
2022-06-21,247.0566864013672,248.04007841973456,242.93809069276986,243.66833626220972,29928300
2022-06-22,246.4627685546875,250.39636659426804,243.7754551783502,245.2554237872834,25939900
2022-06-23,252.04183959960938,252.53841615379295,246.94961224502794,248.83851671782892,25861400
2022-06-24,260.6490478515625,260.9216717286466,254.82654468139876,254.91417060112857,33923200
2022-06-27,257.9129943847656,261.23315118888274,256.3453852230229,261.1455252924523,24615100
2022-06-28,249.72451782226562,259.87979223071875,249.5687285378828,257.0269733877671,27295500
2022-06-29,253.40496826171875,255.06991990293363,249.02347982307,250.8052808624802,20069800
2022-06-30,250.0653076171875,252.69420384590512,246.2388275378218,250.2795141966665,31730900
2022-07-01,252.74282836914062,252.9278262770001,247.90374841711443,249.63687811044448,22837700
2022-07-05,255.9267578125,256.0533384759408,248.0303678034875,249.41296441387047,22941000
2022-07-06,259.1982727050781,260.931388004354,255.48862686947203,256.8030750923202,23824400
2022-07-07,261.33050537109375,261.97312494817294,258.03952770988406,258.13689971497433,20859900
2022-07-08,260.61004638671875,261.0384595044661,256.35515355768905,257.81564471898173,19658800
2022-07-11,257.54302978515625,259.50981391999767,255.2743834632221,258.652987654912,19455200
2022-07-12,246.988525390625,258.93534718140467,245.40145358358674,258.8769299123895,35868500
2022-07-13,246.06353759765625,246.87167777562138,241.57496109784918,243.60017717210818,29497400
2022-07-14,247.38775634765625,248.41983449573837,239.46215743721774,243.97021203255457,25102800
2022-07-15,249.95822143554688,253.51207769247128,248.05958569750663,248.98456055892254,29774100
2022-07-18,247.55323791503906,253.9696584904297,246.6282632029574,252.90837187190323,20975000
2022-07-19,252.6941680908203,252.87916600663817,246.99824687706032,250.79551778164452,25012600
2022-07-20,255.3620147705078,257.8935388671316,252.0905286496552,253.054443361376,22788300
2022-07-21,257.8642883300781,257.91298919184743,250.26000087291848,252.94731383107506,22404700
2022-07-22,253.50230407714844,258.34139929761113,252.24630307646098,258.2537733938726,21881300
2022-07-25,252.01260375976562,254.6122910869873,250.04581970339262,254.12546070249977,21056000
2022-07-26,245.26516723632812,253.03499167671222,242.9965504830464,253.01549944249626,39348000
2022-07-27,261.6615905761719,262.937083830948,252.03210083704948,254.28125487951846,45994000
2022-07-28,269.12957763671875,270.5219054098013,260.81450632143316,262.6449933275576,33459300
2022-07-29,273.3455505371094,274.5723727749365,269.3438185156599,270.3856428060759,32152800
2022-08-01,270.6874084472656,273.87126809501024,268.5745517499676,270.5024105455488,21539600
2022-08-02,267.5814514160156,270.57059701596864,265.20571683581875,268.73036395670016,22754200
2022-08-03,275.02996826171875,276.0328377004394,269.3243005039463,269.4703733954384,23518900
2022-08-04,276.17889404296875,276.3249372276528,272.7905733032149,274.3776155284762,18098700
2022-08-05,275.4583740234375,276.1788734901075,271.33977823922174,271.7973999930235,16774600
2022-08-08,272.93658447265625,278.38909053353035,271.96292373727755,276.56831999880745,18739200
2022-08-09,274.8643798828125,275.62383397438697,270.29790921880596,272.27446879357535,23405200
2022-08-10,281.5437927246094,282.1766663743065,279.3822643126082,280.5798779306673,24687800
2022-08-11,279.4601135253906,283.53975467502244,278.9635667202551,283.18925104786797,20065900
2022-08-12,284.22125244140625,284.22125244140625,279.3821583580851,280.88160391293775,22619700
2022-08-15,285.7402648925781,286.4315558102243,282.46874882450317,283.3353212862368,18085700
2022-08-16,285.000244140625,286.29522964293864,282.77058230494487,284.29920717683063,18102900
2022-08-17,284.24896240234375,286.2296881753284,282.44386044524725,282.7072961690795,18253400
2022-08-18,283.1268615722656,284.8246178924502,282.0632923944146,283.146365402589,17186200
2022-08-19,279.2044372558594,282.22919866799805,278.62876156472737,281.8876880642846,20570000
2022-08-22,271.0083312988281,275.6039997944986,270.4911968802227,275.23321855533953,25061100
2022-08-23,269.7300720214844,272.09131554225723,268.71530723618815,269.7300720214844,17527400
2022-08-24,269.09588623046875,270.5009361638899,268.4323689230805,268.7251050290327,18137000
2022-08-25,272.0816345214844,272.2474915307141,267.8567175355643,270.5985095814994,16583400
2022-08-26,261.582763671875,273.5354247138849,261.4754479472372,272.30599862097563,27549300
2022-08-29,258.792236328125,260.90954849813465,257.4457275056932,259.39718266241346,20338500
2022-08-30,256.58709716796875,260.5680528138689,254.33316871501484,260.19730132540576,22767100
2022-08-31,255.12342834472656,260.6265150489644,254.98681222447914,258.9482926127953,24791800
2022-09-01,254.07945251464844,254.55757927077485,249.21058148346305,252.5865905280757,23263400
2022-09-02,249.84478759765625,258.314095365784,248.29338440657236,255.3479051299607,22855400
2022-09-06,247.1029815673828,251.5718002743736,245.82478096491684,249.98138951217098,21328200
2022-09-07,251.82553100585938,252.54755989638122,247.07374239032504,248.51781505979028,24126700
2022-09-08,252.24508666992188,254.10872994612194,248.60562691610852,251.25962204906065,20319900
2022-09-09,258.0408935546875,258.7922228079521,253.97212644052357,254.1770208837589,22084700
2022-09-12,260.1776428222656,260.9582424210548,258.72381887371387,259.3287649522568,18747700
2022-09-13,245.87359619140625,254.0794537555011,245.4832962296118,252.55732112555575,33353300
2022-09-14,246.09800720214844,248.05921424451438,243.79528955726525,247.37620792790096,23913000
2022-09-15,239.4239959716797,245.2978642440651,238.09700610219215,243.7074386942635,31530900
2022-09-16,238.79957580566406,239.34598087407505,236.18461812172677,238.33121584266482,39791800
2022-09-19,238.5848846435547,239.18983090941896,235.00396662261346,236.58464035647546,26826900
2022-09-20,236.5651092529297,237.5993779327107,233.8233175935505,236.1943429586275,26660300
2022-09-21,233.15008544921875,241.64867860903064,233.10129609605303,238.3409629469102,28625600
2022-09-22,235.13079833984375,237.9408981793507,231.8035790277941,232.09628535405986,31061200
2022-09-23,232.14508056640625,235.27717233231257,229.49110062617243,233.72575432183234,34176000
2022-09-26,231.6864776611328,235.58938742131502,231.1498245914239,231.29619264048225,27694200
2022-09-27,230.6717529296875,235.93092381180116,228.8081097419373,234.15509253004862,27018700
2022-09-28,235.2186279296875,236.4480391799153,229.03250446546224,231.06201938613802,29029700
2022-09-29,231.7352752685547,234.12580460416743,228.7202809445972,233.0915358630107,27484200
2022-09-30,227.24691772460938,234.70147486593402,227.0810458443,232.50608809787929,35694800
2022-10-03,234.89662170410156,235.74549978528202,228.9641972732562,229.69599282969966,28880400
2022-10-04,242.83905029296875,244.28312273696628,239.03370433981988,239.1410349538722,34888400
2022-10-05,243.1512908935547,244.49779961267382,238.17508955877648,240.01921394484737,20347100
2022-10-06,240.7997589111328,244.2635941648011,240.10700079345034,241.9120875535179,20239900
2022-10-07,228.55442810058594,235.46258098438113,227.5103924691174,235.0527623090089,37769600
2022-10-10,223.685546875,228.8666579231961,221.2267092138756,227.39331464276057,29743600
2022-10-11,219.93875122070312,223.5001508325825,218.67030242454715,222.09510077458947,30474000
2022-10-12,220.2705078125,222.3292936637816,218.5239619426553,219.92899719385608,21903900
2022-10-13,228.55442810058594,230.36928195046792,213.81118413238516,214.5137091638505,42551800
2022-10-14,223.01229858398438,231.48162192093224,222.7976373202271,229.82287308491303,30198600
2022-10-17,231.7645721435547,233.1598703325027,229.43258381024145,230.0960863102198,28142300
2022-10-18,232.71099853515625,238.00919148115057,229.65696682991847,237.33595204197528,26329600
2022-10-19,230.74005126953125,233.79408332375263,228.6032055120039,231.2864563258372,19985700
2022-10-20,230.4180450439453,235.45280255812088,229.16911502485962,230.04727871505503,21811000
2022-10-21,236.2431182861328,237.1017631804631,228.80808010624938,229.04226004699913,26299700
2022-10-24,241.24862670898438,241.824302366333,235.44305100550176,237.84333234120828,24911200
2022-10-25,244.5758514404297,244.94661775526365,239.8630859691524,241.25836910616306,34775500
2022-10-26,225.7052764892578,232.51584978899805,224.4758503975884,225.55890844155385,82543200
2022-10-27,221.2462158203125,228.01776721146956,220.29975893201416,225.4320803427003,40424600
2022-10-28,230.14480590820312,230.85709759530758,220.56317104703496,220.74856162618767,40647700
2022-10-31,226.49563598632812,229.21790924031464,225.53941228860307,228.08606173387716,28357300
2022-11-01,222.6317596435547,230.01802455406033,221.81215205141078,228.9056957108875,30592300
2022-11-02,214.75765991210938,225.6858065224099,214.6991037473276,223.890471234748,38407000
2022-11-03,209.0496063232422,215.0600909930844,208.7861557427822,214.74785106240304,36633900
2022-11-04,216.0163116455078,216.21145416874165,208.2495141580714,212.2695216011054,36789100
2022-11-07,222.33901977539062,222.86592096080787,215.90897914921476,216.60175222236109,33498000
2022-11-08,223.31472778320312,226.02724879461158,220.3582749190535,223.14885590994936,28192500
2022-11-09,219.06060791015625,223.08061592601362,218.88498408074665,221.85118956645732,27852900
2022-11-10,237.08226013183594,237.42377070694712,229.29595897044808,229.71551464254821,46268000
2022-11-11,241.1120147705078,241.97065970506623,236.05773875356564,237.0920223740199,34620200
2022-11-14,235.68699645996094,237.9897141104271,233.40379752956565,236.11631897099343,31123300
2022-11-15,236.09678649902344,241.00469467728894,234.20387274977523,239.69722338869778,31390100
2022-11-16,236.52728271484375,238.55273762838763,235.2454800077999,237.56446612877613,24093300
2022-11-17,236.4783935546875,238.01461012681563,232.51557231907879,232.6623379461831,23123500
2022-11-18,236.0282745361328,238.49404129362665,233.8854070506041,238.26898078474412,27613500
2022-11-21,236.84042358398438,239.4040292254599,235.99893254382687,236.23375753060137,26394700
2022-11-22,239.75625610351562,240.03022851249497,235.52924255756514,238.34724661140663,19665700
2022-11-23,242.25140380859375,242.93633491013367,239.0126464403006,239.83456376214852,19508500
2022-11-25,242.16334533691406,243.34729447460518,241.4196930550139,241.9872116642194,9200800
2022-11-28,236.556640625,241.34139349791928,235.61731088144492,240.78366926212917,24778200
2022-11-29,235.15745544433594,237.56450128373822,233.0830883095049,236.20441840998745,17956300
2022-11-30,249.64866638183594,249.83457943435548,234.6975363093542,235.39226167449928,47594200
2022-12-01,249.2083740234375,250.60758932902792,245.519510598115,248.4060155091771,26041500
2022-12-02,249.53128051757812,250.54889032100806,244.31599481535082,244.44320163967146,21528500
2022-12-05,244.8150177001953,248.35711568212665,242.72107687347514,246.5860592259716,23435300
2022-12-06,239.84434509277344,246.43928730732753,238.53318912634793,245.42167750975,22463700
2022-12-07,239.11048889160156,240.86197158934914,236.99698930720933,239.56059501119066,20481500
2022-12-08,242.07525634765625,243.38642715920767,237.8286688296212,239.57035707306187,22611800
2022-12-09,240.1378936767578,242.9656924353559,238.9050176716509,239.4333888365886,20609700
2022-12-12,247.0752716064453,247.1046247279212,241.85020695845557,242.1241793791487,30665100
2022-12-13,251.390380859375,258.23972140913565,247.62323758485567,256.05770645555435,42196900
2022-12-14,251.68392944335938,256.93834770699095,248.83655694939137,251.5958700706499,35410900
2022-12-15,243.65060424804688,248.72890334765495,242.01654910193713,248.25923846820703,35560400
2022-12-16,239.42356872558594,244.46271991815064,238.26895796094308,243.2004910035389,86102000
2022-12-19,235.2748565673828,239.93241792766776,233.57231567315546,239.58994491104272,29696400
2022-12-20,236.5957794189453,237.68188965983484,233.28852185237824,234.24742528520702,25150800
2022-12-21,239.169189453125,240.33357978118056,234.94217545446557,236.48817131663884,23690600
2022-12-22,233.06349182128906,236.78170824975606,228.83646305704173,236.0674091280564,28651700
2022-12-23,233.59185791015625,233.72884412102013,228.9049586888203,231.02825242239908,21207000
2022-12-27,231.8599853515625,233.78757187810967,230.75430123545564,233.56252628177612,16688600
2022-12-28,229.4822540283203,234.5605530300066,229.1300016429323,231.7914607924466,17457100
2022-12-29,235.82278442382812,236.71320225846455,230.57814603846577,230.57814603846577,19770700
2022-12-30,234.6584014892578,234.79538769550024,231.56641005649837,233.08305265228162,21938500
2023-01-03,234.42361450195312,240.46081819666946,232.2905260314668,237.84828536131565,25740000
2023-01-04,224.16912841796875,227.85797664505387,221.09671066302377,227.28067869083657,50623400
2023-01-05,217.5252685546875,222.65249456632077,216.98710309720292,222.31002156690943,39585600
2023-01-06,220.0888671875,220.90100504687248,214.6289776058487,218.20041337731763,43613600
2023-01-09,222.2317352294922,226.26307141609416,221.53702478368263,221.57615730202494,27369800
2023-01-10,223.92453002929688,226.33157576127422,222.43724039296023,222.85797845401495,27033900
2023-01-11,230.69557189941406,230.87169062751605,226.13586459822005,226.311983326322,28669300
2023-01-12,233.37660217285156,234.73668494527053,228.53314279943885,230.1965511287431,27269500
2023-01-13,234.08111572265625,234.21810194476328,229.86388103095572,231.89911556681622,21333300
2023-01-17,235.177001953125,235.72494679850365,231.98715671264935,232.8482214298885,29831300
2023-01-18,230.73471069335938,237.16331319071614,230.4509588691296,236.37074903194667,30028700
2023-01-19,226.93821716308594,230.4509617716894,225.71512062356072,228.74840601373435,28623000
2023-01-20,235.0498046875,235.5586170347546,229.46269305633442,229.80516606379726,35389800
2023-01-23,237.35902404785156,239.8932766589855,234.49207780928063,235.9108818315434,31934000
2023-01-24,236.8306427001953,238.69953795471773,235.2650879547733,237.28074883436128,40234400
2023-01-25,235.43141174316406,238.0635179347867,225.93039107535145,229.4333414223457,66526600
2023-01-26,242.662353515625,242.9656790686591,236.79149012411796,238.40597158463132,33454500
2023-01-27,242.8189239501953,244.45297920647357,241.51754738385625,243.6310618794315,26498900
2023-01-30,237.48622131347656,240.31401998539118,236.98718835759996,239.24746842953175,25867400
2023-01-31,242.47645568847656,242.61344191233738,237.72105544533972,238.21029409203948,26541100
2023-02-01,247.31011962890625,249.68781212878685,240.18680659624076,242.66235279117208,31259900
2023-02-02,258.90509033203125,258.9931497026044,251.71327646099442,253.2494929338685,39940400
2023-02-03,252.7896270751953,258.51372549345814,251.56653039867584,253.95401750010254,29077300
2023-02-06,251.2436065673828,252.74067564788885,249.29644628810414,251.8991994997157,22518000
2023-02-07,261.8013610839844,262.98531015234266,254.48234077073667,254.92266746149838,50841400
2023-02-08,260.9892272949219,270.803352152855,260.4804000537077,267.31997580328925,54686000
2023-02-09,257.9461364746094,268.0831750785003,257.14377806067694,267.9070265007635,42375100
2023-02-10,257.4373779296875,258.4060608799008,255.0498909814336,255.90116143595523,25818500
2023-02-13,265.48046875,268.68987310618746,261.4002052618533,261.879679445157,44630900
2023-02-14,266.3121643066406,269.0518886421272,263.4843507418386,266.8014029280315,37047900
2023-02-15,264.1835632324219,265.566675446504,261.10343462754037,263.20263513184307,28922400
2023-02-16,257.1502990722656,261.6527555228092,256.90506704379015,258.9846298555741,29603600
2023-02-17,253.13832092285156,255.12960390870052,251.11761128935171,254.44297215166242,30000100
2023-02-21,247.85108947753906,250.61731377289414,246.791685383644,249.62656685950031,28397400
2023-02-22,246.71319580078125,249.48922383589215,245.56551183733654,249.24399183598243,22491100
2023-02-23,249.91102600097656,251.94153913914087,245.70283657900748,250.6859525204274,29219100
2023-02-24,244.46688842773438,246.21293914937976,243.3682538076719,245.19278056900376,24990900
2023-02-27,245.38894653320312,247.99821854657074,244.63362779927607,247.64508387583098,21190000
2023-02-28,244.66307067871094,246.69359891216772,243.98622793422533,244.3197548443397,22491000
2023-03-01,241.5731658935547,246.14427943595706,241.10230963165003,245.97752345611474,27565300
2023-03-02,246.32081604003906,246.60527855731334,240.92571236066624,241.84778702071176,24808200
2023-03-03,250.4210968017578,250.74480483048058,246.59548367643978,247.38022905203076,30760100
2023-03-06,251.97097778320312,255.15899387446288,251.09795243692292,251.53936705600412,24109800
2023-03-07,249.30284118652344,252.77533463239405,248.5573413069621,251.41183036535284,21473200
2023-03-08,248.86143493652344,249.68541087859464,246.0265535659087,249.19494687006076,17340200
2023-03-09,247.50778198242188,254.60969174965638,246.78188980997717,250.94103028534124,26653400
2023-03-10,243.84889221191406,247.9687868907418,242.87778305422765,246.29140836322506,28333900
2023-03-13,249.07725524902344,252.99116366046172,241.0434519121512,242.68160000285428,33339700
2023-03-14,255.8162078857422,256.0908665137012,250.9802253199026,251.85325059472353,33620300
2023-03-15,260.3775329589844,261.39770646973017,254.2663406895164,255.02167441477647,46028000
2023-03-16,270.9324035644531,271.2855233770392,258.2587969846053,260.15198138504354,54768800
2023-03-17,274.1007080078125,277.9263212786572,271.05003625066047,272.95303899433276,69527400
2023-03-20,267.0380554199219,272.1879277131166,264.70344185731915,271.6974636851933,43466600
2023-03-21,268.55841064453125,269.7551437524182,264.37964865648445,269.63743720664905,34558700
2023-03-22,267.096923828125,275.6800448026521,266.98900616938766,268.1857396626866,34873300
2023-03-23,272.364501953125,275.6996515319118,269.9514271903419,272.63916062583564,36610900
2023-03-24,275.218994140625,275.27784742962956,270.02987629936445,271.9524869231275,28172000
2023-03-27,271.1088562011719,276.09195673229823,270.2652426456383,275.15027433577507,26840200
2023-03-28,269.9808349609375,270.8734830687269,266.86146104578347,270.53015226795435,21878600
2023-03-29,275.16015625,275.7781457546804,273.1002012129155,273.6396997041648,25087000
2023-03-30,278.6325988769531,279.034782967191,276.1116365553152,278.80918867585996,25053400
2023-03-31,282.8014831542969,283.7529843526712,277.60257759753506,278.3186656946347,32766000
2023-04-03,281.7519836425781,282.77212729380244,278.5345407324913,281.0555031510767,24883300
2023-04-04,281.7029113769531,284.9105652724409,280.22173037151373,281.7519757409846,25824300
2023-04-05,278.91705322265625,281.67345840201926,277.52415228002326,280.3982640251811,22064800
2023-04-06,286.03863525390625,286.5094615754292,276.65114630640034,277.8086342608768,29770300
2023-04-10,283.8707580566406,284.07674454726254,279.279992431104,283.6941682719904,23103000
2023-04-11,277.4358825683594,280.5258300453537,276.2686056649449,280.30020580456596,27276600
2023-04-12,278.08331298828125,281.53619925147586,276.5824941090568,279.3585375506844,27403400
2023-04-13,284.3121643066406,284.3710175910473,277.7693913938778,278.18136438472453,24222700
2023-04-14,280.6827697753906,282.9781378461247,278.27948405144895,281.52635353888274,20987900
2023-04-17,283.2920227050781,286.03863934058404,280.7023880930552,284.4004762454157,23836200
2023-04-18,282.8702087402344,286.1955691018291,281.53616100019883,286.0091903829201,20161800
2023-04-19,282.9486389160156,283.5371716538891,279.113207584654,280.5355349485698,17150300
2023-04-20,280.6532897949219,283.51761266618416,279.6429351736415,279.80970610176666,23244400
2023-04-21,280.3100280761719,280.81028105928004,277.6615101881032,279.57433198899173,21676400
2023-04-24,276.39605712890625,279.5154307545352,273.4042388617488,276.70996125679454,26611000
2023-04-25,270.167236328125,276.22936493295845,270.11817196073184,274.1792287517983,45772200
2023-04-26,289.73675537109375,293.8566657529909,287.1471205098991,291.04140663076737,64599200
2023-04-27,299.01629638671875,299.3792649257392,289.6190184598168,290.325287881764,46462600
2023-04-28,301.39996337890625,303.038096464785,297.525285592319,298.2119472041732,36469600
2023-05-01,299.7323913574219,302.7144211983591,299.33020723943775,301.11550358691363,21294100
2023-05-02,299.585205078125,303.28329262686395,298.1138131714134,301.8903917190822,26404400
2023-05-03,298.5945129394531,302.7242119316147,298.29042761791334,300.7721745574302,22360800
2023-05-04,299.585205078125,301.8903917190822,297.6135303437571,300.39936209486564,22519900
2023-05-05,304.72528076171875,306.0201129213296,298.46695525914686,299.8893128499304,28197100
2023-05-08,302.7634582519531,304.28391479928877,300.2522846595883,304.2152426463564,21318600
2023-05-09,301.1448974609375,304.1269269773573,300.4680547428102,302.12582546569627,21340800
2023-05-10,306.3536376953125,307.03048044641207,301.8021470979915,302.73401078657963,30078000
2023-05-11,304.19561767578125,305.1863646978888,300.41906820391165,304.1858287503453,31680200
2023-05-12,303.0773620605469,304.7253141155851,300.7525672086982,304.6272153165958,19774700
2023-05-15,303.5579833984375,303.98959413162356,301.7236527501709,303.2048636724934,16336500
2023-05-16,305.79449462890625,307.7269240462881,303.92091849850675,303.92091849850675,26730300
2023-05-17,308.6847229003906,309.10743681750125,305.47989738715967,307.0036775549358,24315000
2023-05-18,313.1282043457031,313.6394211850269,308.4094689120249,309.20575514144576,27276000
2023-05-19,312.95123291015625,313.3542961539549,311.01457927584767,311.378311227304,27546700
2023-05-22,315.7431640625,317.12929964929396,312.6268415738599,313.2068506490171,24115700
2023-05-23,309.9234313964844,317.2571435018196,309.91359107162907,314.612676200923,30797200
2023-05-24,308.53729248046875,311.14242845628706,307.3182622495086,309.4024010311534,23384900
2023-05-25,320.40301513671875,321.3664070243796,314.58321250494043,317.7683579312352,43301700
2023-05-26,327.2549743652344,327.75632087129475,318.39748274598566,318.5350972767318,36630600
2023-05-30,325.60345458984375,330.05677209197256,324.92513212254653,329.5554254864439,29503100
2023-05-31,322.8311767578125,330.2533617664541,321.78909235828155,326.6651533185743,45950600
2023-06-01,326.9502258300781,327.8841566682848,319.2232906882485,320.41279996560337,26773900
2023-06-02,329.72247314453125,331.7869311608408,326.92071083675313,328.5919458978105,25873800
2023-06-05,330.2533874511719,332.82903267433227,328.99505581539154,329.5455740309834,21307100
2023-06-06,328.0316467285156,329.69304176567135,326.5472275540523,329.6537104627404,20396200
2023-06-07,317.90594482421875,328.8278643518396,317.04083634658787,326.03594244738656,40717100
2023-06-08,319.75408935546875,321.1107338594389,317.87641775949396,318.45642678636824,23277700
2023-06-09,321.2582092285156,324.4040226262237,318.9184923258724,319.48866106638036,22529000
2023-06-12,326.23260498046875,326.4783730978262,319.6558477599043,323.0179388047992,24260300
2023-06-13,328.63128662109375,331.27575382243526,324.7973101956696,328.80823245588505,22951300
2023-06-14,331.6296081542969,333.30084307513505,327.17629180750674,328.6803912358667,26003800
2023-06-15,342.20751953125,343.9180559623726,331.4920360241556,331.7672951050373,38899100
2023-06-16,336.5351257324219,345.5204209141478,336.1615834609438,345.37296607001366,46552000
2023-06-20,332.3276062011719,336.28938669423195,330.17467528796925,333.5662870008195,26375400
2023-06-21,327.91363525390625,332.0130604612283,326.4488669428893,330.67606636446294,25117800
2023-06-22,333.95947265625,334.36253588732745,327.6973070924793,328.46410226353316,23556800
2023-06-23,329.34893798828125,332.2391735369446,327.8055369647912,328.70010653848016,23146900
2023-06-26,323.03759765625,330.420451002799,322.9294440913957,328.07092355992313,21520600
2023-06-27,328.9065246582031,330.45976577699514,323.72571415230334,326.24237697831273,24354100
2023-06-28,330.16485595703125,332.258804870359,328.1593799554091,328.99499745616725,20259500
2023-06-29,329.37841796875,330.4204723833769,326.9895590748973,329.04417693018956,16997000
2023-06-30,334.7754821777344,336.928413125334,331.49202397478524,332.0327017922602,26832800
2023-07-03,332.2686462402344,335.1293906566377,330.87270016823766,333.44834517518075,12508700
2023-07-05,332.4259033203125,335.86665648494886,329.06381274284894,329.4177043821665,18172400
2023-07-06,335.4931335449219,337.18401940600376,329.8208161509684,331.5903346098022,28161200
2023-07-07,331.5116882324219,336.0043364674082,331.295411096355,333.576146349244,21214800
2023-07-10,326.2129211425781,329.5553915067683,322.04470351324625,328.9360510569214,32791400
2023-07-11,326.8421325683594,327.2255152631285,321.46472450879935,325.4559966698995,26698200
2023-07-12,331.49200439453125,335.86665829831014,329.9879049173375,330.9021549914973,29995300
2023-07-13,336.8596496582031,337.92135483091334,333.2812511111918,333.81211869804383,20567200
2023-07-14,339.39593505859375,345.48115613970265,338.48168484795,341.70616139811665,28352700
2023-07-17,339.87762451171875,341.116275309023,336.40738021266617,339.82845289215857,20363900
2023-07-18,353.40472412109375,360.57133106049383,336.37793118829495,339.9759501445123,64738600
2023-07-19,349.0693054199219,356.3243839257748,346.47401010132427,355.6264109803811,39732900
2023-07-20,340.99835205078125,351.9104627618091,339.52374330607455,347.58494977753446,33778400
2023-07-21,337.95074462890625,344.37020537421716,334.0774374716023,343.2396782599956,69405400
2023-07-24,339.2680969238281,341.04748554440357,336.515506241867,339.99559089055157,26678100
2023-07-25,345.0387878417969,345.933387393559,339.2288259183692,341.23427216529524,41637700
2023-07-26,332.0523376464844,338.8355608783581,327.47121688450346,335.66022637997355,58383700
2023-07-27,325.1217041015625,335.55208782574067,323.47995999932067,334.71650028968384,39635300
2023-07-28,332.6421813964844,334.25443442734047,327.5302232519615,328.02175941976105,28484900
2023-07-31,330.2337341308594,331.98360201648336,327.7170408786547,331.21680665089514,25446000
2023-08-01,330.64654541015625,332.8093165466115,328.0512500473967,329.5160182255947,18311900
2023-08-02,321.95623779296875,327.9824769066263,320.8355207632289,327.9824769066263,27761300
2023-08-03,321.13043212890625,324.2959264406298,320.4324591287807,320.4816007481319,18253700
2023-08-04,322.2314758300781,329.46690442388586,321.70060832431494,326.2620787423008,23741500
2023-08-07,324.52203369140625,325.50510614632094,321.97587963329613,322.8114972201717,17741500
2023-08-08,320.53076171875,323.1850693457117,317.5324027335814,321.4253612522669,22327600
2023-08-09,316.7754211425781,321.5727891157856,315.61537294318714,320.9436383983928,22373300
2023-08-10,317.463623046875,322.7034167316394,315.74324602110335,320.5013137379754,20113700
2023-08-11,315.5760498046875,316.9523450296426,313.8065016574717,314.83874557692735,24355500
2023-08-14,318.5547790527344,318.5744296997712,314.66179086831823,315.94964327343246,18836100
2023-08-15,316.41168212890625,319.5870169204076,315.4679409838277,317.53239911449145,16966300
2023-08-16,315.6432800292969,319.603617653509,315.05218172043595,316.03733554703456,20698900
2023-08-17,312.1755065917969,317.0914138920389,311.5154403900697,315.7811727106464,21257200
2023-08-18,311.781494140625,313.65328039991437,306.92466292217586,309.82101758009554,24755000
2023-08-21,317.101318359375,317.9780896310704,312.33317744873216,313.2099487204276,24040000
2023-08-22,317.6726379394531,321.2388893463818,316.68748428827934,320.6675134570826,16084600
2023-08-23,322.1452941894531,324.31264458594995,318.6578413021839,319.012512305478,21166400
2023-08-24,315.21966552734375,328.0365262054767,315.20980436860924,327.9084513999614,23281400
2023-08-25,318.1849670410156,320.52960769740787,314.0670015423209,316.697375267024,21684100
2023-08-28,318.8943176269531,321.30792655371766,316.94370215408395,320.8252107812668,14808500
2023-08-29,323.5343933105469,324.09593824452344,317.1013395977492,317.1013395977492,19284600
2023-08-30,323.9087219238281,324.913567962967,321.6034656708571,323.79050827975385,15222100
2023-08-31,322.8940124511719,325.9972408442875,321.92855092385497,324.3126362990831,26411000
2023-09-01,323.7806091308594,327.0611576270318,321.9285154189886,326.3912603462074,14942000
2023-09-05,328.5980529785156,329.8787710157391,323.7806663099435,324.11561500950705,18553900
2023-09-06,327.93804931640625,329.4945793177721,325.2781216448237,328.4306262878465,17535800
2023-09-07,325.0120849609375,328.1350055862109,324.14514483010225,326.37160197842854,18381000
2023-09-08,329.3073425292969,331.16929760056996,324.5687552625587,325.189406952983,19530100
2023-09-11,332.9228820800781,333.395766733697,330.45013638799065,332.2332623849475,16583300
2023-09-12,326.84442138671875,331.7899120379959,326.55874846963604,330.83431177810604,17565500
2023-09-13,331.0707702636719,331.8490501523294,326.2533840096043,326.39128990249543,16544400
2023-09-14,333.67156982421875,335.7994753569571,331.5731876353605,334.1148709499955,20267000
2023-09-15,325.3174743652344,332.39087111470906,324.7559295090808,331.91801655332216,37679800
2023-09-18,324.1746826171875,325.494785002062,321.5147555316382,322.93337930199704,16834200
2023-09-19,323.77081298828125,324.4998472951053,319.6922916047418,321.32765063479235,16505900
2023-09-20,316.0077819824219,324.69684594431357,315.7516624314958,324.6180468666076,21436500
2023-09-21,314.7862243652344,320.51982727691046,310.323478402221,314.5202436355422,35560400
2023-09-22,312.3035888671875,316.6776737677098,311.4563410385971,316.5495989744166,21447900
2023-09-25,312.8257751464844,312.9538499627099,310.3234758438393,311.88986692369065,17836000
2023-09-26,307.5059509277344,311.19041687093375,305.4173994181049,310.45155145037705,26297600
2023-09-27,308.1462707519531,309.6338325713444,305.0922879071992,307.6635249378913,19410100
2023-09-28,308.9836730957031,310.79635260217924,304.8558759902322,306.37299129807553,19683600
2023-09-29,311.06231689453125,314.72709028665287,310.30375928067184,313.0326245233169,24147300
2023-10-02,317.0224609375,317.1111512307064,310.50074800072014,311.5844231256774,20570000
2023-10-03,308.7373962402344,316.61862746801495,306.58973788163564,316.06691362272,21033500
2023-10-04,314.224609375,315.2885921855911,309.33825553994615,309.36780894776786,20720100
2023-10-05,314.61871337890625,315.2295340089772,310.2249357059366,314.3527326674706,16965600
2023-10-06,322.40142822265625,324.30276775869294,311.60412139660474,311.8504098359206,25673600
2023-10-09,324.92340087890625,325.3962554141024,318.3819658733118,319.92866439936114,19891200
2023-10-10,323.5146484375,326.18440663278744,322.8053365479783,326.0464706793637,20557100
2023-10-11,327.48486328125,327.87891881705485,324.25355978443383,326.29280544996425,20063200
2023-10-12,326.2435607910156,328.67689206438564,323.83978293130957,325.66232361261683,19313100
2023-10-13,322.864501953125,328.8739167563427,321.51481584137593,327.4454616246399,21072400
2023-10-16,327.70159912109375,331.1496376805438,325.69187679980854,326.1351780044602,22158000
2023-10-17,327.1301574707031,328.50936673162636,322.5491984669727,324.6968264635894,18338500
2023-10-18,325.2091369628906,330.60779111602983,323.42601082295175,327.5538080369347,23153600
2023-10-19,326.401123046875,331.878575078581,325.9972064320994,327.2187873693203,25052100
2023-10-20,321.8201904296875,326.9922476443287,320.6183016458001,326.7952048674921,25027700
2023-10-23,324.4308166503906,327.79019430214015,319.57401623039823,320.63796897489897,24374700
2023-10-24,325.62286376953125,326.9134127609565,322.73637053310733,326.38142132445483,31153600
2023-10-25,335.6123962402344,341.06029616794285,332.60765877162135,339.89779170340944,55053800
2023-10-26,323.0220947265625,336.5580983520132,322.086186588402,335.48428431504954,37828500
2023-10-27,324.9136047363281,331.7210217801317,323.5245341322268,325.52439534284554,29856500
2023-10-30,332.30224609375,334.41048978500254,326.9035921180138,328.4601520528565,22828100
2023-10-31,333.0903625488281,333.9671639293421,329.7211531293836,333.8193968608595,20265300
2023-11-01,340.93218994140625,342.2621536122384,334.6074891841975,334.74542515005817,28158800
2023-11-02,343.1487731933594,343.6511811792391,339.65145922211735,342.0847902707167,24348100
2023-11-03,347.562255859375,349.12867689079525,342.17346325846154,344.43933508440006,23637700
2023-11-06,351.2368469238281,352.2318617799553,348.1040653780775,348.2025867608286,23828300
2023-11-07,355.177490234375,357.07882980965496,352.3205502922459,354.0642616553695,25833900
2023-11-08,357.807861328125,358.4678975179717,355.1971797857397,356.31040835628005,26767800
2023-11-09,355.33514404296875,359.3742808349746,355.01002643681795,356.9212273081889,24847300
2023-11-10,364.1817932128906,364.60540210202504,355.7094651076726,356.1232128388484,28042100
2023-11-13,361.23614501953125,362.99957852895466,360.46772634989776,362.75329010837333,19986500
2023-11-14,364.7728576660156,366.4279387672935,361.8962256351267,365.5018918638483,27683900
2023-11-15,364.9209289550781,368.33647051944837,362.3937891012248,366.5102311130988,26860100
2023-11-16,371.33746337890625,371.5151437395558,365.4243947338304,366.19437308883926,27182300
2023-11-17,365.09869384765625,369.5606164050821,362.28530061072286,368.8103701750915,40157000
2023-11-20,372.5911560058594,374.0027780403626,366.2338861383217,366.45106107636286,52465100
2023-11-21,368.27728271484375,371.3868095328424,366.3523217617588,370.84388727711456,28423100
2023-11-22,372.9958801269531,374.9109599374389,370.1528738051793,373.14394709672723,23345300
2023-11-24,372.5812683105469,373.1143395355948,370.32070891042537,372.4825469539782,10176600
2023-11-27,373.74609375,375.75004385501524,371.36708082466845,371.9396164792958,22179200
2023-11-28,377.7835998535156,378.07973380889825,373.3019152003715,373.4894767472904,20453100
2023-11-29,373.9830322265625,379.3629996146164,372.591142464095,378.82995852513955,28963400
2023-11-30,374.0422668457031,375.2071005292818,370.64645702621425,373.6276491974568,30554400
2023-12-01,369.6988220214844,373.3019258337439,366.5399191549517,371.9199171267098,33040500
2023-12-04,364.3977966308594,364.77288959280634,358.23793933360014,364.3583020623017,32063300
2023-12-05,367.7343444824219,368.28714793242324,360.92299258913255,361.742346716279,23065000
2023-12-06,364.0621337890625,369.37302349150957,363.30203657488124,368.74126102951465,21182100
2023-12-07,366.1845703125,366.678147018609,361.6140451938454,363.4995118262456,23118900
2023-12-08,369.4223937988281,369.6494197796378,363.4994739427989,364.45701385787805,20154400
2023-12-11,366.5299987792969,366.8261628369694,361.39681982710596,363.7462494405494,27708800
2023-12-12,369.5704345703125,369.60992913503406,365.70078061680414,366.08578484040567,24838300
2023-12-13,369.5605773925781,372.7885879751983,366.00681947505166,371.1893743181654,30955500
2023-12-14,361.2289733886719,368.95840003199714,359.45210962899,368.5141690293138,43277500
2023-12-15,365.9674072265625,367.6159366081374,361.5745623495023,362.1372470428442,78502300
2023-12-18,367.8627014160156,368.2082111244825,363.9437012883022,364.70382867203534,21802900
2023-12-19,368.46484375,368.46484375,365.0887662696819,366.7175631601881,20603700
2023-12-20,365.8587341308594,371.1992368493833,365.76989395307385,370.18247020291363,26316700
2023-12-21,368.7412414550781,369.6000599811611,365.28620500497976,367.77382040386084,17708000
2023-12-22,369.76788330078125,370.3601813274184,367.9219113827599,368.87945132359005,17107500
2023-12-26,369.84686279296875,372.097571135072,368.70176133814033,370.18249130335374,12673100
2023-12-27,369.264404296875,370.2416763234969,368.02058162624724,368.8892812612555,14905400
2023-12-28,370.45892333984375,371.6237571110033,369.3533163620971,370.547763529963,14327000
2023-12-29,371.2091369628906,372.3147438435589,368.6820269140694,371.169642395573,18730800
2024-01-02,366.10546875,371.07084768372727,362.05813497760585,369.05704690602715,25258600
2024-01-03,365.8390197753906,368.46485117398277,363.77587298911,364.2694496401492,23083500
2024-01-04,363.21319580078125,368.3069105586838,362.45309858783475,365.90813521572943,20901500
2024-01-05,363.025634765625,367.2802631804361,361.7916931110851,364.22996302547705,21004600
2024-01-08,369.8764953613281,370.3799532157685,364.2694714991835,364.5557242835835,23134000
2024-01-09,370.9623718261719,371.15978442404423,366.4214603176876,367.23093330789527,20830000
2024-01-10,377.8526916503906,379.2347304946399,371.4855703702305,371.53491598944055,25514200
2024-01-11,379.6887512207031,385.6610162048473,375.49334999822275,381.0411463241009,27850800
2024-01-12,383.4794921875,383.6867859715864,379.7085588741406,380.53776413601776,21661200
2024-01-16,385.25634765625,388.96805409085823,382.64039716399947,388.602812151916,27202300
2024-01-17,384.46661376953125,385.09837624388496,379.86647557529443,382.99576492837696,22234100
2024-01-18,388.8100891113281,388.92854269445195,385.1082640110595,386.68771541228006,23392100
2024-01-19,393.54840087890625,393.54840087890625,388.4448053024204,390.67578129578703,29331100
2024-01-22,391.41619873046875,395.4733846867512,388.53369758806053,394.8810866300338,27016900
2024-01-23,393.77545166015625,394.24929609694567,388.8692984754516,390.6659247403921,20525900
2024-01-24,397.388427734375,400.4189955779341,395.30554874370245,396.38154221940175,24867000
2024-01-25,399.66876220703125,401.7812847845524,397.3588270396622,399.12583992803854,21021200
2024-01-26,398.7408447265625,400.9520887119918,397.2601147041947,399.1751946098328,17803300
2024-01-29,404.4564514160156,404.71312091427023,399.13568066698633,400.8434667217464,24510200
2024-01-30,403.3409423828125,407.7436374380847,401.228450095284,406.963808061775,33477600
2024-01-31,392.4724426269531,409.98456474557076,392.10720068242125,401.731946506787,47871100
2024-02-01,398.5927429199219,402.75853089052634,396.6381686159988,396.6677820088373,30657700
2024-02-02,405.9371643066406,407.34878623666043,398.3755667288363,398.62235504354715,28256700
2024-02-05,400.438720703125,405.87794489838444,398.800042648597,404.63412212946537,25352300
2024-02-06,400.28082275390625,402.7289740324924,397.73398023568876,400.6658270403805,18382600
2024-02-07,408.7308044433594,408.97759276390855,402.16624114185635,402.2057357082919,22340500
2024-02-08,408.7900390625,410.22142339932105,407.23035010197816,408.7308122744756,21225300
2024-02-09,415.1473388671875,415.41388955817405,409.75748988702503,409.9154380417315,22032800
2024-02-12,409.9252624511719,415.3348429045064,409.4218046606071,415.1571625521398,21202900
2024-02-13,401.10015869140625,404.80198377503444,398.2078065895252,399.73788224054636,27824900
2024-02-14,404.9769287109375,405.32307733535373,400.111169801605,403.5725956832902,20401200
2024-02-15,402.0792236328125,404.6209064246705,399.8342525934749,403.6418270582009,21825500
2024-02-16,399.6067810058594,403.7901722944783,398.99361896429224,403.4637923812322,22296500
2024-02-20,398.3507995605469,400.0320454973026,393.62348186339256,398.7958219344355,24307900
2024-02-21,397.74749755859375,397.8563009238514,392.8421710254568,395.7596706387702,18518900
2024-02-22,407.11309814453125,408.28008583103167,404.0670568612319,405.66919761409457,27009900
2024-02-23,405.8175354003906,411.2766872182918,404.46263934607134,411.0888090231092,16295900
2024-02-26,403.04840087890625,407.61747779162243,402.870361769412,406.9251806067473,16193500
2024-02-27,402.9891052246094,403.8198438215264,399.39910723637763,403.4934639055569,14835800
2024-02-28,403.2264404296875,404.7890136651283,400.85289732894444,403.6813622301974,13183100
2024-02-29,409.0812072753906,409.63503299154024,401.44628969562774,404.1363132517421,31947300
2024-03-01,410.9206848144531,411.2866021355908,406.3516076606767,406.7372936922519,17823400
2024-03-04,410.3470764160156,412.7502875361098,407.77572562860115,408.8833770001061,17596000
2024-03-05,398.2123107910156,409.6844709938999,396.22448391124544,409.39765868898735,26919200
2024-03-06,397.65850830078125,400.6946806605517,393.99930460815386,398.5288145311868,22344100
2024-03-07,404.6307678222656,405.26369850856435,397.8067905120689,401.6440327730968,18718500
2024-03-08,401.7430114746094,405.89673494271136,399.8738268595912,403.46382510907745,18002200
2024-03-11,400.0617370605469,401.20895621575255,396.8376863432141,399.310133613595,16120800
2024-03-12,410.7030944824219,410.98990677094014,402.306674544951,403.1275136284859,22457000
2024-03-13,410.525146484375,413.57118820964047,406.9153795439051,413.4920831775679,17115900
2024-03-14,420.5335998535156,423.1049509734387,413.38327169789596,415.6084741741532,34157300
2024-03-15,411.83056640625,417.9424481650146,408.2405685225254,414.66893074173265,45079900
2024-03-18,412.72064208984375,416.09306343618266,409.2196486698743,409.6844699154105,20106000
2024-03-19,416.7655334472656,417.02267757704544,410.97010235049925,413.22497266505087,19837900
2024-03-20,420.54345703125,421.26539222387987,416.02381676802577,417.3490447100486,17860100
2024-03-21,424.6378173828125,426.07184869793537,422.4521827120365,425.0927391745549,21296200
2024-03-22,424.0148010253906,425.1224525568096,421.3742442819616,424.9642424933846,17648500
2024-03-25,418.1996154785156,422.6994877147333,416.96339181712204,420.5533901588077,18060500
2024-03-26,417.00286865234375,421.2950326486401,416.70618711068727,420.91921590838507,16725600
2024-03-27,416.7853088378906,419.7720439894081,414.3919971559481,419.7621445438776,16705000
2024-03-28,416.08319091796875,417.2205105809206,414.5008186915298,416.3205361885006,21871200
2024-04-01,419.8907470703125,423.17416401356485,417.56664079478026,419.27758502766966,16316000
2024-04-02,416.7952575683594,417.7249001210624,413.23492759856475,415.4798987691936,17912000
2024-04-03,415.8161315917969,418.5951594920779,414.47110478435076,415.1040656775575,16502300
2024-04-04,413.2744445800781,423.9455337356059,412.9678635822988,420.3060690004988,19370900
2024-04-05,420.83026123046875,421.809370796235,413.7096317572202,415.3810083958257,16554800
2024-04-08,419.9105224609375,422.5708779576157,418.63473130535374,420.48414709018743,14272400
2024-04-09,421.5818786621094,423.0257792491063,416.9732338650976,421.74011889073387,12496900
2024-04-10,418.5951843261719,419.3566871510799,415.0744221472326,417.5369697470064,16216600
2024-04-11,423.21368408203125,424.6378159464607,417.7050650079003,421.1269533333631,17966400
2024-04-12,417.2501220703125,420.49397111238636,415.1435925367237,419.3764203133474,19253800
2024-04-15,409.0812072753906,422.1159406782311,408.87349999590606,421.898364133941,20273500
2024-04-16,410.0108337402344,413.7887401482267,409.1702258721835,410.00096447508815,16765600
2024-04-17,407.301025390625,414.26344459371984,405.8076577445542,412.6514043206412,15855500
2024-04-18,399.814453125,407.3504970183281,399.49800284316774,406.1043740582622,21029900
2024-04-19,394.7212219238281,401.0111429150955,393.3860944801934,399.5771115531844,30565800
2024-04-22,396.54095458984375,398.4101391191041,391.38838318863185,395.6706483655049,20286900
2024-04-23,403.0780944824219,403.70115595190015,398.61779046162303,399.78477819553336,15734500
2024-04-24,404.5516662597656,407.92408759573516,402.2967957988556,405.04615566067775,15065300
2024-04-25,394.64215087890625,395.4827889847814,383.7534834719766,389.6873569046374,40586500
2024-04-26,401.8418884277344,408.4482598176065,401.28806269332824,407.6274206623671,29694700
2024-04-29,397.81671142578125,401.84186227525186,394.7904387950027,400.7836477446808,19582100
2024-04-30,385.0390930175781,397.72770759660574,384.880882973138,397.06507853790987,28781400
2024-05-01,390.5872802734375,397.29255516859246,386.0083037107917,388.2829428234783,23562500
2024-05-02,393.455322265625,395.5222843363775,390.30047747836124,393.2773133250789,17709400
2024-05-03,402.1781311035156,402.66272106797066,397.431014652392,397.8463990370952,17446700
2024-05-06,408.9822998046875,409.36798584093685,401.89130855665024,404.25498236640857,16996600
2024-05-07,404.82855224609375,410.09982581142424,404.58130756204883,410.08992636606695,20018200
2024-05-08,406.0153503417969,407.68672686794355,402.2275447730789,403.6714754994307,11792300
2024-05-09,407.7757263183594,408.17131178296086,404.59121352927775,406.0450135021462,14689700
2024-05-10,410.1690673828125,410.8020283165112,407.2614672287658,408.3889175739522,13402300
2024-05-13,409.1603088378906,413.73928549404195,406.29227636469005,413.4030363250276,15440200
2024-05-14,411.9690246582031,412.8887677392151,407.01423099397886,407.47905225770086,15109300
2024-05-15,419.1718444824219,419.8951120945601,413.4155159621218,414.0397012631118,22239500
2024-05-16,417.10113525390625,421.4902365295034,416.4670629155656,417.9036505371182,17530100
2024-05-17,416.328369140625,419.01335772051186,414.1685137971008,418.63686307177926,15352200
2024-05-20,421.4110107421875,422.8277941720161,416.1104241550555,416.32839316238903,16272100
2024-05-21,425.0767822265625,428.9704718767671,420.92548463230116,422.8871751734283,21453300
2024-05-22,426.5431823730469,428.4157385456956,423.184512261855,426.1171616329994,18073700
2024-05-23,423.0556640625,429.5947037930371,421.4902723328989,428.97051846736764,17211700
2024-05-24,426.18646240234375,427.07814273445496,420.4895772016025,423.2438961414034,11855300
2024-05-28,426.3450012207031,426.8403825578059,422.6593628632313,425.6613725566471,15718000
2024-05-29,425.20562744140625,426.95926647856015,421.75776247263485,421.75776247263485,15517100
2024-05-30,410.83953857421875,420.3805569661453,410.4134876792539,420.3805569661453,28394500
2024-05-31,411.2953186035156,412.90034931684085,400.7734237177811,412.90034931684085,47995300
2024-06-03,409.70013427734375,412.58325703510326,405.142650563615,411.69157675353347,17484700
2024-06-04,412.2265930175781,412.59317033367023,405.8956056320702,408.62020272112443,14348900
2024-06-05,420.0932922363281,420.1626226445845,412.45449022904074,413.95055154632206,16988000
2024-06-06,420.5985412597656,421.3812522043053,416.69493407447,420.09327287817626,14861300
2024-06-07,419.93475341796875,422.3422993904052,419.09259912200673,422.2630516824485,13621700
2024-06-10,423.9176330566406,424.1256847583601,419.97441684803016,420.7769322189121,13982900
2024-06-11,428.68316650390625,428.82188778491104,421.3218074365333,421.54969372575147,14551100
2024-06-12,436.98577880859375,439.3041598174871,429.2479248102113,431.29881078427445,22366200
2024-06-13,437.5010070800781,439.294315495877,435.31142984234975,436.7777696147528,15960600
2024-06-14,438.4818420410156,439.04658401937843,432.6858743754039,434.23146172147676,13582000
2024-06-17,444.2282409667969,446.774508213362,436.64891280244507,438.5016341053226,20790000
2024-06-18,442.2170104980469,445.9819268194956,440.7804227549636,445.55587588842855,17112500
2024-06-20,441.5829162597656,442.4052359389207,437.1938148300054,442.17734964919055,19877400
2024-06-21,445.625244140625,446.4178422030527,442.3854610099622,443.24741971766383,34187100
2024-06-24,443.53472900390625,448.5677899641911,442.286358388998,445.64502805126915,15913700
2024-06-25,446.784423828125,447.25008347754516,442.62320865306464,444.10935261048957,16413400
2024-06-26,447.9832458496094,449.40994649209836,444.0499168986336,444.85243223057404,16507000
2024-06-27,448.6668701171875,451.9562093572158,447.5968295279366,448.00304584092294,14806300
2024-06-28,442.82135009765625,451.1734714446709,442.28632983499693,448.88481228887935,28362300
2024-07-01,452.5110168457031,453.1450891922846,441.5432675183624,444.5155553424217,17662800
2024-07-02,455.0374755859375,455.3446095932429,448.92445663899935,449.0136518862479,13979800
2024-07-03,456.5137023925781,456.76139305889615,453.65041401249385,453.957548019874,9932800
2024-07-05,463.2409362792969,464.02364716117125,454.73028958800995,455.36436189858233,16000300
2024-07-08,461.9331970214844,463.37973235023577,460.16964060410885,462.24033104325304,12962300
2024-07-09,455.2950744628906,463.0130936996793,453.7692915232205,462.6861553304454,17207200
2024-07-10,461.9430847167969,462.1511364069266,454.6213342335764,456.9595498058476,18196100
2024-07-11,450.4997863769531,460.4866605260143,447.37885985942484,458.70329986086364,23111200
2024-07-12,449.3603820800781,452.1444226722039,446.48717647887116,450.1331757277914,16324300
2024-07-15,449.7666015625,453.0361364302562,447.2599732817251,449.1126945889487,14429400
2024-07-16,445.3676452636719,450.10348983727977,442.5340784087055,450.024242123689,17175700
2024-07-17,439.42303466796875,440.7407659095282,435.12312844393387,438.5016326704633,21778000
2024-07-18,436.3021240234375,440.5425867682437,430.38727005541875,440.23545277919766,20794800
2024-07-19,433.072265625,437.06506829851725,428.00948278389916,429.0993277918271,20940400
2024-07-22,438.8484191894531,440.493088848888,434.8556468413205,437.70904816681343,15808800
2024-07-23,440.74078369140625,444.2480920401895,439.00694900358457,439.7995470523178,13107100
2024-07-24,424.9381103515625,437.4019218843712,423.64021365061654,436.3814375263218,26805800
2024-07-25,414.53509521484375,425.8297836093588,413.65333216081086,424.83902093903856,29943800
2024-07-26,421.34161376953125,424.9579215661057,413.41551271082733,414.33694493801545,23583800
2024-07-29,422.7881774902344,428.15809438761096,420.77693042040073,427.5933523925366,15125800
2024-07-30,419.01336669921875,425.0867165408092,413.5046983714735,423.7690154776861,32687600
2024-07-31,414.4855651855469,417.88387385546883,408.4022679352166,416.61569885909415,42891400
2024-08-01,413.2569885253906,423.5113878535516,409.2741336141255,416.9030180044247,30296400
2024-08-02,404.71661376953125,411.16648811391514,400.60495493552725,408.6796642573762,29437900
2024-08-05,391.4998474121094,397.3354538191348,382.01824178124633,385.57510623229217,40709200
2024-08-06,395.918701171875,401.92275145323185,394.818968995954,396.3051131703428,24946500
2024-08-07,394.7496032714844,406.2919834970983,393.7984794780894,404.86531292484597,20650900
2024-08-08,398.97021484375,402.11091551932753,396.24561755012843,398.7225241806935,20203000
2024-08-09,402.2694396972656,404.2806866644843,398.5441926988125,400.2978317019802,19276700
2024-08-12,403.0521240234375,404.98412315480687,400.5058569282367,403.29981466921953,16762900
2024-08-13,410.1856384277344,411.1169577013194,405.7866500141935,405.8064543815787,19414300
2024-08-14,413.0093078613281,413.8613794713292,408.6400711388976,410.9683392009438,18267000
2024-08-15,417.89263916015625,417.972029702109,414.5477559984779,416.671793760154,20752100
2024-08-16,415.3517150878906,418.20032404609645,414.19042017435385,417.4658479496036,22775600
2024-08-19,418.388916015625,418.60727787010427,413.3566884761521,415.8380594178836,15234000
2024-08-20,421.6345520019531,422.6866508922164,418.4981256850532,418.5576761663757,16387600
2024-08-21,420.9794921875,423.22263097030424,418.57751173597626,420.9199114166435,16067300
2024-08-22,412.4534912109375,423.60975624910697,411.5204932561933,421.19784052472494,19361900
2024-08-23,413.6842346191406,416.13583025134443,409.0192452654988,413.87282122855413,18493800
2024-08-26,410.4088134765625,414.1705802586453,408.2748405512739,413.2673576122786,13152800
2024-08-27,410.7561950683594,411.2723092927535,407.19295021742596,409.78348680566967,13492900
2024-08-28,407.5403747558594,411.9075816112939,404.2748820734033,411.7884806509906,14882700
2024-08-29,410.04156494140625,418.9050143386061,407.54035403170906,411.84801018793996,17045200
2024-08-30,414.0316467285156,414.37901443017955,409.05896964037805,412.50311373853776,24308300
2024-09-03,406.3890075683594,416.75121498794704,403.9969623587052,414.7958934848788,20313600
2024-09-04,405.8530578613281,408.1756176150405,401.356814564364,402.8853476688359,15135800
2024-09-05,405.3468322753906,410.0217264889614,403.10366332769695,404.58255066568705,14195500
2024-09-06,398.70672607421875,407.5900165631096,397.81340823350934,406.01186815612465,19609500
2024-09-09,402.6967468261719,405.6049064318399,399.1533416913916,404.2054095225525,15295100
2024-09-10,411.11358642578125,413.2276892130327,404.66202140160664,405.15829563423546,19594300
2024-09-11,419.8876953125,420.83059814465895,406.527971667463,412.4038716868024,19266900
2024-09-12,423.81817626953125,424.18541433930886,416.62220020874884,420.1556701684846,17395700
2024-09-13,427.38140869140625,428.61215900524985,422.2896305914577,422.65686865025475,15874600
2024-09-16,428.1258239746094,430.2995073976486,425.0290778075874,427.3913478501723,13834700
2024-09-17,431.907470703125,438.55755772279144,429.04892619664366,436.9496340104397,18874200
2024-09-18,427.59979248046875,432.78089656665435,427.20277916114134,431.75857288155333,18898000
2024-09-19,435.42108154296875,438.21014026162374,433.64441133789575,437.9421630848395,21706600
2024-09-20,432.0265197753906,435.9669380311288,430.9843560989312,433.962001220441,55167100
2024-09-23,430.2796630859375,433.2076626680782,427.1829169494896,431.0439144432746,15128900
2024-09-24,425.9720153808594,430.1208604741096,422.9248844858402,429.77346247181356,17015800
2024-09-25,428.8900451660156,429.89252867410806,425.3764458799475,426.6270361808483,13396400
2024-09-26,428.0960388183594,432.05629715674354,425.93229062231114,431.847870478453,14492000
2024-09-27,424.83056640625,428.6320438404545,424.2846768880014,428.3044858973661,14896100
2024-09-30,427.09356689453125,427.21269814697155,422.20031052363777,425.01914436125503,16807300
2024-10-01,417.5552062988281,425.28716713975047,415.68921038228643,425.257391898111,19092900
2024-10-02,414.021728515625,419.66933146547984,413.6048448503053,419.4310992466512,16582300
2024-10-03,413.4361572265625,416.4237075893507,411.2029231201695,414.5180314477273,13686400
2024-10-04,412.9596862792969,416.62219231091404,411.87781215445386,415.12343452898295,19169700
2024-10-07,406.48828125,414.0018496365578,405.95229663138974,412.90013544904184,20919800
2024-10-08,411.6197509765625,412.5626841012525,405.1285060524599,407.83814388099404,19229300
2024-10-09,414.3492431640625,417.247497795826,411.2127866111198,412.7611596791307,14974300
2024-10-10,412.7413024902344,414.24006019253727,410.0713450038319,412.1358625356339,13848400
2024-10-11,413.2177429199219,414.0217046730069,410.1706121672714,413.039091483719,14144900
2024-10-14,416.0167236328125,420.88020441582967,414.40876988651684,414.65690697024394,16653100
2024-10-15,415.6197204589844,419.3318721896264,412.1656713035286,419.0340894861109,18900200
2024-10-16,413.01922607421875,413.25742799200697,407.4212689749873,412.0763232895253,15508900
2024-10-17,413.6147766113281,419.35170523704693,412.49319205621896,419.2127339196968,14820000
2024-10-18,415.0440673828125,416.52295489433874,413.1582313681452,414.0316788587722,17145300
2024-10-21,415.6594543457031,415.8381058037946,410.6669366656409,413.019271734373,14206100
2024-10-22,424.32440185546875,427.37150260733677,414.92496672704124,415.37159535996557,25482200
2024-10-23,421.4360656738281,427.86776005710016,419.3814831724278,427.6493981928425,19654400
2024-10-24,421.56512451171875,422.8058101049405,419.2524696034551,422.1606293643247,13581600
2024-10-25,424.9596252441406,429.29705725112956,423.3914119749303,423.5799986091625,16899100
2024-10-28,423.4112243652344,428.72136443906953,423.12337684387694,428.44345209470936,14882400
2024-10-29,428.7313232421875,429.94223358580945,422.62712592652906,424.81074467410167,17644100
2024-10-30,429.3069763183594,435.2324917274877,428.880187758029,434.18039280239805,29749100
2024-10-31,403.3220520019531,413.05894946974416,403.2724064074055,412.2648925685448,53971000
2024-11-01,407.31207275390625,412.40385077597955,404.4634637574288,405.9622215000355,24230400
2024-11-04,405.4162902832031,407.3617068567998,402.54784130454914,406.7463014364753,19672300
2024-11-05,408.3939514160156,411.8083202953773,405.039133016745,405.3269805306338,17626000
2024-11-06,417.04901123046875,417.3170187046076,407.46098932083436,409.3468556567166,26681800
2024-11-07,422.2598571777344,423.66928922885575,416.75122569160607,418.14078738908074,19901800
2024-11-08,419.39141845703125,423.3219017245024,418.6370719639162,422.15070185689933,16891400
2024-11-11,414.8951721191406,421.6444892164841,412.90014011467326,419.37154486777723,24503300
2024-11-12,419.87774658203125,421.27724345465793,414.09120276331856,415.1333664626366,19401200
2024-11-13,422.0316162109375,426.1308158963339,415.09368189625457,418.4981461257373,21502200
2024-11-14,423.7090148925781,424.9794756745813,416.87034165331505,421.83308381585454,30246900
2024-11-15,411.9075927734375,419.64945830467593,410.5577414665236,416.69168340974903,28247600
2024-11-18,412.66192626953125,415.282238255226,409.0291955453545,411.778543667536,24727000
2024-11-19,414.67681884765625,414.82569505476647,408.48329602030253,410.03166915459735,18133500
2024-11-20,412.3939208984375,414.18052617467214,407.52050466835993,413.76364252316546,19191700
2024-11-21,410.61370849609375,417.48594978990576,408.047821251109,417.2074811714516,20780200
2024-11-22,414.72113037109375,415.11893833486243,408.8135895391823,409.1218929874132,24814600
2024-11-25,416.5013732910156,418.778836873561,412.58290247238904,416.09361024787086,27691100
2024-11-26,425.6510925292969,426.69537265560376,416.5610569682543,417.29700327286355,23458900
2024-11-27,420.67840576171875,424.8952553598379,419.71370546967114,422.78681538537654,18332400
2024-11-29,421.1458740234375,422.55812738435895,415.5168010593915,417.7942952020102,16271900
2024-12-02,428.624755859375,430.63370587040276,419.0075879189551,419.26617676175783,20207200
2024-12-03,428.84356689453125,430.1066156030698,425.40245343840513,427.4909833141871,18302000
2024-12-04,435.0295715332031,437.2672755840065,430.26573974460115,430.6635477279166,26009400
2024-12-05,440.2011413574219,442.2300015529848,433.7864078777922,435.5268443828614,21697800
2024-12-06,441.14593505859375,443.6621076103015,439.3557536946216,439.88285607578405,18821000
2024-12-09,443.5825500488281,445.8799237829371,438.09272702914495,440.1812568830996,19144400
2024-12-10,440.9072265625,447.16286075507645,439.186700287295,441.961461676973,18469500
2024-12-11,446.5363464355469,447.8889300799693,441.62334015579273,441.62334015579273,19200200
2024-12-12,447.10321044921875,453.66714837494953,446.65565750056305,446.65565750056305,20834800
2024-12-13,444.8257141113281,448.9629838704377,443.14494732322726,445.98933356109154,20177800
2024-12-16,449.1221008300781,449.70887289523523,442.84658679582157,444.82570192667384,23598800
2024-12-17,451.9764404296875,452.80192160914675,447.1131792784758,448.5453123373024,22733500
2024-12-18,434.999755859375,450.17634202962637,434.6317523490202,448.8536235978926,24444500
2024-12-19,434.6416931152344,440.7580781855559,433.9355816606558,439.2066057877418,22963700
2024-12-20,434.2140808105469,441.3150464611244,426.28763393531244,430.7431322726768,64263700
2024-12-23,432.8714294433594,435.25830776300677,430.4646409959487,434.35327712310794,19152500
2024-12-24,436.92913818359375,437.1976821134136,431.8172430131867,432.27472070918293,7164500
2024-12-26,435.7157897949219,438.5303413291557,434.24389716434194,436.6804901261448,8194200
2024-12-27,428.1772155761719,432.8415878431465,424.020065946368,432.22498090820386,18117700
2024-12-30,422.5083312988281,425.21346797282456,419.5943507529856,423.7316203926744,13158700
2024-12-31,419.1965637207031,424.3979934566231,418.36115784079396,423.77143145899026,13246500
