Price,Close,High,Low,Open,Volume
Ticker,NVDA,NVDA,NVDA,NVDA,NVDA
Date,,,,,
2020-01-02,5.971410274505615,5.971410274505615,5.8920109160937795,5.942537823696139,237536000
2020-01-03,5.875831604003906,5.9196385190543355,5.826797767959651,5.851688071391556,205384000
2020-01-06,5.900473117828369,5.905700039221264,5.756359156713934,5.782493763678408,262636000
2020-01-07,5.971907615661621,6.017705602199702,5.883796256515214,5.928847472247913,314856000
2020-01-08,5.9831085205078125,6.024426358974859,5.927603460274644,5.967676522424236,277108000
2020-01-09,6.048819065093994,6.121249669973034,5.995056308289606,6.069477985719002,255112000
2020-01-10,6.081176280975342,6.186461959258033,6.066989057902304,6.156095965769185,316296000
2020-01-13,6.271834850311279,6.296973919615413,6.141658878781784,6.1643093449606505,319840000
2020-01-14,6.154850959777832,6.254411699514828,6.141658799771101,6.229023390430331,359088000
2020-01-15,6.112288475036621,6.189945996094547,6.086402634683979,6.16754476983772,263104000
2020-01-16,6.195919513702393,6.201893205518962,6.142405527455289,6.16580228926058,284192000
2020-01-17,6.2046308517456055,6.222551926626451,6.157090558824123,6.2150846934070065,253792000
2020-01-21,6.171278476715088,6.2048803152981495,6.137178632668914,6.168042628062491,217916000
2020-01-22,6.225289821624756,6.311907638823189,6.19766167564839,6.216578286834284,239240000
2020-01-23,6.293737888336182,6.302200657894387,6.1765053150200355,6.265363445895095,244516000
2020-01-24,6.234498977661133,6.45900874555275,6.18023822520786,6.409228142895195,373512000
2020-01-27,5.9786295890808105,6.029654509408495,5.780254360819612,5.92984450699228,470536000
2020-01-28,6.172024726867676,6.204381786434849,5.991321394689155,6.044586611311332,310976000
2020-01-29,6.111541748046875,6.19367941361647,6.071716979375738,6.157588498886928,258848000
2020-01-30,6.11826229095459,6.131703216878175,5.958716335413208,6.013723391219513,290504000
2020-01-31,5.884793281555176,6.08441281170146,5.842977903818631,6.072465425278687,370420000
2020-02-03,5.981865882873535,6.001280031189923,5.860401411577187,5.866623870666122,255564000
2020-02-04,6.151116847991943,6.170282699054375,6.073708571920442,6.123737942425535,271544000
2020-02-05,6.241468906402588,6.282288739312522,6.158086458793153,6.272083662399272,208220000
2020-02-06,6.328334808349609,6.328334808349609,6.194674710968497,6.275816837273577,218284000
2020-02-07,6.26212739944458,6.310414462729095,6.2367390915720655,6.288262003363611,189752000
2020-02-10,6.545379161834717,6.546125458004338,6.279800269961156,6.284778426217299,529608000
2020-02-11,6.667838096618652,6.782582072275336,6.591674116500765,6.65365087473123,638556000
2020-02-12,6.783576488494873,6.790048184949101,6.681775449948367,6.720604204444762,374644000
2020-02-13,6.739771366119385,6.8069750522686805,6.698204757771656,6.7255841428124326,528016000
2020-02-14,7.21293306350708,7.341864247595499,7.11859925173715,7.1499607756319765,1041924000
2020-02-18,7.381690502166748,7.400109586747636,7.090226220330708,7.10964036654574,620164000
2020-02-19,7.832947731018066,7.850620039502541,7.504148319348195,7.504148319348195,694332000
2020-02-20,7.683608055114746,7.873271239306523,7.376213808927724,7.784911107523746,810052000
2020-02-21,7.319464683532715,7.596492964996843,7.234589157698324,7.571353892162281,768180000
2020-02-24,6.801995754241943,7.0158029274771545,6.670575487693853,6.725085008489684,856916000
2020-02-25,6.522478103637695,6.9391400759302595,6.420677067964821,6.877163329681892,1055496000
2020-02-26,6.661865234375,6.856009063093413,6.521235875339859,6.522728942479253,747732000
2020-02-27,6.291027545928955,6.649661074979793,6.19862956404981,6.348309154901602,906416000
2020-02-28,6.7261176109313965,6.785640855501683,6.021801890098716,6.038488159697058,1133252000
2020-03-02,6.88451623916626,6.913406434424971,6.500230754612157,6.896221855785766,890744000
2020-03-03,6.622015476226807,7.000074707621005,6.536590903035929,6.940302540308167,652792000
2020-03-04,7.085750102996826,7.095214067663513,6.654642594815356,6.729358180346112,597408000
2020-03-05,6.806313514709473,7.053122811781065,6.761733181949869,6.8862586566635935,540328000
2020-03-06,6.625751972198486,6.684279101658206,6.425514781213348,6.626748103865886,515412000
2020-03-09,6.112707138061523,6.460382267933984,5.93189617639603,5.974732688443355,614160000
2020-03-10,6.502223014831543,6.502223014831543,6.126405362696492,6.3891537507416105,580648000
2020-03-11,6.138360500335693,6.390649312189895,6.041230751854318,6.362257415319011,499964000
2020-03-12,5.387221336364746,5.880591027364499,5.374519589452378,5.615102713156774,816540000
2020-03-13,5.998143196105957,6.002626025956078,5.46940821237534,5.74062440609125,634836000
2020-03-16,4.891361236572266,5.63104297256949,4.831589056647844,5.290091825274877,726972000
2020-03-17,5.411130428314209,5.500540018363488,4.756873781766378,5.003683107514514,833632000
2020-03-18,5.051252365112305,5.228576653519925,4.499853741972362,4.98351065157185,874268000
2020-03-19,5.304039001464844,5.397682034196221,4.816397131506686,5.029833436158726,765512000
2020-03-20,5.124224662780762,5.736142694810276,5.108783431931575,5.454216962280671,804636000
2020-03-23,5.297064304351807,5.391455014961884,4.944159162264522,5.123226756819827,643876000
2020-03-24,6.205852508544922,6.29252262339165,5.679608014732803,5.7032676882386975,1101644000
2020-03-25,6.117189407348633,6.520651674070698,6.068375159691463,6.320912803870535,793432000
2020-03-26,6.406587600708008,6.530614786550064,6.226274460518204,6.324400321803206,696108000
2020-03-27,6.2942657470703125,6.553029611288523,6.193399926742075,6.226274649289893,638828000
2020-03-30,6.61454439163208,6.623759440479443,6.315683052278373,6.359765083207099,602252000
2020-03-31,6.564984321594238,6.858864569074707,6.4192892438059745,6.654642355975329,949960000
2020-04-01,6.053681373596191,6.513429604344959,6.009101514807017,6.36698780602018,656912000
2020-04-02,6.362504959106445,6.375704534296287,6.034753906574363,6.082820463407939,675764000
2020-04-03,6.0746026039123535,6.36649009615311,5.937126452354623,6.324898628338619,663212000
2020-04-06,6.684528350830078,6.721388074533338,6.299246263802596,6.356777264478225,727884000
2020-04-07,6.45116662979126,6.929842768857639,6.408080732488739,6.90618262494853,784520000
2020-04-08,6.648416042327881,6.673321236109589,6.490268608095154,6.560251969858494,542444000
2020-04-09,6.548795223236084,6.797098973754002,6.485785263721914,6.774186520309044,525564000
2020-04-13,6.720640659332275,6.729357405386304,6.400610196985694,6.489023178406291,398408000
2020-04-14,7.071802139282227,7.105921904267473,6.821256743745336,6.848901415569043,530948000
2020-04-15,6.994347095489502,7.0772811110810325,6.858365388629654,6.903692465907267,366148000
2020-04-16,7.339531898498535,7.446623891363686,7.136555700421312,7.149755276394696,745620000
2020-04-17,7.280258655548096,7.4431378364353655,7.146269195802731,7.421719341005348,539120000
2020-04-20,7.149008750915527,7.309646755763209,7.1046777994703785,7.153740970607314,449388000
2020-04-21,6.712173938751221,7.092225554711599,6.652401752330054,7.030959408024558,735160000
2020-04-22,7.126592636108398,7.169429618471471,6.858863158933598,6.90443914682247,483356000
2020-04-23,7.073297023773193,7.300680607092796,7.048142915270509,7.168683884756797,424160000
2020-04-24,7.212266445159912,7.214258708372512,6.988369596969464,7.063085167765885,352328000
2020-04-27,7.398807048797607,7.558697837935552,7.322099201276166,7.346755481740124,479388000
2020-04-28,7.256349563598633,7.576131133509756,7.250870601428661,7.546244805702941,442904000
2020-04-29,7.433175563812256,7.485974343887676,7.315872387428984,7.391085793246775,379160000
2020-04-30,7.279262065887451,7.433175576227724,7.2653152720737095,7.379131275172438,375916000
2020-05-01,7.042662620544434,7.195081677888621,6.994346676217267,7.081763516460374,342096000
2020-05-04,7.254605770111084,7.268303649724436,6.995343614233226,6.995343614233226,317556000
2020-05-05,7.315623760223389,7.478254022804921,7.254606059969678,7.358709664174405,368896000
2020-05-06,7.416489124298096,7.521339946333403,7.357215248209346,7.395071104382327,323464000
2020-05-07,7.5928168296813965,7.656075704098052,7.504403849001382,7.555708193207782,373732000
2020-05-08,7.782841205596924,7.789067383556016,7.630671079144231,7.664541924266465,339216000
2020-05-11,8.034881591796875,8.08170309957165,7.749219851501735,7.777860652267359,469060000
2020-05-12,7.772880554199219,8.141475876196386,7.763167676564852,8.092662098835039,493060000
2020-05-13,7.750466823577881,8.047833283961996,7.565919763396782,7.887444674634261,625852000
2020-05-14,8.000014305114746,8.005493265911744,7.658316022095838,7.811980588801043,602312000
2020-05-15,8.458517074584961,8.468229475653192,7.84410818887275,7.859798329109652,987660000
2020-05-18,8.717031478881836,8.882650575625197,8.64754643650367,8.7272426582343,774460000
2020-05-19,8.772071838378906,9.053000875442939,8.729483772364022,8.75687952652123,717320000
2020-05-20,8.935951232910156,9.008674088152961,8.855009458054237,8.956871428249515,587536000
2020-05-21,8.741939544677734,9.018136441190569,8.704332600633995,9.017140784426273,761068000
2020-05-22,8.991986274719238,9.058483416398547,8.680174695165345,8.791749057156085,1038764000
2020-05-26,8.684656143188477,9.146895451857231,8.639080149199375,9.121989784334003,770780000
2020-05-27,8.492887496948242,8.599978539188397,7.966393195519462,8.59225840000188,1175892000
2020-05-28,8.454782485961914,8.72724372801242,8.347440632541838,8.380315351786827,734896000
2020-05-29,8.841806411743164,8.841806411743164,8.452788765666746,8.522024898256673,745256000
2020-06-01,8.772817611694336,8.807186757654856,8.656511076487767,8.79971553463867,389876000
2020-06-02,8.791746139526367,8.80370066720874,8.62513139441244,8.762856901843334,391320000
2020-06-03,8.736209869384766,8.832592855000327,8.666973728825676,8.788760210275386,365440000
2020-06-04,8.737207412719727,8.913366038653837,8.648504104619935,8.698835276385058,424280000
2020-06-05,8.8901948928833,8.966937271416668,8.678903373646111,8.765114510848656,481748000
2020-06-08,8.775578498840332,8.860044532100977,8.656726674779266,8.847586490803435,387736000
2020-06-09,9.015772819519043,9.079310068553971,8.722008447932014,8.770595476462352,468488000
2020-06-10,9.33545207977295,9.468257079263582,9.122914465127538,9.13711760353273,632180000
2020-06-11,8.76685905456543,9.230304531700545,8.756643212083477,9.119426332138785,583652000
2020-06-12,8.902653694152832,9.156552748064186,8.674169733559346,9.131885688645909,570908000
2020-06-15,9.143095970153809,9.151567666376659,8.714532504819088,8.785794364194377,400004000
2020-06-16,9.038195610046387,9.235783891478814,8.809213678653492,9.194173451926625,535716000
2020-06-17,9.205138206481934,9.267927419876184,9.039941553948669,9.083297097087714,408304000
2020-06-18,9.187196731567383,9.251481048223875,9.084042231277644,9.196166481486612,254408000
2020-06-19,9.230304718017578,9.413440902031782,9.196418878077521,9.211618128210237,524160000
2020-06-22,9.494913101196289,9.499398450886684,9.242260263179192,9.268921432667554,398468000
2020-06-23,9.418423652648926,9.610280548689325,9.376066118055864,9.51908600474059,375108000
2020-06-24,9.20464038848877,9.524567882424472,9.113943905202312,9.4445852960748,449372000
2020-06-25,9.458290100097656,9.47324032161183,9.151568659929675,9.32448899177725,376072000
2020-06-26,9.124407768249512,9.468255196795987,9.094508281132988,9.468255196795987,592084000
2020-06-29,9.169260025024414,9.173745377059104,8.87026221921635,9.139111501780443,342248000
2020-06-30,9.466009140014648,9.494413498629738,9.235532159354005,9.282873073874876,367892000
2020-07-01,9.49815559387207,9.543753337867331,9.38154691760478,9.488936814162441,326648000
2020-07-02,9.580131530761719,9.70496287801594,9.5462447444588,9.606791759332642,364056000
2020-07-06,9.806371688842773,9.875639423686373,9.680045232466764,9.70919763785932,315892000
2020-07-07,9.838762283325195,10.036349625514532,9.817832548502176,9.91301341659674,357800000
2020-07-08,10.181862831115723,10.190833533205263,9.932200150838643,9.960355494904794,365480000
2020-07-09,10.473884582519531,10.534680625125125,10.19930485398848,10.345564945605604,494548000
2020-07-10,10.444233894348145,10.619645438907677,10.344069605250006,10.553367935360455,497676000
2020-07-13,10.018661499023438,10.756188648040855,9.9915022627415,10.559598321190247,457076000
2020-07-14,10.342323303222656,10.367987414796056,9.752799622118072,10.041332443182334,542676000
2020-07-15,10.193077087402344,10.398139114174556,10.0221499268024,10.379452525224961,403984000
2020-07-16,10.100884437561035,10.172643396239954,9.862433724530087,9.98153456717631,344964000
2020-07-17,10.167410850524902,10.214253728012824,10.054041449060465,10.191330819984168,266284000
2020-07-20,10.475627899169922,10.496059580431382,10.122810707249148,10.239918382391592,284852000
2020-07-21,10.293987274169922,10.524714344075875,10.252376826762578,10.477870511785147,277036000
2020-07-22,10.403868675231934,10.567071192485503,10.257110543380008,10.332856798592301,367292000
2020-07-23,10.095900535583496,10.51175592773994,9.997729433642824,10.415079942644432,411660000
2020-07-24,10.160435676574707,10.330116735868573,9.744331183309702,9.842003296535323,473292000
2020-07-27,10.386675834655762,10.40685753635307,10.183606075119817,10.198058237994003,292132000
2020-07-28,10.181363105773926,10.347306809899989,10.17513456146883,10.33958314882518,271636000
2020-07-29,10.430530548095703,10.481110751976058,10.312426746284986,10.356030370319775,284508000
2020-07-30,10.578536987304688,10.5875067417546,10.260851609662177,10.34033521103121,308880000
2020-07-31,10.579279899597168,10.730523377908918,10.398136934745201,10.527951671471635,386080000
2020-08-03,10.973456382751465,11.061660659035894,10.679442128470031,10.69663454379167,412720000
2020-08-04,11.19023323059082,11.19023323059082,10.869558643264735,11.01307753244664,310336000
2020-08-05,11.249034881591797,11.333750889975512,11.128937923168527,11.20642832489523,249924000
2020-08-06,11.297622680664062,11.320047535905452,11.141396727758718,11.311824867203157,244316000
2020-08-07,11.162077903747559,11.4663081040337,11.000619509567368,11.274700240183378,342516000
2020-08-10,11.127692222595215,11.370129298621078,10.82022278340966,11.296377162008786,427796000
2020-08-11,10.813745498657227,11.099537174248944,10.759676058298204,11.03674700971712,354512000
2020-08-12,11.402023315429688,11.428683543710854,10.921633546935348,10.95402521578607,464412000
2020-08-13,11.404764175415039,11.682583177777868,11.317805956078246,11.507419699232717,374460000
2020-08-14,11.525358200073242,11.665637805493732,11.402271013381,11.491471418090741,366436000
2020-08-17,12.295777320861816,12.368284326904558,11.777764359136203,11.811650197220596,621300000
2020-08-18,12.219779968261719,12.454244341215711,12.045863554533579,12.408397573245175,503448000
2020-08-19,12.097940444946289,12.273850054046092,12.057575133532684,12.255412493746544,622624000
2020-08-20,12.10042953491211,12.33364780785689,11.839055920453715,11.934984824565618,921388000
2020-08-21,12.641120910644531,12.765952275951719,12.154501570385419,12.160980095260424,999868000
2020-08-24,12.677743911743164,12.869351736593854,12.465704407569742,12.840697389899471,490564000
2020-08-25,12.707395553588867,12.718607505196225,12.53173404117286,12.588543733917879,289076000
2020-08-26,12.730317115783691,12.825497982451198,12.635385276838319,12.756479283920212,321244000
2020-08-27,12.586051940917969,12.80706120631376,12.524507872251876,12.738789586790235,317604000
2020-08-28,13.103815078735352,13.104064106459427,12.600253456514604,12.632645119907025,537160000
2020-08-31,13.329808235168457,13.529637783388289,12.994183483753126,13.138698459566308,500840000
2020-09-01,13.778937339782715,13.951161114147387,13.395607023063693,13.438974582148031,511316000
2020-09-02,14.302839279174805,14.681932030587575,13.857697349645273,14.659001312168998,874012000
2020-09-03,12.975889205932617,13.842244008175442,12.839555164943249,13.78666378202663,945128000
2020-09-04,12.584086418151855,13.134904769082933,11.669129045305858,12.744844850038128,1463684000
2020-09-08,11.876747131347656,12.51180873225195,11.668632615854657,11.698790157619573,795728000
2020-09-09,12.67630386352539,12.770266753273628,12.194523949860486,12.362261988655698,736200000
2020-09-10,12.274280548095703,13.025487313682381,12.129970490287626,12.949718400854502,698684000
2020-09-11,12.127480506896973,12.613995312644914,11.859548192704617,12.447503719511891,636928000
2020-09-14,12.833075523376465,13.274478080766674,12.592809733807648,13.041190957693448,1201744000
2020-09-15,12.95146369934082,13.25827684989455,12.788710560620874,13.239583723008389,727556000
2020-09-16,12.476411819458008,13.052901848739102,12.47566451281434,12.917814288248492,556384000
2020-09-17,12.425570487976074,12.551436543996568,11.998125242985967,12.095328374077656,792512000
2020-09-18,12.152153015136719,12.594053723671006,11.952263684330296,12.55542196034771,698460000
2020-09-21,12.479155540466309,12.484389539998377,11.868270307160746,11.888708100792234,721044000
2020-09-22,12.599287986755371,12.609506883213678,12.118506402595152,12.536729096807136,646452000
2020-09-23,12.08685302734375,12.688267633843767,12.042489056909767,12.537228000249492,647012000
2020-09-24,12.310420036315918,12.531246325292742,11.977436887126997,12.035510036746839,731240000
2020-09-25,12.834572792053223,12.844293486293763,12.208484591655418,12.409620435413864,588016000
2020-09-28,12.995329856872559,13.012029215529765,12.711197362079012,13.00056385649724,573808000
2020-09-29,13.185500144958496,13.401839758111288,12.893890764359542,12.898127404420933,621460000
2020-09-30,13.4893217086792,13.581041723632554,13.110228983739411,13.117456751765154,689184000
2020-10-01,13.573065757751465,13.720864201885407,13.419783261242403,13.716129357775127,525004000
2020-10-02,13.022496223449707,13.47835426214465,13.011279967523814,13.184751150235252,552496000
2020-10-05,13.600981712341309,13.602726378961242,13.182508924277144,13.195718950444643,479820000
2020-10-06,13.694696426391602,14.098962806423158,13.623414192443873,13.78791202108173,784420000
2020-10-07,13.92150592803955,14.076284034714446,13.821311652905553,13.957147525199865,418084000
2020-10-08,13.796634674072266,14.041637213589913,13.716130905848528,14.032165622756523,378900000
2020-10-09,13.720863342285156,13.782176717356315,13.619174489826392,13.725100932421183,346892000
2020-10-12,14.182705879211426,14.303337929221245,13.870160500693258,13.946925832096596,434744000
2020-10-13,14.204887390136719,14.304832536248611,13.976086024825316,14.252990745562755,344604000
2020-10-14,14.052355766296387,14.299102047163188,13.917517264926445,14.247011144518595,276100000
2020-10-15,13.927483558654785,13.963124193199745,13.725848613045164,13.7687179661636,267224000
2020-10-16,13.769468307495117,14.078525330859124,13.750526075234262,13.994033067930582,242392000
2020-10-19,13.456670761108398,13.940941659706013,13.365947158412617,13.860687006081015,298068000
2020-10-20,13.603972434997559,13.757753145997645,13.4658937231082,13.54216084758087,229212000
2020-10-21,13.483589172363281,13.749527692706033,13.436483176144433,13.583534319654134,219596000
2020-10-22,13.32033634185791,13.570322782592395,13.191479184719874,13.481344799645843,290480000
2020-10-23,13.548892974853516,13.551884104042001,13.250803086839909,13.4090695699437,233484000
2020-10-26,13.101258277893066,13.651080275581299,12.998821141070835,13.386139072977405,336896000
2020-10-27,13.355978965759277,13.401091191687938,13.15135288296143,13.265504460887724,250520000
2020-10-28,12.588570594787598,13.2196444828129,12.570625726226456,13.1578329010127,376520000
2020-10-29,12.98436450958252,13.152600766199777,12.711198200525546,12.799428893206546,320080000
2020-10-30,12.495853424072266,12.897127624944583,12.26256539289727,12.810891669353149,416820000
2020-11-02,12.542462348937988,12.797682807824847,12.357277650821981,12.619227673320147,299652000
2020-11-03,12.979879379272461,13.065118953441976,12.564397661152224,12.669825930824572,272900000
2020-11-04,13.752269744873047,13.78541936200502,13.296411643005507,13.348502540252872,410228000
2020-11-05,14.116908073425293,14.295363240955535,13.948422702036249,14.119400997846638,319028000
2020-11-06,14.517683029174805,14.54435123168051,13.852713125346142,14.066808904462587,383348000
2020-11-09,13.589266777038574,14.646788567995294,13.569328138122051,14.508211652284979,582976000
2020-11-10,12.731138229370117,13.565091772254549,12.589819274547791,13.565091772254549,644068000
2020-11-11,13.377165794372559,13.394114256759353,12.908844961353317,13.014024118289205,404744000
2020-11-12,13.415797233581543,13.72410597697715,13.27547564395454,13.437979695502902,365812000
2020-11-13,13.256532669067383,13.627151186548398,13.019506169381641,13.585777393792211,346312000
2020-11-16,13.47411823272705,13.607959347793312,13.115961496704895,13.132410801829966,413776000
2020-11-17,13.381402969360352,13.554873236552991,13.263263834024546,13.51125656747037,312028000
2020-11-18,13.387879371643066,13.56434071427718,13.144871609900736,13.424268260352187,510924000
2020-11-19,13.399348258972168,13.44645425970634,13.060133711995956,13.172540637998559,565936000
2020-11-20,13.047917366027832,13.453429133028818,13.02523575463115,13.413052708180443,341088000
2020-11-23,13.10000991821289,13.34177124445545,12.975888549093485,13.131164811610757,361356000
2020-11-24,12.918316841125488,13.121944644276242,12.845788145197691,13.10250420793788,346500000
2020-11-25,13.194472312927246,13.229116542601327,12.980376526049833,12.992838294487676,259916000
2020-11-27,13.220890998840332,13.366696632376183,13.130417440912618,13.334295274837999,167276000
2020-11-30,13.36071491241455,13.371682067384777,12.932771486384768,13.224630916672167,286952000
2020-12-01,13.349249839782715,13.487577650555359,13.187991311158573,13.451188755774265,296948000
2020-12-02,13.503278732299805,13.631885841938535,13.193972672278948,13.309868912602697,283360000
2020-12-03,13.359179496765137,13.62245380221974,13.29236421682045,13.55015284836722,199520000
2020-12-04,13.520983695983887,13.52272887825781,13.351949240248947,13.411534613451067,202244000
2020-12-07,13.569347381591797,13.693505430627976,13.462891279477136,13.563862659736298,223244000
2020-12-08,13.31330394744873,13.561369918030191,13.244991722634671,13.547657637897526,271920000
2020-12-09,12.895209312438965,13.377130749546229,12.832881095693237,13.26394306553196,401300000
2020-12-10,12.936591148376465,13.032826279491063,12.814178288836267,12.833625416569115,207764000
2020-12-11,12.977478981018066,12.98421053285206,12.787751552582478,12.93160494842232,209264000
2020-12-14,13.27216625213623,13.351946267194858,13.041552116386985,13.05202320769895,270156000
2020-12-15,13.323772430419922,13.426987323924772,13.15050014382167,13.40280395654116,193016000
2020-12-16,13.206100463867188,13.400314984499127,13.17618224051848,13.385605048694739,223116000
2020-12-17,13.30457878112793,13.342723611361109,13.14227589521306,13.330008033914774,231384000
2020-12-18,13.235518455505371,13.368152289041408,13.034572396275758,13.34222373459072,342064000
2020-12-21,13.295601844787598,13.333248320749014,12.931854563865725,13.038809967226198,302332000
2020-12-22,13.241752624511719,13.300590470023122,13.018119166601265,13.282640295513986,185580000
2020-12-23,12.973490715026855,13.238510170383538,12.969252823219774,13.219562343078225,179144000
2020-12-24,12.958033561706543,13.096402254200223,12.903185387503484,13.001413939538107,97884000
2020-12-28,12.864538192749023,13.026591869149966,12.728164841771385,13.026591869149966,212564000
2020-12-29,12.907672882080078,13.036568140483066,12.806950665901793,12.889473532385182,170372000
2020-12-30,13.109614372253418,13.177427290787712,12.86129923874275,12.954541407319397,225396000
2020-12-31,13.019116401672363,13.114852247724388,12.879500873262884,13.100392438227601,192424000
2021-01-04,13.07745361328125,13.614972534629288,12.926868655114351,13.068229351372885,560640000
2021-01-05,13.367902755737305,13.406545935001123,13.051026213036597,13.063740838543046,322760000
2021-01-06,12.579824447631836,13.20859112644938,12.551403186013745,13.186152937941964,580424000
2021-01-07,13.307317733764648,13.340975488936348,12.85107587775355,12.93185258806022,461480000
2021-01-08,13.240255355834961,13.384108767241065,13.006150826604271,13.325770230121712,292528000
2021-01-11,13.584056854248047,13.922624053204572,13.325768975700742,13.381863973703096,518344000
2021-01-12,13.447684288024902,13.716693420172598,13.308318890305022,13.71469811107587,291476000
2021-01-13,13.49455451965332,13.587548473937822,13.34820839879639,13.452919325025922,210028000
2021-01-14,13.163966178894043,13.562367967731841,13.144270823265234,13.53768624146409,283120000
2021-01-15,12.824153900146484,13.28862346617221,12.813184454650736,13.191640785837246,277780000
2021-01-19,12.989444732666016,13.058005172038438,12.808692408387339,12.980468697115558,226188000
2021-01-20,13.329010963439941,13.393582699187647,13.020860317595421,13.07570848862872,258572000
2021-01-21,13.829383850097656,13.960771826249918,13.216572829947745,13.381617621793474,337780000
2021-01-22,13.674806594848633,13.803701836442649,13.589791029609232,13.702231154807055,246820000
2021-01-25,13.615718841552734,13.790487156750563,13.200114475431374,13.743865597572096,251112000
2021-01-26,13.398319244384766,13.607242728216683,13.350700028651303,13.543169347286403,163980000
2021-01-27,12.882240295410156,13.19637396224908,12.758580615611837,13.193631126183904,371272000
2021-01-28,13.015125274658203,13.303082210264922,12.924874161260108,12.960526280295204,228316000
2021-01-29,12.954044342041016,13.29809628981569,12.87600950015219,13.039059912250814,271552000
2021-02-01,13.200615882873535,13.234272695684933,12.867284187944932,13.017370804876167,217204000
2021-02-02,13.519485473632812,13.534692808775095,13.2489803634068,13.361919791975675,220440000
2021-02-03,13.493309020996094,13.893455987895509,13.479347563771617,13.598518301922557,245408000
2021-02-04,13.626688957214355,13.635913218107342,13.301086528167751,13.493805009925891,201340000
2021-02-05,13.553640365600586,13.699489073194439,13.508514810660003,13.68727279952196,169152000
2021-02-08,14.39906120300293,14.433964843253122,13.689516798307066,13.689516798307066,434624000
2021-02-09,14.224044799804688,14.543164907992347,14.183406307616304,14.301331166039105,287560000
2021-02-10,14.723664283752441,14.864027306919034,14.302076862608281,14.423492061708066,485352000
2021-02-11,15.208829879760742,15.230271368597624,14.883975869271497,14.93907417108014,450828000
2021-02-12,14.920125007629395,15.24921783167627,14.734386284539758,15.008630938614067,374756000
2021-02-16,15.288110733032227,15.330245229763257,14.908905968770373,15.022842106467083,321960000
2021-02-17,14.865026473999023,15.181653843057108,14.739372419976553,15.129297432433582,274756000
2021-02-18,14.788238525390625,14.832366426903295,14.534936058505934,14.688513024909678,233868000
2021-02-19,14.885470390319824,15.135281542586627,14.805939546070965,14.983200582071147,271724000
2021-02-22,14.316289901733398,15.09165291084258,14.285624151494561,14.734137853745677,325884000
2021-02-23,14.103124618530273,14.199608916794029,13.352692667005291,14.036557585623669,391780000
2021-02-24,14.459144592285156,14.466873798767557,13.718186928105693,14.08392951702053,448320000
2021-02-25,13.270920753479004,14.335237389749665,13.179922110478243,14.006892084424166,824436000
2021-02-26,13.676801681518555,13.816416237507147,13.324273025541691,13.71469638167772,500932000
2021-03-01,13.803703308105469,13.88672452437137,13.515996475820742,13.83686176922663,353184000
2021-03-02,13.369399070739746,13.88223530907015,13.359177154508128,13.861791476606916,264116000
2021-03-03,12.769552230834961,13.41452391633515,12.763568206502914,13.38934384192077,377592000
2021-03-04,12.336247444152832,12.939335789618218,12.050534974127624,12.765564152325203,573344000
2021-03-05,12.42724609375,12.515502848468161,11.647145933179123,12.515502848468161,542840000
2021-03-08,11.561385154724121,12.43697119820471,11.534708116548192,12.415779834046562,543112000
2021-03-09,12.490147590637207,12.58641501783026,12.030255542246021,12.10108493423408,521824000
2021-03-10,12.438270568847656,12.948789343601785,12.427546599713711,12.809625103978197,384376000
2021-03-11,12.962255477905273,13.014879220865792,12.703878446520958,12.918860131645657,299916000
2021-03-12,12.825087547302246,12.857758928939543,12.559727352850821,12.617836764895445,243964000
2021-03-15,13.159529685974121,13.174992482607134,12.73654946497794,12.833814860693973,221988000
2021-03-16,13.259289741516113,13.480007299381086,13.085208884498742,13.32438228405573,272128000
2021-03-17,13.309168815612793,13.420899002952599,12.958264293236667,13.008393510718971,243864000
2021-03-18,12.69190788269043,13.152298347489506,12.686421267581059,13.104912906401868,293896000
2021-03-19,12.814863204956055,12.890431419823496,12.5821743721186,12.719343573319318,299208000
2021-03-22,13.154541969299316,13.362291255316855,12.875714049668227,12.881700139570604,297804000
2021-03-23,13.039322853088379,13.312414000150486,12.989941406885286,13.222380982522449,222048000
2021-03-24,12.61259937286377,13.12760865112876,12.606364971908212,13.119627514303462,245840000
2021-03-25,12.505106925964355,12.684175871219672,12.24249054916358,12.46944345512257,295144000
2021-03-26,12.80837631225586,12.82533563189145,12.343746514897376,12.524311038193582,363968000
2021-03-29,12.917118072509766,13.031093561541004,12.669464937499475,12.78942556677692,273520000
2021-03-30,12.840799331665039,12.944050827838632,12.674450333195036,12.811120995907123,200204000
2021-03-31,13.316152572631836,13.438108208887822,12.951281759841349,12.984202398913382,314776000
2021-04-01,13.778538703918457,13.836648110919834,13.47876041797206,13.539614559484464,308276000
2021-04-05,13.95386791229248,13.980303943139157,13.699979457265435,13.834156560746564,255672000
2021-04-06,13.828169822692871,14.020456332659267,13.740382073163454,13.966087750801348,191744000
2021-04-07,14.109491348266602,14.209250320839418,13.678529960940079,13.847372523873123,251284000
2021-04-08,14.282572746276855,14.436701232572581,14.214735472199942,14.218477253852367,244416000
2021-04-09,14.365374565124512,14.373355701924647,14.140916152427023,14.179821934797358,195172000
2021-04-12,15.172429084777832,15.315584361496741,14.105251501924828,14.25538991646509,869324000
2021-04-13,15.641798973083496,15.66224986441884,15.089380402048157,15.1948762146413,676212000
2021-04-14,15.240265846252441,15.682698986670525,15.190884408077046,15.587428630492008,385500000
2021-04-15,16.098447799682617,16.17526231313936,15.593913254880118,15.62483885030277,598480000
2021-04-16,15.874236106872559,16.126877246571755,15.827098981535388,16.014397368188778,335208000
2021-04-19,15.324812889099121,15.769491335621629,15.196372615942284,15.499143036450203,404420000
2021-04-20,15.134770393371582,15.459736511655237,14.927021094143807,15.286404377411316,334132000
2021-04-21,15.323564529418945,15.325559575615895,15.065935280538172,15.082395125198843,216776000
2021-04-22,14.814541816711426,15.401377489777921,14.747951796422132,15.338029776421406,277788000
2021-04-23,15.228545188903809,15.29812730885152,14.864423053111361,14.89834074512175,227500000
2021-04-26,15.440781593322754,15.441779592128006,15.08863072223856,15.148486866025387,197796000
2021-04-27,15.344764709472656,15.632820106046,15.317579942840933,15.541041312310584,164572000
2021-04-28,15.240015029907227,15.494901444335325,15.178912578480473,15.327554459461606,209416000
2021-04-29,15.2878999710083,15.399380906253088,15.035258815534373,15.362968697181216,173196000
2021-04-30,14.973407745361328,15.328053131684458,14.96093799310581,15.138011900106177,201912000
2021-05-03,14.801074028015137,15.210088002136116,14.751942803190856,15.088630880297941,203912000
2021-05-04,14.316742897033691,14.60230473867422,13.976563208724803,14.602055476784498,405324000
2021-05-05,14.42373275756836,14.777879613344718,14.352903386413088,14.673630127077862,292024000
2021-05-06,14.488077163696289,14.536211337658232,14.1838112261219,14.460393877260257,193380000
2021-05-07,14.776633262634277,14.934751859009099,14.636471034155644,14.772643170075382,229328000
2021-05-10,14.231447219848633,14.770397986562724,14.215735160013324,14.751692881602263,268904000
2021-05-11,14.271848678588867,14.320232115929393,13.716936623027907,13.791756087059111,285584000
2021-05-12,13.725417137145996,14.225960648008476,13.676285911200809,13.97581304781882,303408000
2021-05-13,13.632390022277832,14.04689153989146,13.426635785921249,14.00000367438786,285404000
2021-05-14,14.208751678466797,14.293547327705214,13.71544058063384,13.856600805253224,258616000
2021-05-17,14.131439208984375,14.135180040011685,13.82019008010869,14.12295954801123,216980000
2021-05-18,13.982048034667969,14.369614071089012,13.970326067682649,14.232694152038103,186256000
2021-05-19,14.031929016113281,14.045646030339208,13.510685329671647,13.533879052089034,344000000
2021-05-20,14.577363014221191,14.64844164861803,14.236185378840139,14.268108020734257,321592000
2021-05-21,14.955700874328613,15.185397577080348,14.833745230232525,15.127287217753507,672992000
2021-05-24,15.574460983276367,15.707140602698978,15.139508535207892,15.175920747126446,554816000
2021-05-25,15.610122680664062,15.780461753336073,15.445270222634818,15.728088225317293,435408000
2021-05-26,15.662248611450195,15.755773186301269,15.54877262201577,15.6964165149048,370440000
2021-05-27,15.450757026672363,15.712127097669416,15.422824478053286,15.661997876985225,581476000
2021-05-28,16.205440521240234,16.2383621189747,15.463729406405106,15.463729406405106,644536000
2021-06-01,16.22539520263672,16.348848357597735,15.86501382601704,16.230882770629005,472804000
2021-06-02,16.73790740966797,16.87807060542616,16.196463014308506,16.213173074788646,594168000
2021-06-03,16.928945541381836,17.217501361578147,16.543126215762054,16.66059325231189,580008000
2021-06-04,17.535980224609375,17.61852965145424,17.054391161027514,17.07134857602017,617120000
2021-06-07,17.576637268066406,17.769672544203313,17.151413567669685,17.529003506579848,575756000
2021-06-08,17.415021896362305,17.57912560790195,17.209515985745714,17.48510252480125,323848000
2021-06-09,17.320480346679688,17.536759822813195,17.2182043631533,17.477638864993665,381656000
2021-06-10,17.387086868286133,17.45394243316994,17.13862998406596,17.312251191139808,287772000
2021-06-11,17.78646469116211,17.900216958481,17.405794552795143,17.441466201080342,416308000
2021-06-14,17.979536056518555,18.000240945148853,17.62431180398702,17.86703232624897,321376000
2021-06-15,17.749792098999023,17.977047292047796,17.6894245538106,17.87601791631772,243032000
2021-06-16,17.771493911743164,17.915680208021012,17.54623517817857,17.752037516457413,307124000
2021-06-17,18.616653442382812,18.794016313609266,17.71761484251838,17.735824645418788,809656000
2021-06-18,18.59819221496582,19.33284006116205,18.543560909250996,18.743126471161645,968856000
2021-06-21,18.387157440185547,18.49617076329271,17.783972843404893,18.3951394558826,672384000
2021-06-22,18.845651626586914,18.922485642518183,18.345991671655227,18.431306338920116,580144000
2021-06-23,19.01578140258789,19.111074543121184,18.866606814049042,18.966389599449883,332356000
2021-06-24,19.163707733154297,19.377741399109176,19.04671243218289,19.185910442980276,320924000
2021-06-25,18.989587783813477,19.303404223942387,18.853385408046595,19.23854513411133,278364000
2021-06-28,19.941513061523438,20.03505906064387,19.276961918357816,19.31911966222412,495436000
2021-06-29,19.98317527770996,20.055017215462307,19.614228825317294,19.839238276802046,367632000
2021-06-30,19.95897674560547,20.118628446569623,19.82052857801329,19.95573369553224,326568000
2021-07-01,20.168018341064453,20.411486876492948,19.975437519629107,20.08120776067814,480136000
2021-07-02,20.442420959472656,20.4606326644844,20.243605247031763,20.39577356791263,342764000
2021-07-06,20.653457641601562,20.796644746775126,20.30596603232523,20.692372332097793,446708000
2021-07-07,20.327423095703125,20.829578198509008,20.287760440149647,20.808125345658777,418428000
2021-07-08,19.85944175720215,20.089190140861685,19.657881642886462,19.813293005932845,503300000
2021-07-09,20.006620407104492,20.03655581322756,19.71126496551043,19.919061865932267,296624000
2021-07-12,20.467864990234375,20.488069342209744,20.143820756965503,20.195956968157407,321984000
2021-07-13,20.205936431884766,20.416727060901955,20.070232684721518,20.356108292394367,290708000
2021-07-14,19.79832649230957,20.37332271425502,19.709770667963955,20.313453800297573,380100000
2021-07-15,18.924978256225586,19.803812368700406,18.817462784825665,19.76863936319623,550564000
2021-07-16,18.121479034423828,19.11531192190725,18.03367118647198,18.989088021526594,688224000
2021-07-19,18.73888397216797,19.000562281758246,17.82662215845815,17.876265175806928,749060000
2021-07-20,18.571502685546875,18.797010777094258,18.12447750978591,18.68924596628745,434687000
2021-07-21,19.36776351928711,19.484509504843942,18.701217823912717,18.84091257367424,371017000
2021-07-22,19.55136489868164,19.84372662347577,19.23405604931324,19.599260789514425,323826000
2021-07-23,19.515443801879883,19.657135018315007,19.20811342375311,19.613230134811644,195672000
2021-07-26,19.252016067504883,19.399692825674848,18.872841897721102,19.26897927272138,203943000
2021-07-27,19.166208267211914,19.579307062809807,18.700223385911897,19.223083457406325,248863000
2021-07-28,19.4605655670166,19.60325407695573,18.953671453666907,19.276965899598764,202191000
2021-07-29,19.619216918945312,19.809801295260304,19.285942151974933,19.476526528289924,190781000
2021-07-30,19.456571578979492,19.5872851431943,19.221085043730636,19.375746552479082,183497000
2021-08-02,19.70702362060547,19.917564922094176,19.318870152980445,19.657133182845243,217444000
2021-08-03,19.77188491821289,20.17799891261404,19.178178365355716,19.697047350024675,301811000
2021-08-04,20.229881286621094,20.27378616110394,19.78485079050306,19.94649891197345,231309000
2021-08-05,20.59209442138672,20.687886201830914,20.297736245228386,20.455393391942923,211435000
2021-08-06,20.321685791015625,20.525242388893872,20.166025087132084,20.47934295014833,178497000
2021-08-09,20.250837326049805,20.463373174637802,20.09916765795031,20.401507815113106,146443000
2021-08-10,19.89261817932129,20.385542670400767,19.79183622926522,20.277777886663465,179238000
2021-08-11,19.656137466430664,20.005376301869095,19.387723666623643,19.999388839259684,185925000
2021-08-12,19.86168670654297,19.985415523113826,19.577307028801506,19.826763020027222,151652000
2021-08-13,20.144071578979492,20.170015978629,19.80780498184974,19.861688332999737,183063000
2021-08-16,19.906587600708008,20.242854149010494,19.41066747718719,20.091184489631814,210876000
2021-08-17,19.41566276550293,19.726984178726454,19.225078365407622,19.642168135124585,204585000
2021-08-18,18.99856948852539,19.591276795483786,18.958655615799096,19.457567605688546,285913000
2021-08-19,19.75491714477539,20.450400878679368,18.721170421448875,19.45157783824922,766555000
2021-08-20,20.77070426940918,20.819597432017076,19.889626260196447,19.947498712068025,675741000
2021-08-23,21.910219192504883,21.949133886284063,20.90441319662244,20.925367408903398,575807000
2021-08-24,21.745574951171875,21.911214079638796,21.488136970300392,21.705662985882327,297299000
2021-08-25,22.164663314819336,22.421104046091774,21.674732519315285,21.689699269925534,347701000
2021-08-26,22.019987106323242,22.29139467228479,21.74259207698347,22.151699881451464,237940000
2021-08-27,22.586746215820312,22.672559530752437,22.118766845641883,22.135730053430702,304722000
2021-08-30,22.638629913330078,22.992856965224522,22.501928897563953,22.780321114727492,262580000
2021-08-31,22.34023094177246,22.649610418661787,22.07576154245852,22.649610418661787,259850000
2021-09-01,22.396120071411133,22.651608612976148,22.31228842907908,22.44003269986159,201767000
2021-09-02,22.351205825805664,22.547812310017605,22.25040800270962,22.47296155557909,187834000
2021-09-03,22.79731559753418,22.940029254710744,22.155601914389685,22.280351920881667,280532000
2021-09-07,22.616676330566406,22.853201839870717,22.476955038166476,22.78733385604332,198107000
2021-09-08,22.294322967529297,22.56478087939906,21.93304554697287,22.467974756413398,254434000
2021-09-09,22.132652282714844,22.492930445155107,22.086744741854414,22.267382549106202,196856000
2021-09-10,22.433046340942383,22.580749164339206,22.225462142459637,22.303305265123626,248376000
2021-09-13,22.107696533203125,22.91807281122728,21.814283907426397,22.638632124604968,297500000
2021-09-14,22.19751739501953,22.365180670228554,22.041829252239435,22.230450436849587,199755000
2021-09-15,22.29631805419922,22.32226702933247,21.922068046643588,22.26438246471781,166538000
2021-09-16,22.19751739501953,22.23244724402141,21.883146850468606,22.13863537762579,156033000
2021-09-17,21.856201171875,22.276358729644986,21.78634147147786,22.255400819525846,294503000
2021-09-20,21.07077980041504,21.3901395706077,20.620681481856906,21.103712848743147,349440000
2021-09-21,21.203510284423828,21.38215125048183,20.908102728704673,21.374167828404968,204688000
2021-09-22,21.897119522094727,21.916080624957903,21.1536086323404,21.32326872039302,268726000
2021-09-23,22.437036514282227,22.48993001213596,21.846219550581797,22.095719552405832,248555000
2021-09-24,22.036836624145508,22.104701413701314,21.817277316905088,22.025858944313566,217655000
2021-09-27,21.616682052612305,21.755404005848817,21.282352932207125,21.666581296288438,245215000
2021-09-28,20.6575984954834,21.376159612501304,20.60969416721105,21.171569717468966,343069000
2021-09-29,20.475967407226562,20.974967436696247,20.426066262159164,20.89812176717991,218394000
2021-09-30,20.67456817626953,21.023868566643813,20.646624297322308,20.72646422339066,221009000
2021-10-01,20.700519561767578,20.817284253734588,20.162596022334878,20.70850298424373,240978000
2021-10-04,19.692535400390625,20.500914828409346,19.515889363226243,20.462990723640694,345635000
2021-10-05,20.410097122192383,20.606703614215917,19.814291032214488,19.910099697137067,279282000
2021-10-06,20.658599853515625,20.678558405952703,20.03983904315381,20.079759955095664,297202000
2021-10-07,21.032854080200195,21.279359860215873,20.930059424392763,21.049818377310597,256919000
2021-10-08,20.78934097290039,21.163591037658318,20.73345320688226,21.05880147637432,151258000
2021-10-11,20.653608322143555,21.020872328180136,20.469976319125266,20.533849396085518,163388000
2021-10-12,20.629657745361328,21.01488542962795,20.48694409410736,20.786343335849473,162134000
2021-10-13,20.89712142944336,20.948020023959177,20.67157359423693,20.876163520560485,180652000
2021-10-14,21.70250701904297,21.711487891625207,21.07975450727623,21.245422863057826,243589000
2021-10-15,21.81827735900879,21.887139608488418,21.61867848423863,21.76638130893241,226994000
2021-10-18,22.177562713623047,22.246424977743196,21.600717521874202,21.705508999706975,189494000
2021-10-19,22.24542236328125,22.33424316603566,21.992928087947277,22.23144851974982,161473000
2021-10-20,22.058792114257812,22.38813200041304,21.938033838745277,22.260387756156813,146276000
2021-10-21,22.646615982055664,22.665578987578353,22.038834713601,22.052806653024465,187590000
2021-10-22,22.680545806884766,23.083737100831723,22.515876811429035,22.777351920065165,249384000
2021-10-25,23.119665145874023,23.308286297280308,22.724457292279613,22.927050380827104,230235000
2021-10-26,24.66756248474121,25.20848014915591,23.87614929818743,23.94101982441546,485898000
2021-10-27,24.402101516723633,25.039823542144607,24.233438869531152,24.425056235559975,245990000
2021-10-28,24.891117095947266,24.90009987226835,24.473953841800572,24.82824337230128,234204000
2021-10-29,25.5158634185791,25.65757960533871,24.94999802677778,24.950995478481122,292503000
2021-11-01,25.775346755981445,25.84221219536564,25.176546349928994,25.597703250995217,265740000
2021-11-02,26.348201751708984,26.624648227209995,25.748403812668702,25.770361080515837,294112000
2021-11-03,26.5448055267334,26.730434362718334,26.182532535600384,26.616662034553446,239910000
2021-11-04,29.74139976501465,31.302271004149627,27.063765096132737,27.174543161407875,1153631000
2021-11-05,29.692501068115234,31.337204116332863,29.351184059753496,30.12663059742541,851260000
2021-11-08,30.74239158630371,31.037799102057534,29.847184359236596,30.088700927961273,503101000
2021-11-09,30.595685958862305,32.24538176052157,29.904073062161725,32.21743788200978,646746000
2021-11-10,29.400083541870117,30.788302378116978,28.720445741430538,29.297290799147905,636206000
2021-11-11,30.329219818115234,30.528820582340575,29.717446845019683,30.407064839506024,332172000
2021-11-12,30.329219818115234,30.61864073588858,29.570739579006492,29.949980650327845,413054000
2021-11-15,29.964948654174805,30.582710116516562,29.18850480100887,30.490895063626596,384909000
2021-11-16,30.142595291137695,30.329221578709124,29.646589514238254,29.699484919054914,264484000
2021-11-17,29.202476501464844,30.447981547626284,28.74239807841578,30.357162043693286,428508000
2021-11-18,31.611652374267578,32.69448156798128,31.25836024785355,32.30226978286046,781711000
2021-11-19,32.91903305053711,33.02182769774817,31.841193046741573,32.17851641694314,533867000
2021-11-22,31.89208984375,34.577708036360065,31.836202083077225,33.449966883105866,754335000
2021-11-23,31.682510375976562,32.295282736128016,30.81824119216291,31.471931920487798,532163000
2021-11-24,32.608646392822266,32.789284119289604,30.866138391723283,31.39807324788574,435162000
2021-11-26,31.43999481201172,32.64457966062736,31.287300931151513,32.5347990495651,283069000
2021-11-29,33.309242248535156,33.345169542422454,31.971922305155605,32.3012640811016,454964000
2021-11-30,32.61064147949219,33.286289320748715,31.800267238407486,33.10265543132949,622066000
2021-12-01,31.37596893310547,33.22648937553363,31.321071910811057,33.15662113034689,484368000
2021-12-02,32.065677642822266,32.41701789331646,30.966745117568845,31.155391320558387,472890000
2021-12-03,30.63536262512207,32.06866679334189,30.073418249201556,31.93990742713199,544325000
2021-12-06,29.98059844970703,30.184213955522704,27.985351538874998,29.823891765097652,658938000
2021-12-07,32.36610794067383,32.388069797769525,30.593443775729348,30.898870840520747,593053000
2021-12-08,31.766237258911133,32.22936665896323,31.361997083719526,31.93891273407669,475551000
2021-12-09,30.4327449798584,32.14452657125806,30.370861130677735,31.67440845151027,488507000
2021-12-10,30.14129638671875,31.246218094408984,29.80492928696764,31.091508456571738,488825000
2021-12-13,28.10811996459961,30.23711604757903,28.063204387226193,30.192200470205613,598344000
2021-12-14,28.283790588378906,28.62414988562298,27.198831790185054,27.646988094330553,667035000
2021-12-15,30.40180015563965,30.44272352655923,27.78572188714868,28.346666771846056,698297000
2021-12-16,28.333694458007812,31.101488076890632,28.040247806036877,31.0935036779133,707366000
2021-12-17,27.748802185058594,28.867697715019865,27.70787880003111,27.93245672684387,713758000
2021-12-20,27.666954040527344,28.091155289391608,27.094032389907298,27.253731817980952,461847000
2021-12-21,29.02040672302246,29.06532230281092,27.349548297152086,28.320722775354362,524385000
2021-12-22,29.344789505004883,29.499499116629394,28.395575169968165,28.836746480611346,395184000
2021-12-23,29.584341049194336,30.002554870487856,29.37573387738273,29.699124872385887,343022000
2021-12-27,30.886892318725586,31.02862587436844,29.5843424948647,29.60430539650839,403686000
2021-12-28,30.26506233215332,31.271168947003392,29.955643074521873,31.2532030974109,420591000
2021-12-29,29.944665908813477,30.490639678133004,29.31085803394105,30.216156432483913,343139000
2021-12-30,29.530447006225586,30.39981182469049,29.484533852253946,29.77099370539125,308864000
2021-12-31,29.355772018432617,29.973611060798575,29.275922316693343,29.61827865061022,266530000
2022-01-03,30.064441680908203,30.653333982242014,29.729072150971678,29.75901650492273,391547000
2022-01-04,29.235000610351562,30.410788077798994,28.295767620650075,30.22014674983897,527154000
2022-01-05,27.55216407775879,29.360761698058194,27.481298257590556,28.894637691840398,498064000
2022-01-06,28.125083923339844,28.38459589679658,27.01417506594957,27.588094128988374,454186000
2022-01-07,27.19583511352539,28.36862983168805,27.006191363941724,28.088157358592493,409939000
2022-01-10,27.348546981811523,27.417417654983364,25.595843939583116,26.531084683751956,594681000
2022-01-11,27.7647647857666,28.012300188933875,26.788602534334327,27.27169293480433,404089000
2022-01-12,27.946422576904297,28.54130214361539,27.55615607066516,28.014293771184857,383413000
2022-01-13,26.525102615356445,28.426524502555264,26.44824562453565,28.325714311206685,540171000
2022-01-14,26.891407012939453,27.145929233083393,26.160781232241586,26.25061238008451,395832000
2022-01-18,25.854358673095703,26.58797908364764,25.7216090020734,26.2106886411857,424270000
2022-01-19,25.01993179321289,26.49316017949836,25.0049605675219,26.030032623213764,488315000
2022-01-20,24.104650497436523,25.530967959224068,24.032785197192773,25.256484737844872,435181000
2022-01-21,23.330108642578125,24.77638710347708,23.219317018447754,23.46285831524654,718958000
2022-01-24,23.328109741210938,23.33609413936129,20.848775161443296,22.28806668333725,913982000
2022-01-25,22.28207778930664,22.8999167724202,21.958686813841695,22.50366102354194,664616000
2022-01-26,22.72924041748047,24.011827423023504,22.25812656917823,23.196362065948026,755959000
2022-01-27,21.902793884277344,23.949943118284583,21.634298006261155,23.523744891563638,573353000
2022-01-28,22.797109603881836,22.815075451930607,21.25600841056538,21.970663459736492,543774000
2022-01-31,24.440019607543945,24.462977133356745,23.008712395145714,23.138467440076713,564680000
2022-02-01,24.59173583984375,25.097783776901416,23.845139319795777,25.05686040019819,518925000
2022-02-02,25.194602966308594,25.768522130396807,24.506895639622556,25.74556650609357,543419000
2022-02-03,23.90302848815918,25.029908072459417,23.735344703016967,24.412070997898297,410178000
2022-02-04,24.273332595825195,24.588739177218162,23.58762241066988,23.926984090983428,354829000
2022-02-07,24.681570053100586,25.13471616731437,24.15655672349197,24.32623759874829,376868000
2022-02-08,25.060850143432617,25.18262078390115,23.93496812631072,24.313256122719576,410359000
2022-02-09,26.654850006103516,26.674812904559502,25.305389673007348,25.573883613303288,524282000
2022-02-10,25.77550506591797,26.874437353913997,25.551926685480243,25.946185380289258,513200000
2022-02-11,23.90402603149414,26.10289007984374,23.728357848359828,25.86733319886346,605472000
2022-02-14,24.221431732177734,24.828289834461444,23.71039212787544,23.88905685535075,440424000
2022-02-15,26.44525146484375,26.495156818881654,24.73746374922691,24.902152940565774,699869000
2022-02-16,26.461217880249023,26.532085608817162,25.50401903586401,26.209692177134915,732676000
2022-02-17,24.460981369018555,25.736581452365122,24.11962451189877,25.58187182193536,810595000
2022-02-18,23.59760284423828,24.9390788071821,23.056620849761693,24.621675187979402,761255000
2022-02-22,23.3460750579834,24.018809132905393,22.956808052387423,22.99174217320928,633422000
2022-02-23,22.344959259033203,24.109640738571336,22.259122217935253,23.757302986970867,566511000
2022-02-24,23.703405380249023,23.755307780737613,20.85077230875615,20.975537584713315,735801000
2022-02-25,24.11163902282715,24.171525825370416,23.337097078130533,23.67645879882094,528866000
2022-02-28,24.339204788208008,24.61867962885337,23.662478586208806,23.946943199112745,477319000
2022-03-01,23.432912826538086,24.331224277912092,23.08856137268932,24.24538533197261,412056000
2022-03-02,24.17863655090332,24.367314859416226,23.375012924275463,23.715430170569824,389642000
2022-03-03,23.673507690429688,24.284462178005864,23.428925204131293,24.22057038013942,365095000
2022-03-04,22.89683723449707,23.63956632464459,22.44361197456797,23.344072221609487,431415000
2022-03-07,21.31553840637207,22.99366957519838,21.29357661355549,22.778036910806225,450821000
2022-03-08,21.477262496948242,22.334794916725333,20.614737548911382,21.27261263240515,557467000
2022-03-09,22.974695205688477,23.180342761598634,22.209004937727432,22.348765227754615,492742000
2022-03-10,22.619312286376953,22.749089472870537,21.844636335696293,22.49252833223174,428066000
2022-03-11,22.062259674072266,23.10547517835585,22.00835103815082,22.98268413168652,367209000
2022-03-14,21.293577194213867,22.223984935444683,21.1228696629952,21.83165636562604,385354000
2022-03-15,22.93376922607422,22.998658760543933,21.285589521638904,21.48125396490625,491996000
2022-03-16,24.454166412353516,24.55499375860864,23.132428112457045,23.45986707580395,671422000
2022-03-17,24.72370719909668,24.799575721071584,23.865175234327694,24.078810481624476,471941000
2022-03-18,26.40782928466797,26.523632336039043,24.58195382630277,24.75665424333878,730719000
2022-03-21,26.688344955444336,27.1056322996586,25.9226545818627,26.46173332477092,591727000
2022-03-22,26.47870445251465,27.191485837108747,26.02747667962691,26.681356900710014,547007000
2022-03-23,25.59022331237793,26.566551830371044,25.531324056699113,26.081381754918112,502120000
2022-03-24,28.101926803588867,28.27163656434752,25.862757228731745,26.12131570154282,877379000
2022-03-25,27.644712448120117,28.309575549001572,27.22443182189707,27.83838141653964,579016000
2022-03-28,28.170808792114258,28.20175598887805,27.159538258056838,27.7086001365783,425494000
2022-03-29,28.6070613861084,28.89656513363498,27.932215265638384,28.6459943401127,488984000
2022-03-30,27.642717361450195,28.4473408000527,27.456036406622033,28.255669220975694,463487000
2022-03-31,27.239404678344727,28.19976182359006,27.22343315824655,27.734557979128112,523440000
2022-04-01,26.6663818359375,27.449043337221056,26.222142099994546,27.32824968844568,517235000
2022-04-04,27.313274383544922,27.510936187528703,26.567550391428444,26.68235376250026,397120000
2022-04-05,25.886716842651367,27.27234701333075,25.775906338753042,27.207457482051094,436615000
2022-04-06,24.365320205688477,25.256794895732096,23.96201077926556,24.891420684040277,703833000
2022-04-07,24.166662216186523,24.6797844406639,23.437909232802625,24.399264143647642,557992000
2022-04-08,23.079517364501953,23.8821451640923,23.022615499945015,23.876154892846948,524781000
2022-04-11,21.87957000732422,22.28188164284784,21.623008941888777,22.17606367480143,575207000
2022-04-12,21.467273712158203,22.686189075289338,21.24565273704345,22.498510428705718,662258000
2022-04-13,22.165081024169922,22.461574693624115,21.4183592594677,21.690893748355325,516943000
2022-04-14,21.221698760986328,22.738105886263995,21.12686167069094,22.466569095536702,569097000
2022-04-18,21.745800018310547,22.050277541011962,21.043001834669003,21.163795480742376,525701000
2022-04-19,22.160093307495117,22.33479370527867,21.277602102469054,21.682908929418428,512781000
2022-04-20,21.445314407348633,22.631285322979373,21.163796404887236,22.47854673100078,468974000
2022-04-21,20.14853286743164,22.35376006262199,19.965844823683895,21.671925898282147,656209000
2022-04-22,19.481670379638672,20.45101271169112,19.466696606942495,20.268324687614992,624713000
2022-04-25,19.868011474609375,19.91093730735493,19.063388217942997,19.169206184098144,641566000
2022-04-26,18.755916595458984,19.754208935720314,18.638118068842683,19.684328776556665,653143000
2022-04-27,18.383554458618164,19.134269205770206,18.258767915415245,18.566240617386796,499460000
2022-04-28,19.748218536376953,20.002784147792735,18.458425023872113,18.934609751166647,570327000
2022-04-29,18.51532745361328,20.093626894168178,18.485378000301736,19.368866880032883,500435000
2022-05-02,19.499645233154297,19.54057368061249,18.359595182176143,18.509338652446186,572049000
2022-05-03,19.568525314331055,19.791145978966046,19.100326353976588,19.366870601082905,475751000
2022-05-04,20.299274444580078,20.365161718492175,18.718977614571205,19.888977026520188,648855000
2022-05-05,18.81181526184082,19.89096834385009,18.468402933575906,19.833068745403253,626331000
2022-05-06,18.64310646057129,19.47867694269655,17.95927682251405,18.704003108603505,633297000
2022-05-09,16.921058654785156,18.22382876924528,16.798267580396562,18.003207360360165,644455000
2022-05-10,17.564950942993164,18.16692179202985,16.995924681678712,17.658790274672434,761474000
2022-05-11,16.60159683227539,17.72267996051079,16.539704351801845,17.317373229666945,670167000
2022-05-12,16.147375106811523,16.759329075995733,15.540414616819776,16.191300586884303,708728000
2022-05-13,17.675764083862305,17.897385111929168,16.56466571155224,16.75933241910468,670437000
2022-05-16,17.234519958496094,17.757625344440065,17.076790718721913,17.479102434662938,521446000
2022-05-17,18.145963668823242,18.339632666625583,17.60389154708389,18.043138896728287,585830000
2022-05-18,16.909074783325195,18.087060007561064,16.835201746851723,17.67476517907851,545161000
2022-05-19,17.09476089477539,17.656799284159025,16.705425534640558,16.908079927712066,621310000
2022-05-20,16.665491104125977,17.38026796074348,15.7280945497096,17.302402048560108,739105000
2022-05-23,16.869142532348633,16.88611369799627,16.151370568247856,16.24620764301638,639889000
2022-05-24,16.12641143798828,16.568655672206447,15.753050560952556,16.481804357923348,588550000
2022-05-25,16.946016311645508,17.08178377771344,15.97268070063234,15.992647008490191,781132000
2022-05-26,17.820512771606445,18.061100399775583,15.99463598065701,16.008612009645333,996575000
2022-05-27,18.77887725830078,18.848757414573335,18.06909099199113,18.15494457145089,738379000
2022-05-31,18.640117645263672,19.167215940829603,18.318666971349067,18.947590381615964,664100000
2022-06-01,18.28871726989746,19.02046543334281,18.09105541167856,18.692028651135313,544514000
2022-06-02,19.55854034423828,19.58549466085243,18.16692188014769,18.260761212282123,648656000
2022-06-03,18.68802833557129,19.298984547133866,18.490366535854587,19.049411509993853,598779000
2022-06-06,18.753921508789062,19.30398124996628,18.532300460146192,19.106319387994944,422406000
2022-06-07,18.893678665161133,18.967551693469755,18.15693815743338,18.440453536692015,388914000
2022-06-08,18.620092391967773,19.151295797176143,18.507260637666125,18.77086547818262,363252000
2022-06-09,18.020986557006836,18.90466214050548,18.013997064897136,18.45333901757023,395574000
2022-06-10,16.948598861694336,17.670516445282853,16.843754549727546,17.573661486619375,465248000
2022-06-13,15.62358283996582,16.287587555558634,15.5826438353541,15.976054223944569,604153000
2022-06-14,15.812299728393555,16.04195504524191,15.388933562732417,15.707456379910642,469680000
2022-06-15,16.50226593017578,16.842755189557263,15.902164608969189,16.070911354071416,563936000
2022-06-16,15.577651023864746,15.91814123168446,15.377950538825912,15.836263223408565,545749000
2022-06-17,15.856233596801758,15.971061255573002,15.305059692003363,15.624580465017962,630334000
2022-06-21,16.54120445251465,16.98254231536579,16.382442043197987,16.450341054941436,483089000
2022-06-22,16.335512161254883,16.637060158591623,16.155781289339874,16.20171196197555,437135000
2022-06-23,16.20071792602539,16.560177852309664,15.829273970737953,16.49427664363324,463680000
2022-06-24,17.100366592407227,17.114345577356953,16.285587932705912,16.47530408880498,472153000
2022-06-27,16.84375,17.304060418059763,16.60111369139191,17.28608771084689,427968000
2022-06-28,15.958080291748047,17.17625364745246,15.921135014037446,16.874705601351724,461149000
2022-06-29,15.518735885620117,15.796319641420693,15.147292970170824,15.790329056702332,482352000
2022-06-30,15.136312484741211,15.54370183870061,14.839757062154757,15.33800982366456,686070000
2022-07-01,14.501263618469238,15.04045537832044,14.370460116526674,14.876701274121674,577610000
2022-07-05,14.94160270690918,14.948592199339451,14.033963789010635,14.153784067349683,651397000
2022-07-06,15.107354164123535,15.296071406347052,14.766864002525546,14.987533889365901,529066000
2022-07-07,15.834266662597656,15.921136351435825,15.36596870679325,15.432868822871184,492903000
2022-07-08,15.814295768737793,16.01299828607396,15.365967423146218,15.40690642464294,467972000
2022-07-11,15.129323959350586,15.503762734745186,15.01549425167562,15.502763827591385,437321000
2022-07-12,15.059427261352539,15.407904906666863,14.85473415135897,15.245148754423724,458483000
2022-07-13,15.141304969787598,15.351989626999123,14.443351694118375,14.568164617915116,521918000
2022-07-14,15.348995208740234,15.449843892448598,14.705958915417522,15.085390351424461,456235000
2022-07-15,15.738409042358398,15.758378613118879,15.421883108868688,15.635563515161598,385935000
2022-07-18,16.076900482177734,16.871708588039752,15.978049636625952,16.277599846502987,670517000
2022-07-19,16.96657371520996,17.08439717023912,16.147801069616,16.46133037662842,702366000
2022-07-20,17.78034782409668,17.90616059839603,16.775854870810626,16.921636264091354,760538000
2022-07-21,18.022981643676758,18.11684080550693,17.51873837557284,17.858229609254288,557049000
2022-07-22,17.293081283569336,17.940110322879427,17.11135254565951,17.866221662682115,536671000
2022-07-25,16.998523712158203,17.098374442825403,16.624084900526917,16.993530128152987,480748000
2022-07-26,16.508256912231445,16.89367888729215,16.453338922989442,16.863723101025418,397865000
2022-07-27,17.76337242126465,17.90915379359475,16.887684328108215,17.006505688070522,569776000
2022-07-28,17.95707893371582,18.112845553831082,17.413894529256613,17.948093533311074,474646000
2022-07-29,18.135812759399414,18.216690889604802,17.665517106941785,17.78633627717042,435460000
2022-08-01,18.413400650024414,18.81779520091153,17.9630754163842,18.154787499892723,476469000
2022-08-02,18.49827003479004,18.909654023480293,18.064919614801017,18.094875397521523,489527000
2022-08-03,18.86472511291504,18.939613632599258,18.10985599539617,18.15678654069037,418146000
2022-08-04,19.186241149902344,19.245152860108632,18.731922222497296,18.820789717458855,409652000
2022-08-05,18.96057891845703,19.200219474774293,18.638062407878817,18.781845979871633,386068000
2022-08-08,17.766366958618164,18.211700443423968,17.21619299789547,17.475804062122087,981859000
2022-08-09,17.0604248046875,17.42088449310332,16.698967161642635,17.226176688800006,668263000
2022-08-10,18.069915771484375,18.090884251027468,17.29108245025368,17.671512755671564,597422000
2022-08-11,17.915143966674805,18.679000214676687,17.84924277028403,18.10386215444923,509327000
2022-08-12,18.680999755859375,18.689987063498222,17.926130666995633,18.13282160224221,478094000
2022-08-15,19.00351333618164,19.135315733971453,18.58514175659498,18.67300938695692,457666000
2022-08-16,18.85074234008789,19.11334917922351,18.473307857125373,18.89168133850733,451240000
2022-08-17,18.307559967041016,18.660032327216296,18.11784568147686,18.495280247174353,446799000
2022-08-18,18.744901657104492,18.836763008676165,18.155784605197837,18.273608015579168,415447000
2022-08-19,17.822282791137695,18.492277900045263,17.743400573791206,18.378448226499735,441588000
2022-08-22,17.008506774902344,17.531722707583775,16.94060775357587,17.463823686257303,409593000
2022-08-23,17.155282974243164,17.438858274860547,16.944598360408204,16.963570926492032,369986000
2022-08-24,17.196224212646484,17.379948837840608,16.869713963835665,16.986537526161726,522661000
2022-08-25,17.886186599731445,17.920136102144493,16.807803300009542,16.818786514438806,770691000
2022-08-26,16.23566436767578,17.897173466271262,16.212698075005477,17.83027430691893,769127000
2022-08-29,15.777350425720215,16.313546405492897,15.743401869330192,15.996023465490442,496132000
2022-08-30,15.444849967956543,16.014994517950544,15.159277763293133,15.936113234567129,530181000
2022-08-31,15.071410179138184,15.516742794473238,14.93661199162875,15.360976126984164,573710000
2022-09-01,13.916139602661133,14.358476367594859,13.25013814008447,14.18773183764028,1178865000
2022-09-02,13.626574516296387,14.149789448130205,13.570657624383497,14.078896568766249,743157000
2022-09-06,13.444847106933594,13.758377273107302,13.331017410608663,13.710448779444814,535751000
2022-09-07,13.697543144226074,13.821394894652745,13.329984708493885,13.54672431921064,512657000
2022-09-08,13.973211288452148,13.991190289829662,13.352957172850122,13.44284836961819,624873000
2022-09-09,14.36973762512207,14.456633130177988,14.109051109954317,14.140013098771568,486612000
2022-09-12,14.487593650817871,14.529543066590087,14.180961900602579,14.351757175213587,484159000
2022-09-13,13.115242958068848,13.905294159527363,13.083281768118063,13.785438268416998,714956000
2022-09-14,13.112247467041016,13.274052779821835,12.897505301404209,13.238095726138331,588507000
2022-09-15,12.913485527038574,13.217120637994404,12.774652383419461,12.999382771846772,523625000
2022-09-16,13.182164192199707,13.19614733318739,12.601860983620737,12.72671100102793,670751000
2022-09-19,13.365942001342773,13.446845131626862,12.994388648426849,12.996386103706838,569685000
2022-09-20,13.160186767578125,13.466818488592724,13.041330100875626,13.199140473178371,524818000
2022-09-21,13.245086669921875,14.014163138166957,13.09426784489799,13.197144886473634,807679000
2022-09-22,12.545926094055176,13.133220764262274,12.413086279296454,13.054315095432624,759162000
2022-09-23,12.50097942352295,12.59586568134512,12.242290423014964,12.405094914451492,663309000
2022-09-26,12.213325500488281,12.643808988477637,12.19934236212235,12.476010375556603,547343000
2022-09-27,12.398104667663574,12.720717026131021,12.243290932361806,12.49199173171832,553854000
2022-09-28,12.72071647644043,12.807611967130406,12.339174918454615,12.39510747291623,542414000
2022-09-29,12.205338478088379,12.485002262049875,11.931667060858953,12.433064606918302,532763000
2022-09-30,12.124433517456055,12.617841167209532,12.060510185916865,12.072495870113585,565638000
2022-10-03,12.49698543548584,12.662786597962567,12.090473302526956,12.332183476861937,547478000
2022-10-04,13.151199340820312,13.204136190107327,12.863544835805731,12.863544835805731,584182000
2022-10-05,13.19314956665039,13.305015637695266,12.605855789387167,12.895507767366093,507131000
2022-10-06,13.114245414733887,13.639614289691051,13.087277385326294,13.204137576052528,644157000
2022-10-07,12.061509132385254,12.654796201075285,12.007574030916151,12.489994237550277,672478000
2022-10-10,11.655996322631836,12.109451052143639,11.394310633276682,12.022555556989856,698699000
2022-10-11,11.572098731994629,11.831786041509178,11.269461843433058,11.54712815726148,667482000
2022-10-12,11.486201286315918,11.720918969690699,11.331387535687021,11.565106967607235,492590000
2022-10-13,11.945647239685059,12.063505662288664,10.80002340382578,10.957833785657904,850103000
2022-10-14,11.213526725769043,12.09646566306745,11.190554564271359,12.04253056747167,713432000
2022-10-17,11.873734474182129,11.93366289601578,11.503180320321372,11.504178571709462,580774000
2022-10-18,11.95263957977295,12.477009197539308,11.604058403445793,12.329187034111122,659362000
2022-10-19,12.036539077758789,12.335181032699738,11.819799458687841,11.864745537264808,523131000
2022-10-20,12.179368019104004,12.753677855723845,12.090474113843353,12.098464887612497,652398000
2022-10-21,12.451042175292969,12.483004320877559,11.872737373086318,12.083483692515461,609494000
2022-10-24,12.583881378173828,12.694748240906902,12.049523522041948,12.492990972974244,517457000
2022-10-25,13.245086669921875,13.284040381036611,12.648802939445655,12.678767625696967,505482000
2022-10-26,12.880522727966309,13.371931879012399,12.692748631168257,12.853555657909444,532953000
2022-10-27,13.160186767578125,13.82139293879846,13.106251673502987,13.613642382343244,583113000
2022-10-28,13.817399024963379,13.833380571967435,13.04532685053314,13.08827547211294,521040000
2022-10-31,13.480802536010742,13.821393871952449,13.281042738443825,13.761465456417449,486341000
2022-11-01,13.526748657226562,13.908290227767797,13.502777289517077,13.794426707412695,432817000
2022-11-02,13.203136444091797,14.192947372971393,13.19514662360441,13.833379732732721,672628000
2022-11-03,13.40489673614502,13.764465410371674,12.940455452819053,13.027350961749141,500065000
2022-11-04,14.139013290405273,14.211925646505437,13.680563492193205,13.969217209960792,612576000
2022-11-07,14.28384017944336,14.394707053891961,13.937257367888478,14.210927816295182,410061000
2022-11-08,14.584479331970215,14.873132119599749,14.198941859950727,14.783239957975878,595292000
2022-11-09,13.75947093963623,14.193949425590144,13.742491138897813,14.145007478897641,454414000
2022-11-10,15.731099128723145,15.754071291223399,14.52954272668995,14.782239371782323,700819000
2022-11-11,16.30740737915039,16.36933325391358,15.463422059049066,15.788031870821106,655487000
2022-11-14,16.27544403076172,16.520150838234144,15.902891532798265,16.19853677571768,527852000
2022-11-15,16.645999908447266,16.97760030988361,16.362340333620516,16.70193246037485,545876000
2022-11-16,15.890908241271973,16.342365517165717,15.853952937545785,16.142606655252838,649547000
2022-11-17,15.658186912536621,16.24648078605214,15.516357121051492,15.696141417442774,710894000
2022-11-18,15.390508651733398,15.98279742687742,15.101854958892112,15.946839425086369,492072000
2022-11-21,15.298620223999023,15.458428074052856,15.061904155522589,15.128824145184344,404739000
2022-11-22,16.018756866455078,16.038733326612228,15.103855565906704,15.309608723887115,472866000
2022-11-23,16.499176025390625,16.507167751178848,16.028742467722342,16.07868170486478,427241000
2022-11-25,16.250476837158203,16.467215497315987,16.152594861603074,16.298419573569657,167934000
2022-11-28,15.808008193969727,16.33737291090951,15.70613130428347,16.006768811275037,303741000
2022-11-29,15.620234489440918,15.912883135727961,15.501377797341771,15.808008631345784,298384000
2022-11-30,16.907018661499023,16.91401202037875,15.582270690561987,15.682175681304692,565298000
2022-12-01,17.118820190429688,17.248696597102803,16.619292324606402,16.98294893105775,470977000
2022-12-02,16.86005973815918,16.917007013380566,16.429467070023797,16.643265644067263,371389000
2022-12-05,16.59431266784668,16.978949268719298,16.456442519339436,16.663247742100303,352255000
2022-12-06,15.97189998626709,16.557345970825978,15.804058449180554,16.514387318092638,352694000
2022-12-07,16.10477638244629,16.17071403382129,15.652203194730875,15.75710452343126,372388000
2022-12-08,17.152786254882812,17.162777039567985,15.943927985639844,16.257632527002734,515456000
2022-12-09,16.98493766784668,17.566388552043325,16.958963161388954,17.143787848121708,465338000
2022-12-12,17.51844024658203,17.52143767261398,16.781138231333195,17.020911352868033,457328000
2022-12-13,18.054931640625,18.772253906847382,17.694272541319727,18.513497752855358,656589000
2022-12-14,17.657310485839844,18.234765710233187,17.403550623982994,17.970014650100538,496888000
2022-12-15,16.935989379882812,17.303641853458835,16.684228478407395,17.12980640085517,478542000
2022-12-16,16.555347442626953,17.02490473599682,16.394500212198125,16.848071870974135,478232000
2022-12-19,16.2386531829834,16.5933175455598,16.12975684440895,16.556353729862263,354039000
2022-12-20,16.069808959960938,16.29459685874467,15.837030148164454,16.04882888311095,403260000
2022-12-21,16.485414505004883,16.61129685665048,16.08679118681269,16.09878088961092,325025000
2022-12-22,15.32451343536377,16.122759590703474,14.867945252019002,16.07880051974723,565045000
2022-12-23,15.191638946533203,15.324512754745045,14.868944051199282,15.181648162416543,349326000
2022-12-27,14.107662200927734,15.085737571138246,14.042723063576428,15.059762106752427,464902000
2022-12-28,14.022744178771973,14.248530569045922,13.870887305866372,13.913846916256627,351066000
2022-12-29,14.589207649230957,14.669132015722159,14.213563317277028,14.388398226266634,354923000
2022-12-30,14.600198745727539,14.615183969836613,14.21955804675958,14.320462493891805,310490000
2023-01-03,14.301480293273926,14.9818378561514,14.082687257156094,14.836974338861145,401277000
2023-01-04,14.73507022857666,14.838972099538859,14.227550577248294,14.55324290716645,431324000
2023-01-05,14.251527786254883,14.550245182755335,14.134637707433926,14.477314173223293,389168000
2023-01-06,14.844966888427734,14.995824302039097,14.020746235509238,14.460330266141224,405044000
2023-01-09,15.613239288330078,16.040834530369764,15.126698804998767,15.26956434067943,504231000
2023-01-10,15.893975257873535,15.946924699347406,15.45738770492271,15.492354496985383,384101000
2023-01-11,15.985888481140137,16.012863409814404,15.548302392492102,15.825041227015033,353285000
2023-01-12,16.495405197143555,16.621285642542368,15.477367579612611,16.084794083982377,551409000
2023-01-13,16.88304328918457,16.906022287923534,16.149737115561667,16.262629378708784,447287000
2023-01-17,17.68528175354004,17.711258174571284,16.883040616258818,16.883040616258818,511102000
2023-01-18,17.360586166381836,17.856116019533772,17.26567468562154,17.65031123603405,439624000
2023-01-19,16.74916648864746,17.180759619770345,16.7152001075131,17.019910464206095,452932000
2023-01-20,17.822154998779297,17.839139143537217,16.809112598985287,16.994935873343884,564967000
2023-01-23,19.174875259399414,19.226826197242588,17.801173785335894,18.046939851336912,655163000
2023-01-24,19.24680519104004,19.476589423278178,18.802225761623806,18.809219120213985,496204000
2023-01-25,19.30474853515625,19.351705025773278,18.562450300682567,18.895135950542382,449537000
2023-01-26,19.78329849243164,20.146955040954566,19.259793204752064,19.682394047297027,489535000
2023-01-27,20.34576416015625,20.608516233257916,19.386671835768066,19.443617204129126,542142000
2023-01-30,19.143905639648438,20.120980831649582,19.13191593484306,19.931161624007693,488611000
2023-01-31,19.51854705810547,19.66840499507916,18.932101613384226,19.151893127242506,498017000
2023-02-01,20.923219680786133,21.17198313820513,19.59247705157619,19.672401413641385,660477000
2023-02-02,21.688495635986328,21.928268729004962,20.680449757489193,20.9801656473757,564276000
2023-02-03,21.08007049560547,21.724461721839603,20.769363425697847,20.980164568929723,429366000
2023-02-06,21.06908416748047,21.549628903077547,20.7663689193781,20.78635048863154,452197000
2023-02-07,22.15205955505371,22.23797877641693,21.13002498740977,21.361806230961744,664150000
2023-02-08,22.18402862548828,22.85639335249941,21.987214177175577,22.365855944634315,559651000
2023-02-09,22.315902709960938,22.99825818396335,22.099108610512882,22.584649646952737,523876000
2023-02-10,21.24491310119629,22.05714489108248,20.791343369117982,21.669512802115033,550737000
2023-02-13,21.767427444458008,22.02718217596081,20.94220715663887,21.517663499422355,474919000
2023-02-14,22.949304580688477,23.027230025580597,21.345819053614647,21.557618713083382,675474000
2023-02-15,22.742504119873047,22.833417793122802,22.085126423134952,22.527706989794254,420575000
2023-02-16,21.981218338012695,22.528699142465786,21.90628841868297,22.11209321186156,412026000
2023-02-17,21.367801666259766,21.719468521066783,20.955191596640212,21.6105722076126,465888000
2023-02-21,20.63549041748047,21.47369671182956,20.598524711376086,20.98016385190775,410015000
2023-02-22,20.734397888183594,21.084067699872165,20.401712218442917,20.68744330030768,513184000
2023-02-23,23.641653060913086,23.86544246211302,23.003256545300975,23.417865565260627,1117995000
2023-02-24,23.264005661010742,23.451829726072322,22.925327050973003,23.203064357889673,589716000
2023-02-27,23.478805541992188,23.857447331767283,23.431850949295235,23.647646566541255,452994000
2023-02-28,23.194076538085938,23.802502612797426,23.184085752504988,23.349929363163227,455963000
2023-03-01,22.67656135559082,23.23403488033145,22.48674027986424,23.170094246932813,460026000
2023-03-02,23.291980743408203,23.35791839580541,22.41081376086851,22.46676253444405,389415000
2023-03-03,23.8674373626709,23.877428147206164,23.108154887916523,23.297975982991947,412393000
2023-03-06,23.531755447387695,24.22509834243002,23.464817383551697,23.86843706344506,437429000
2023-03-07,23.269960403442383,24.10631192709617,23.222995926970054,23.58171899172219,515154000
2023-03-08,24.162263870239258,24.181250154987797,23.40585043832707,23.46880135031706,513573000
2023-03-09,23.417842864990234,24.435053778962832,23.364882526093854,24.156268710129314,501257000
2023-03-10,22.94721031188965,23.608698149113316,22.708395133087958,23.39086661117677,474866000
2023-03-13,22.94820785522461,23.27995138685032,22.27972740992486,22.734374845424707,421890000
2023-03-14,24.044355392456055,24.20023465879967,23.44182196451992,23.477795275750477,474910000
2023-03-15,24.209228515625,24.267182234844768,23.341901021216625,23.742589391877125,524486000
2023-03-16,25.521215438842773,25.56817800949768,23.875489995548175,24.008388295712013,583253000
2023-03-17,25.7050724029541,26.3785500725939,25.6481154452124,25.961873286341504,848547000
2023-03-20,25.879928588867188,26.003833044795943,25.110524837754326,25.595149600160703,432747000
2023-03-21,26.17870330810547,26.371554585822363,25.36133811736534,26.159718926782208,547408000
2023-03-22,26.447498321533203,27.567630285585558,26.216676354364186,26.40453045527972,797295000
2023-03-23,27.169931411743164,27.477693326309833,26.669320153605067,27.093990085842137,564889000
2023-03-24,26.75825309753418,27.145952994008773,26.33458179234645,27.010058676139064,454920000
2023-03-27,26.510446548461914,26.979083076531545,26.344574782878965,26.816209246044448,361026000
2023-03-28,26.389537811279297,26.492458648935738,25.82997222376829,26.42650979990374,356104000
2023-03-29,26.963092803955078,27.05701983815986,26.576393509814775,26.80421750216044,393694000
2023-03-30,27.361785888671875,27.477697152078605,27.081003441347132,27.207905862898926,364516000
2023-03-31,27.755481719970703,27.812436769505297,27.084001430781612,27.11897416398198,433933000
2023-04-03,27.943334579467773,27.978307311137023,27.314822179920686,27.487688485526352,398716000
2023-04-04,27.43172836303711,27.978305428409012,27.285841576213635,27.944331375396246,368592000
2023-04-05,26.860172271728516,26.977080289952106,26.374548778869844,26.808212517227776,515015000
2023-04-06,27.016054153442383,27.05902010799569,26.406526131732786,26.56340408671622,397654000
2023-04-10,27.557632446289062,27.599599722003898,26.648337660725947,26.802217671680346,395279000
2023-04-11,27.147951126098633,27.768470288811887,27.104983266832733,27.702521438327167,314378000
2023-04-12,26.47447395324707,27.446719698838795,26.42750948196734,27.34879605082514,446259000
2023-04-13,26.44249725341797,26.866168547855672,26.308602197594585,26.71328720589751,353615000
2023-04-14,26.737268447875977,26.862171603134502,26.19968516091452,26.483465526083034,395660000
2023-04-17,26.981081008911133,26.985077620218803,26.412521597702874,26.544419300210514,321471000
2023-04-18,27.645565032958984,28.08822261514071,27.335805736591062,27.511669976648836,604812000
2023-04-19,27.909358978271484,27.97830576142074,27.210901154073433,27.339800915924755,358660000
2023-04-20,27.0830020904541,28.008285294702446,26.97908256981449,27.649562260282398,427713000
2023-04-21,27.097986221313477,27.161937713204637,26.70129447864592,26.931115804862205,345103000
2023-04-24,27.021047592163086,27.344795961333663,26.650334754413183,26.992070732318915,339282000
2023-04-25,26.220666885375977,27.22588792391112,26.20468044143942,27.05701824520363,378527000
2023-04-26,26.93511199951172,27.308822747304923,26.68430704058292,26.981077788741214,406337000
2023-04-27,27.204904556274414,27.473697135730493,26.604370391400188,27.34179944259382,377161000
2023-04-28,27.727500915527344,27.736492814146462,27.050024820075873,27.203906737499796,292216000
2023-05-01,28.887601852416992,29.035487906164658,27.75847815742974,27.818431138842723,570329000
2023-05-02,28.188142776489258,28.81365912640652,28.06124227027244,28.657779853563685,402730000
2023-05-03,27.78046226501465,28.345025101870167,27.450717987161283,27.81843293372934,383387000
2023-05-04,27.540647506713867,27.83741639402646,27.21889646264562,27.629577352333005,321850000
2023-05-05,28.657777786254883,28.732718529451365,27.709513707603133,27.804439411333636,361494000
2023-05-08,29.12841033935547,29.197357116104758,28.328032335071658,28.499898032963095,344979000
2023-05-09,28.548860549926758,28.95054948212023,28.427955924466577,28.876607416576256,314869000
2023-05-10,28.862619400024414,29.090443380229463,28.43894813940752,28.98252535370124,369350000
2023-05-11,28.555856704711914,28.927570123485957,28.224115114379536,28.873611109189465,322149000
2023-05-12,28.318044662475586,28.75770432048088,28.024271804253868,28.506897417558207,274222000
2023-05-15,28.93056297302246,28.946551321467897,28.130184991969287,28.48590811557723,293926000
2023-05-16,29.19036865234375,29.84686118256938,28.809665192443962,28.818657092059023,449405000
2023-05-17,30.15461540222168,30.175599038422728,29.407195814750576,29.56107581355827,432535000
2023-05-18,31.653457641601562,31.803341051124786,30.296509921364876,30.386440348253,748725000
2023-05-19,31.23978042602539,31.555535612732626,30.89205044066183,31.511569073410765,473908000
2023-05-22,31.151845932006836,31.495579269125198,30.656229935125022,30.877057472880523,372000000
2023-05-23,30.664220809936523,31.263756274877256,30.60726576982091,30.975979327940532,356253000
2023-05-24,30.514341354370117,30.583288141844005,29.78290810719129,30.186594444774748,721419000
2023-05-25,37.9505729675293,39.44941078052054,36.606613842123146,38.49315152397772,1543911000
2023-05-26,38.91581726074219,39.13964269220975,37.52089920689601,37.86063587040541,714397000
2023-05-30,40.07992172241211,41.90550581208473,39.91804849161949,40.56354787392991,923401000
2023-05-31,37.8046875,40.26377936076244,37.792695760283166,39.45740538202882,1002580000
2023-06-01,39.73918533325195,40.0189671601438,38.31029304006884,38.45917585173872,635873000
2023-06-02,39.29653549194336,40.46862717747999,39.02774286315594,40.06593947840575,482731000
2023-06-05,39.140655517578125,39.534347478908344,38.677014278698906,38.87885745313366,396094000
2023-06-06,38.624053955078125,39.12966247370084,38.11844543645541,38.79992010783334,388729000
2023-06-07,37.44983673095703,39.4724798355732,37.33091714927566,38.88887231517685,511998000
2023-06-08,38.48414611816406,38.83790856539692,37.47982353092405,37.69867447040822,417772000
2023-06-09,38.74396896362305,39.68433522296949,38.541106149128304,39.010787982924306,427717000
2023-06-12,39.45549392700195,39.503462039764756,38.59207552154446,39.173685553174,388701000
2023-06-13,40.99446105957031,41.07341040519784,39.71332399118058,40.15902373494629,613208000
2023-06-14,42.9681396484375,42.97113598782619,40.52477736242913,40.7965979524684,740465000
2023-06-15,42.624366760253906,43.25994139693394,42.11870592148791,42.573402308118794,568622000
2023-06-16,42.66333770751953,43.69164616054712,42.63235647777839,43.420828202870155,655709000
2023-06-20,43.778587341308594,43.960468171430314,42.64534980172413,42.96913358966378,451153000
2023-06-21,43.0161018371582,43.58572270035069,42.05175330634248,43.47179700285762,551603000
2023-06-22,42.99611282348633,43.39684073986037,42.20564356647612,42.22462800338613,417737000
2023-06-23,42.180660247802734,42.78025587920079,41.986790256637725,42.43549010660813,358140000
2023-06-26,40.6047248840332,42.73529370364879,40.07308050587644,42.432495695911925,594322000
2023-06-27,41.84788131713867,41.91183752016278,40.420842573844496,40.771604816954344,462175000
2023-06-28,41.089393615722656,41.81690545908025,40.4907967749422,40.63269972481745,582639000
2023-06-29,40.794593811035156,41.572071399017275,40.572742722962666,41.53009977760553,380514000
2023-06-30,42.273597717285156,42.521432314666136,41.47313679846607,41.65201747661018,501148000
2023-07-03,42.384525299072266,42.86920031645341,42.17366841247964,42.48845557277733,198209000
2023-07-05,42.288597106933594,43.14801665110432,42.0567505743849,42.10671625069973,323618000
2023-07-06,42.074737548828125,42.15068674468522,41.31824574169724,41.81591253990793,303582000
2023-07-07,42.47446060180664,43.184985563987055,42.151679425221936,42.29358237445178,355881000
2023-07-10,42.15168380737305,42.782260719612495,41.62103823775749,42.628364774631706,353908000
2023-07-11,42.376529693603516,42.72929334341537,42.03875917556284,42.45247888360537,298244000
2023-07-12,43.872520446777344,43.90549923284697,42.748275878823826,43.00410449451526,481277000
2023-07-13,45.946136474609375,46.12401457256602,44.46213275662318,44.48811627852953,478204000
2023-07-14,45.438480377197266,48.05572183625466,45.02975452491194,46.55173101087645,772075000
2023-07-17,46.429805755615234,46.464782104984714,45.231613235689295,46.25792415993447,510488000
2023-07-18,47.46210861206055,47.863839107459256,45.70329207931694,46.66964182092465,569164000
2023-07-19,47.04539108276367,47.78589468669408,46.71061692438983,47.432132278953816,427502000
2023-07-20,45.489444732666016,47.05539421116494,45.03175198645749,46.47578171175189,537865000
2023-07-21,44.27925109863281,45.835208820153,44.070391777518616,45.757258258019995,963769000
2023-07-24,44.58205032348633,45.07871832138468,44.01043572473537,44.70096991726032,382516000
2023-07-25,45.64833450317383,46.151993949696525,44.892841521253494,44.910830992402,348081000
2023-07-26,45.421478271484375,46.02207643335908,44.60003165413304,45.99009642726595,364237000
2023-07-27,45.86918258666992,47.36317772161204,45.719281777299805,46.487766448987706,455976000
2023-07-28,46.71861267089844,46.99542712373659,46.34986093104817,46.63666699267924,331194000
2023-07-31,46.69762420654297,47.09835593359222,46.474774365410504,46.722608945308956,251055000
2023-08-01,46.47577667236328,46.868514380212844,45.99609938631063,46.42880734222909,237858000
2023-08-02,44.23928451538086,45.8092290948943,43.357876606802805,45.80023626472473,530142000
2023-08-03,44.485111236572266,45.08770701221157,43.77059114765512,43.77059114765512,324176000
2023-08-04,44.65000915527344,45.61136140643105,44.363203052475285,44.954804731044334,362666000
2023-08-07,45.386512756347656,45.50943128805715,44.533085929268644,45.080718408884294,322154000
2023-08-08,44.63401412963867,45.21162517699858,44.0264206319756,44.822886411936246,353843000
2023-08-09,42.52543258666992,44.28225178882451,42.105712567799486,44.24427528699449,586449000
2023-08-10,42.35954666137695,43.54475135763228,41.80691647126187,42.13169907067991,492705000
2023-08-11,40.82756805419922,41.98978918777693,40.611713480681736,41.72296635669751,533085000
2023-08-14,43.7236213684082,43.77059069571262,40.283934893491555,40.4588166311825,690286000
2023-08-15,43.910499572753906,45.23761094961256,43.68065444037462,44.53008608139681,676512000
2023-08-16,43.45680618286133,44.64500713653826,43.37685806021179,44.49011241407516,527451000
2023-08-17,43.31489562988281,44.03241198787511,42.97212364169227,43.94047471264944,452395000
2023-08-18,43.269927978515625,43.548739981442054,41.632028496640906,42.60637233743457,583768000
2023-08-21,46.93546676635742,47.03340054502666,44.192310747529035,44.464127494140655,692573000
2023-08-22,45.637332916259766,48.15464239817795,45.30255878579824,48.10267536469448,755293000
2023-08-23,47.08436965942383,47.168312899804924,45.17764965557936,45.8352088507009,779046000
2023-08-24,47.13133239746094,50.23224964652598,47.12733727889921,50.18228397955218,1156044000
2023-08-25,45.98711013793945,47.77290929255421,44.99377410638807,46.980442357354335,925341000
2023-08-28,46.80355453491211,46.94845764081992,44.85786313408847,46.45079089513967,685192000
2023-08-29,48.75124740600586,49.04804888819601,46.35985248205318,46.63466937521741,701397000
2023-08-30,49.23093032836914,49.893483474805294,48.39249282528215,49.01107678862388,735206000
2023-08-31,49.321868896484375,49.710607710552146,48.92513603204003,49.34685363953064,528570000
2023-09-01,48.47643280029297,49.76656646527334,48.109678602925236,49.728593775552426,463830000
2023-09-05,48.51540756225586,48.81820554561382,47.827869726570036,48.19062498907006,382653000
2023-09-06,47.03327941894531,48.52040187168578,46.55256375973415,48.4124675938394,468670000
2023-09-07,46.213768005371094,46.31670798515735,45.12540865832907,45.49819008210968,433330000
2023-09-08,45.54515838623047,46.578549795234004,45.24433697550349,45.91494321497456,473069000
2023-09-11,45.151390075683594,46.13580667584193,44.28589904966943,46.12081612132712,473966000
2023-09-12,44.84356689453125,45.64609526594391,44.50476589129932,44.711644683644934,349256000
2023-09-13,45.45820999145508,45.90294758191361,44.47678613148132,44.57372912057882,398355000
2023-09-14,45.55415344238281,45.959912533797855,45.104417736108495,45.92293557779265,370097000
2023-09-15,43.87413787841797,45.572134413088484,43.78218921317514,45.314286993054964,506831000
2023-09-18,43.94010543823242,44.215943861574196,41.97526372784756,42.722824284605466,500271000
2023-09-19,43.49436569213867,43.94010212892765,42.97666925633851,43.80718104995943,373064000
2023-09-20,42.21411895751953,43.877140298495235,42.1981295407641,43.57431736743093,367108000
2023-09-21,40.99283981323242,42.07520212333516,40.95586285623428,41.5585083375795,450736000
2023-09-22,41.58549118041992,42.09019478907558,41.206712805320656,41.54751155048687,479236000
2023-09-25,42.1971321105957,42.510946346658756,41.152745614643074,41.56650323994468,419091000
2023-09-26,41.886314392089844,42.794779402172175,41.63046465348833,41.97626153603217,402282000
2023-09-27,42.44297790527344,42.846743024633085,41.604475324502374,42.305062534308014,444935000
2023-09-28,43.06361770629883,43.42040584820638,42.09019244907844,42.43498662299495,424663000
2023-09-29,43.47336959838867,44.1179900020161,43.28148138872019,43.80117544619772,397830000
2023-10-02,44.755619049072266,45.14838526378596,43.835160204850645,44.004059360800305,433298000
2023-10-03,43.491363525390625,45.103416123255286,43.22052325615126,44.78160339586175,470850000
2023-10-04,44.01506042480469,44.117001536770516,43.266501033277635,43.71623674789107,361821000
2023-10-05,44.661678314208984,44.873555244834996,43.862150279908775,44.02405361077508,393483000
2023-10-06,45.73504638671875,45.762030910222144,44.00006886129196,44.166970312257135,434436000
2023-10-09,45.246334075927734,45.578139267709204,44.34186831967445,44.81558816881038,409675000
2023-10-10,45.77102279663086,46.23174977831537,45.061441940637515,45.283311292435734,368582000
2023-10-11,46.7784309387207,46.83140112460815,46.02287570557261,46.16878961981402,378137000
2023-10-12,46.9173469543457,47.58095729211939,46.302711352295894,46.749446645978935,481325000
2023-10-13,45.43421936035156,47.088247061466205,45.25332622388591,46.93233691107498,474115000
2023-10-16,46.06785202026367,46.197772707429415,44.88554631741198,45.036458356873474,375099000
2023-10-17,43.91211700439453,44.72763821121428,42.45497569088067,43.9740807563203,812333000
2023-10-18,42.171142578125,43.19354257835518,41.80036274107,42.565910351376075,627294000
2023-10-19,42.07620620727539,43.27150096490334,41.85733341911429,42.78578713530396,501233000
2023-10-20,41.36261749267578,42.444979615932674,41.053797621487206,41.86531949846795,477266000
2023-10-23,42.94968795776367,43.222529794895785,40.92088476471772,41.20471789682862,478530000
2023-10-24,43.63727569580078,43.67125606240389,42.66585200550872,43.05162238085588,401463000
2023-10-25,41.754398345947266,43.62429882959211,41.53053122121919,43.372444501821995,398379000
2023-10-26,40.30224609375,42.231109527965074,39.85650966502812,41.82834703800738,541001000
2023-10-27,40.47614288330078,41.181728284669475,39.99142796964453,41.105772840082615,416784000
2023-10-30,41.13675308227539,41.7413962446929,40.45715333671765,41.06279917353452,388028000
2023-10-31,40.755977630615234,40.85492215187982,39.20689140883778,40.42617399708402,517969000
2023-11-01,42.300071716308594,42.35603848881298,40.844928006293706,40.85991856143589,437593000
2023-11-02,43.480369567871094,43.85814522748643,42.86873060709395,43.302473031096746,409172000
2023-11-03,44.97848892211914,45.28230687928524,43.69724264528921,43.99406856905828,424610000
2023-11-06,45.72405242919922,45.90794597594991,44.87255306180776,45.25832729646328,400733000
2023-11-07,45.92793273925781,46.190774498668894,45.13140131544397,45.69207169045335,343165000
2023-11-08,46.54656982421875,46.839396518994945,45.94092394446473,46.072846167662064,346719000
2023-11-09,46.92234802246094,48.20159290455906,46.72246505652049,47.439041810402294,540496000
2023-11-10,48.3065299987793,48.44345034341423,47.255151482276034,47.47202272481538,421245000
2023-11-13,48.59135437011719,49.0870643467763,48.07066140972394,48.29153187815876,384136000
2023-11-14,49.626747131347656,49.804643679009864,49.01111268540679,49.65073506752464,416954000
2023-11-15,48.85919952392578,49.93056658286776,48.171605113904064,49.90558359837123,475497000
2023-11-16,49.45085525512695,49.49583073208514,48.30153490578404,48.65032836479482,339756000
2023-11-17,49.26896286010742,49.68771478002095,48.97813389873992,49.49482766776376,325205000
2023-11-20,50.37930679321289,50.5182248537623,49.15202951055082,49.28295286302151,414120000
2023-11-21,49.914581298828125,50.48724182772053,49.19300646271815,50.09647330080843,565747000
2023-11-22,48.68730163574219,50.305347385214155,47.66190506313219,49.82263401876184,899420000
2023-11-24,47.747859954833984,48.89218598438888,47.71687617098167,48.44145141892708,294645000
2023-11-27,48.213584899902344,48.50141346161061,47.62393227136599,47.77184390637924,395662000
2023-11-28,47.79282760620117,48.2945345904846,47.44503304136884,48.20758404305151,401491000
2023-11-29,48.11164474487305,48.73328003145955,47.83181088593398,48.35050619942494,382005000
2023-11-30,46.74245071411133,48.08166154319405,46.3946561295748,47.99570985279465,526247000
2023-12-01,46.737457275390625,47.172202455851924,46.15979857134605,46.49760075768486,369317000
2023-12-04,45.483192443847656,46.04985981674189,44.98348694921652,46.04985981674189,437543000
2023-12-05,46.542667388916016,46.57664693505586,45.24831433854384,45.44321631785002,371718000
2023-12-06,45.480194091796875,47.36325259148531,45.389240093841764,47.19133790635441,380590000
2023-12-07,46.57264709472656,46.605631500937335,45.58114369836872,45.67709625491712,350823000
2023-12-08,47.48219299316406,47.7170758334867,46.52667080932443,46.57165024032382,359224000
2023-12-11,46.60363006591797,47.50717632201845,45.80703244000096,47.46719926720655,509728000
2023-12-12,47.63311767578125,47.642112036749815,46.02292498477765,46.02292498477765,372387000
2023-12-13,48.06390380859375,48.5696507647958,47.584144799570055,47.60513418472511,447792000
2023-12-14,48.32576370239258,48.64560300177105,47.3982312593091,48.36574456801119,391232000
2023-12-15,48.86549377441406,49.379236076134234,48.0958792715529,48.169843491403206,479948000
2023-12-18,50.05190658569336,50.40772719111452,49.125372956667505,49.375247684193205,412587000
2023-12-19,49.57913589477539,49.675088445454506,48.870491649793216,49.39922581544832,464444000
2023-12-20,48.08688735961914,49.97394160292545,48.07389338703891,49.63011224279049,397894000
2023-12-21,48.965450286865234,49.07039720846896,48.39473348540278,48.78653913884223,300425000
2023-12-22,48.80552673339844,49.358247143122306,48.442705904447216,49.17034164902082,252507000
2023-12-26,49.25429916381836,49.575137414585996,48.93545881250647,48.94345422311468,244200000
2023-12-27,49.39223861694336,49.65510732450741,49.06040423894506,49.48619328583106,233648000
2023-12-28,49.4971809387207,49.85899903094536,49.38723545621996,49.61812249458572,246587000
2023-12-29,49.4971809387207,49.97194517562977,48.726567424201626,49.78803546733378,389293000
2024-01-02,48.143856048583984,49.27029006493009,47.57114520519551,49.21931693922932,411254000
2024-01-03,47.54515838623047,48.159848009515486,47.29628263742881,47.461200853543446,320896000
2024-01-04,47.97394561767578,48.47569292887805,47.48418951664503,47.74305858328899,306535000
2024-01-05,49.0723876953125,49.522162871947465,48.28178385920585,48.43770769973895,415039000
2024-01-08,52.226810455322266,52.248802601709635,49.45420245341726,49.48718686021287,642510000
2024-01-09,53.11336898803711,54.29777651370217,51.66409487363166,52.37474091414494,773100000
2024-01-10,54.32276153564453,54.57263625073542,53.462192955866946,53.58913202583644,533796000
2024-01-11,54.79452133178711,55.318260772566724,53.53315663291465,54.971434569987615,596759000
2024-01-12,54.682579040527344,54.94245086657465,54.302772237512634,54.59262399501641,352994000
2024-01-16,56.35374450683594,56.80651660434578,54.87248875685251,54.990429652443055,449580000
2024-01-17,56.02491760253906,56.44270744318076,54.71257571928297,56.31876902089943,474394000
2024-01-18,57.0783805847168,57.57113355960741,56.07888171171816,57.23130379027645,491650000
2024-01-19,59.46118927001953,59.470183631396026,57.19632214390486,57.9599392307051,543501000
2024-01-22,59.62410354614258,60.30076621768796,59.04039658553907,60.018906048230285,452955000
2024-01-23,59.84299087524414,59.87997107909174,58.55563444803404,59.540141345229216,294654000
2024-01-24,61.33124923706055,62.81750357026873,59.90796305820768,60.27378077359489,560271000
2024-01-25,61.58612060546875,62.687569516767255,60.81950289051068,62.31875115055073,482777000
2024-01-26,61.00041198730469,61.75203783033358,60.54264514796327,60.92944842366768,390309000
2024-01-29,62.43369674682617,62.4576829809529,60.876478857453996,61.20131293830937,348733000
2024-01-30,62.74253845214844,63.461179887339625,62.22879610932244,62.86847856975012,410735000
2024-01-31,61.49617004394531,62.237798816895705,60.66958477846298,61.409211838884005,453795000
2024-02-01,62.99540710449219,63.15932636089867,61.619098446519544,62.06886982637472,369146000
2024-02-02,66.12683868408203,66.5666129335565,63.658071823684544,63.941929855443355,476578000
2024-02-05,69.29725646972656,69.46217469854224,67.17132346877767,68.19080896214494,680078000
2024-02-06,68.18881225585938,69.71904328530657,66.26677937017486,69.59510487406826,683111000
2024-02-07,70.0638656616211,70.1848072130282,67.56611760223609,68.28475901119934,495575000
2024-02-08,69.60608673095703,70.75850859222243,69.42018296485597,70.03886831926252,414422000
2024-02-09,72.09686279296875,72.14883106624032,70.17682001570536,70.49765833259872,436637000
2024-02-12,72.2117919921875,74.57360667156944,71.21429106971823,72.56361295434608,613710000
2024-02-13,72.09186553955078,73.41320187519852,69.58512632462431,70.36473436037795,602580000
2024-02-14,73.86297607421875,74.19880626705748,71.9019610905451,73.1653277390137,504917000
2024-02-15,72.62158203125,73.93792331267274,72.36371572931519,73.8319812576461,420122000
2024-02-16,72.57660675048828,74.36471160286108,72.46466337072968,74.06286100719595,495327000
2024-02-20,69.41720581054688,71.91994903053357,67.7000642651573,71.91095085561923,704833000
2024-02-21,67.43818664550781,68.85347738557593,66.21480102707116,67.97191561607241,673755000
2024-02-22,78.49864196777344,78.53561836150196,74.1828051803666,74.98740205219113,865100000
2024-02-23,78.77751159667969,82.35271526115802,77.53113473497731,80.7495226358578,829388000
2024-02-26,79.05237579345703,80.60559805458351,78.46566428274411,79.66006525277888,503973000
2024-02-27,78.66154479980469,79.44016125360511,77.12332243829638,79.34120423128547,391705000
2024-02-28,77.62408447265625,78.89344471041017,77.08635205553938,77.58110675234951,393110000
2024-02-29,79.07234954833984,79.94990785839042,78.31073041631178,79.05436082688792,507289000
2024-03-01,82.23776245117188,82.25875564759677,79.39518604793354,79.95990531943471,479135000
2024-03-04,85.19427490234375,87.65104302544864,83.67703804923654,84.08782752325428,615616000
2024-03-05,85.92495727539062,86.05790010828508,83.3791168960246,85.23127220389335,520639000
2024-03-06,88.65970611572266,89.68324305114874,86.99046652196165,87.98202031125847,582520000
2024-03-07,92.62689971923828,92.7248547713437,89.56129169773,90.11703886606277,608119000
2024-03-08,87.48824310302734,97.3557607121787,86.46670414122495,95.09478711569938,1142269000
2024-03-11,85.73503112792969,88.75665264185574,84.1277600056999,86.38973231212468,678364000
2024-03-12,91.87125396728516,91.9182296909345,86.11087110664366,88.00901063110172,668075000
2024-03-13,90.8467025756836,91.46241999176601,88.39481424748416,91.0136265107917,635713000
2024-03-14,87.904052734375,90.60482886063097,86.56066146107706,89.5363141970595,602318000
2024-03-15,87.79710388183594,89.50532731640718,86.21782728727133,86.89051814443762,642086000
2024-03-18,88.4148178100586,92.36302032319799,87.04543743889901,90.34693832973477,668976000
2024-03-19,89.35739135742188,90.50286685393166,84.97138422754449,86.66061131736247,672171000
2024-03-20,90.33094787597656,90.36893262675873,88.18292203943432,89.7562045087411,479063000
2024-03-21,91.3934555053711,92.60590946151324,90.3639246898217,92.25806799689252,480372000
2024-03-22,94.24616241455078,94.73493865721083,90.7927303211633,91.0995900463856,586719000
2024-03-25,94.95884704589844,96.7220457399285,93.4675279762788,93.89833196321345,552136000
2024-03-26,92.51895141601562,96.33122190575376,92.45998010784325,95.80745785714453,513648000
2024-03-27,90.2090072631836,93.19764703060397,89.0825202595378,93.06970681708792,586067000
2024-03-28,90.31495666503906,91.25852807692272,89.15248296936366,89.95911557929476,435212000
2024-04-01,90.32195281982422,92.18310654401581,89.16348269596169,90.25798652750393,452441000
2024-04-02,89.41136169433594,90.0530682986896,87.5801933164325,88.40781242384669,433064000
2024-04-03,88.92359161376953,90.3329548866708,88.35985240535257,88.44381388856061,370067000
2024-04-04,85.865966796875,90.59282202260623,85.84097663074387,90.36492116364104,434965000
2024-04-05,87.96802520751953,88.44080991811138,85.88697023320091,86.82653804838375,399678000
2024-04-08,87.09341430664062,88.78964187058105,86.69259552509367,88.65969605555898,283220000
2024-04-09,85.3152084350586,87.59517772557601,82.98427507127602,87.40226463843116,501700000
2024-04-10,86.99945831298828,87.36029436616496,83.67096935278308,83.88787363370758,431929000
2024-04-11,90.5748291015625,90.69777431894295,86.88651070979101,87.3802819466206,431637000
2024-04-12,88.14594268798828,90.13404531847848,87.49024241419995,89.65825596730527,426805000
2024-04-15,85.9619140625,90.57181753123821,85.88994818794089,89.0575066724164,443077000
2024-04-16,87.37528991699219,88.07796585968008,86.02490572525448,86.39373376393459,370453000
2024-04-17,83.996826171875,88.73467063272588,83.91185807695048,88.29986306960333,495400000
2024-04-18,84.63253021240234,86.15084492565727,82.36456386223763,84.93139797129201,447260000
2024-04-19,76.1653823852539,84.28569253115833,75.57165807203599,83.11222985815499,875198000
2024-04-22,79.48186492919922,80.03661304339266,76.3652855243631,78.06850598367505,596341000
2024-04-23,82.38555145263672,82.7313949346547,80.22753571063816,80.73230354195947,438559000
2024-04-24,79.64081573486328,84.04381393377481,79.14703679619026,83.91187010061775,512208000
2024-04-25,82.59446716308594,83.28514753299602,78.18746579696108,78.83216944223621,424641000
2024-04-26,87.69515228271484,88.29088225677599,83.34912752628662,83.77993152652552,551011000
2024-04-29,87.71713256835938,87.9520187834122,85.22725937914602,87.55520360857133,388971000
2024-04-30,86.36274719238281,88.77864894371163,86.26079615525377,87.20036391885291,363709000
2024-05-01,83.00326538085938,85.96092040406639,81.21807385271738,85.0383433055248,559863000
2024-05-02,85.77801513671875,86.19782250273573,83.16219963332766,84.41063276835533,377898000
2024-05-03,88.74866485595703,89.24043810826264,87.00045887297132,87.74911915331617,398341000
2024-05-06,92.09813690185547,92.17810238522513,89.01453944248995,89.34938632493116,376203000
2024-05-07,90.51285552978516,91.73929539036573,88.97055735995299,91.05660706952696,437342000
2024-05-08,90.37093353271484,91.15257599630715,89.37937974936176,89.44235467047578,325721000
2024-05-09,88.70668029785156,91.0306209060013,88.19091589664993,90.48786834493905,378013000
2024-05-10,89.83717346191406,91.35948429960405,89.18646818667818,90.26398145980926,335325000
2024-05-13,90.3579330444336,90.95665993755156,88.48877985590597,90.43689190742707,289680000
2024-05-14,91.31450653076172,91.60937070385219,88.89360196869727,89.55830082348145,296507000
2024-05-15,94.58700561523438,94.81890247189259,91.5573844071605,92.42998889004295,417735000
2024-05-16,94.3161392211914,95.7754751109485,94.06025117593339,94.86689143447046,323952000
2024-05-17,92.4369888305664,94.69696338532674,91.7642980099601,94.32613733717375,359691000
2024-05-20,94.73694610595703,95.15675349579068,93.39755844526998,93.70741519120496,318764000
2024-05-21,95.34266662597656,95.35666020460762,93.13766755607001,93.55647591838027,328946000
2024-05-22,94.9068603515625,95.97637393636285,93.20663672986655,95.4156317928307,548648000
2024-05-23,103.7518539428711,106.27170489938443,101.4738822009577,101.98165468043742,835065000
2024-05-24,106.42063903808594,106.4266330182304,102.95321303565972,104.40155233715765,429494000
2024-05-28,113.84925079345703,114.88678119811563,109.83307860304417,110.19391464603646,652728000
2024-05-29,114.7728271484375,115.43952391941134,110.85061401228768,112.99863970593697,557442000
2024-05-30,110.44979858398438,115.76638234537347,109.61318085591911,114.59791471662285,484553000
2024-05-31,109.58319091796875,112.66578932071855,106.891413703224,112.46887260592086,613263000
2024-06-03,114.94776153564453,114.94776153564453,111.95212126824974,113.5693901392368,438392000
2024-06-04,116.38410186767578,116.54702983384996,113.99319020529364,115.66343635588582,403324000
2024-06-05,122.3843765258789,122.39336749547275,117.41463524122511,118.31722487581986,528402000
2024-06-06,120.94303131103516,125.52994340194898,118.26624653202215,123.99164111050369,664696000
2024-06-07,120.83308410644531,121.63671972354634,117.96838874257641,119.71558814229236,412386000
2024-06-10,121.73467254638672,123.04407498199869,116.95684528802722,120.31531947295237,313434100
2024-06-11,120.86499786376953,122.82426738641215,118.69579979713426,121.72467073332551,222551200
2024-06-12,125.15340423583984,126.83277933516129,122.52438572610106,123.01420123899119,299595000
2024-06-13,129.561767578125,129.75169931207168,127.11268237111577,129.34184822861945,260704500
2024-06-14,131.8309326171875,132.7905668615139,128.27225972601377,129.9116488754234,309320400
2024-06-17,130.93125915527344,133.68023590303568,129.53178618492996,132.94052101290185,288504400
2024-06-18,135.529541015625,136.2792618770274,130.64136160940566,131.09119107562512,294335100
2024-06-20,130.73133850097656,140.70762089792785,129.47181280958608,139.74798663394793,517768400
2024-06-21,126.52288818359375,130.5813821684496,124.25373647196925,127.07268651484108,649445800
2024-06-24,118.06603240966797,124.41366700261213,117.99605877326907,123.19411994547033,476060900
2024-06-25,126.0430679321289,126.45291899832442,119.27559095881188,121.15488851140898,414192600
2024-06-26,126.35295867919922,128.0723121328984,122.55436989135586,126.08305489542055,362975900
2024-06-27,123.94384765625,126.3629527063705,122.8742462250665,124.0538073233716,252571700
2024-06-28,123.4940185546875,127.6624646242392,122.7043116824408,124.53363237537093,315516700
2024-07-01,124.25374603271484,124.79353836567705,118.78578041896601,123.42405307864779,284885500
2024-07-02,122.62433624267578,123.36406628074265,120.9849473163218,121.0849085676254,218374000
2024-07-03,128.2322540283203,128.2322540283203,121.31483142526585,121.61472281837746,215749000
2024-07-05,125.78317260742188,128.80205294716893,125.63322690650442,127.33259117942191,214176700
2024-07-08,128.15228271484375,130.72133351853034,126.99271841631584,127.44254788203128,237677300
2024-07-09,131.33111572265625,133.77021018974597,128.60212062869667,130.30150022676182,285366600
2024-07-10,134.85980224609375,135.0497339856147,132.37072330988062,133.98012482225403,248978600
2024-07-11,127.35259246826172,136.0993287251507,127.00272423823502,135.6994836774376,374782700
2024-07-12,129.19189453125,131.87088955135133,127.17264222679036,128.21224836439907,252680500
2024-07-15,128.39219665527344,131.34109560506872,127.13266349593106,130.51140270339172,208326200
2024-07-16,126.31297302246094,128.9919682814133,124.53363670793642,128.3922007361648,214769500
2024-07-17,117.94609069824219,121.80465490136599,116.67656665415736,121.30484096444897,390086200
2024-07-18,121.04492950439453,122.35444713942657,116.51661668353269,121.80464878579994,320979500
2024-07-19,117.8861083984375,121.55474064508192,117.3263192631504,120.30520587770535,217223800
2024-07-22,123.4940185546875,124.02382006512462,119.81538796863644,120.3052034521371,258068900
2024-07-23,122.54436492919922,124.64358935199353,122.05454945627272,122.73429664640844,173911000
2024-07-24,114.20748138427734,119.90535705479644,113.39778526966548,119.12564855531016,327776900
2024-07-25,112.23820495605469,116.5865842364698,106.26043515376628,112.99792419777776,460067000
2024-07-26,113.01791381835938,116.15674442221705,111.53846898200278,116.14675363558489,293399100
2024-07-29,111.5484619140625,116.23671871019991,111.2585765650607,113.64768638350331,248152100
2024-07-30,103.69139099121094,111.94831080491622,102.50183151527264,111.4784845370564,486833300
2024-07-31,116.97643280029297,118.29594108970943,110.83871919064549,112.85797146215744,473174200
2024-08-01,109.16935729980469,120.11528690507727,106.77024891874801,117.4862607613273,523462300
2024-08-02,107.23007202148438,108.67953692460011,101.3322740328123,103.72138389300983,482027500
2024-08-05,100.41261291503906,103.37151801623692,90.65625074239716,92.02573599453234,552842400
2024-08-06,104.2112045288086,107.66991601333109,100.51258449303656,103.8013534449751,409012100
2024-08-07,98.8731918334961,108.75951041282163,98.65327249174283,107.76987337493198,411440400
2024-08-08,104.93093872070312,105.46074027148637,97.48370651422417,101.9620427269347,391910000
2024-08-09,104.71101379394531,106.5603237294343,103.39150538103131,105.60068194063821,290844200
2024-08-12,108.97942352294922,111.02866364109283,106.22045618169847,106.28043141146973,325559900
2024-08-13,116.09677124023438,116.18674170739067,111.53847094577725,112.3981514576694,312646700
2024-08-14,118.03606414794922,118.55586729976085,114.02755413739949,118.4858936518909,339246400
2024-08-15,122.81427764892578,123.1941334844724,117.42628417440801,118.71580500966671,318086700
2024-08-16,124.53363037109375,124.95347220733727,121.13489440174322,121.89461364819915,302589900
2024-08-19,129.9516143798828,129.9516143798828,123.37406160628171,124.23374212691918,318333600
2024-08-20,127.20264434814453,129.8316704836438,125.84314985736411,128.35221027833737,300087400
2024-08-21,128.45216369628906,129.30185337062085,126.61285232823225,127.27260266623372,257883600
2024-08-22,123.6939468383789,130.70134013517236,123.05418563063326,129.9716160825352,376189100
2024-08-23,129.32183837890625,129.5517637458536,125.1733892777955,125.81315043381734,323230300
2024-08-26,126.41293334960938,131.2111423152786,124.32371486411647,129.5217841101186,331964700
2024-08-27,128.25225830078125,129.15191727923408,123.83389733541988,125.00346773520825,303134600
2024-08-28,125.5632553100586,128.28224429229948,122.59435936439931,128.0723157316594,448101100
2024-08-29,117.54622650146484,124.38368445408784,116.66655680427645,121.31482748729027,453023300
2024-08-30,119.32557678222656,121.70468827145996,117.17637542296369,119.48551326917712,333751600
2024-09-03,107.95980834960938,116.16675212470322,107.25007348768284,115.96682960430755,477155100
2024-09-04,106.17047882080078,113.22784938600932,104.08126016116134,105.3707810731414,372470300
2024-09-05,107.17009735107422,109.60919166518133,104.72101224991617,104.95092237696757,306850700
2024-09-06,102.7917251586914,108.10974457653745,100.91242007486422,107.99978491199205,413638100
2024-09-09,106.43038177490234,106.51035383580418,103.6514174842849,104.840969477339,273912000
2024-09-10,108.05976104736328,109.3592802066297,104.910932028029,107.7698680771714,268283700
2024-09-11,116.86649322509766,117.14638779715078,107.38001963060195,109.34928767526075,441422400
2024-09-12,119.10585021972656,120.75537880467239,115.34692581517743,116.80650641923144,366052700
2024-09-13,119.06585693359375,119.92561101375162,117.56628692781244,119.04586602282129,238358300
2024-09-16,116.74651336669922,118.14611345715065,114.32720910628294,116.75651263492436,248772300
2024-09-17,115.5568618774414,118.76594842655497,114.7970852268969,118.13612413784692,231925900
2024-09-18,113.33749389648438,117.66624647223807,113.18753538354541,115.85676793047314,310318900
2024-09-19,117.83621215820312,119.62569992209964,117.21638715198857,117.31635695887289,293506400
2024-09-20,115.96675109863281,118.58600287786223,115.35692533181683,117.02644483175867,382462400
2024-09-23,116.22667694091797,116.9564634197924,114.82707671663402,116.51659472951452,206228500
2024-09-24,120.83535766601562,121.76509140434464,115.34692577819862,116.48659840876869,354966800
2024-09-25,123.47459411621094,124.90418446690079,121.57513728542474,121.98501577990396,284692900
2024-09-26,124.00444030761719,127.63339688941237,121.76508462125145,126.76365118817954,302582900
2024-09-27,121.36520385742188,123.99444725769884,119.22581786965418,123.93446689659378,271009200
2024-09-30,121.40518951416016,121.46516987339125,118.11613173565692,118.27608190267567,226553700
2024-10-01,116.96646118164062,122.4049042106216,115.7568089513518,121.7350904738439,302094500
2024-10-02,118.81593322753906,119.34578009653441,115.10699751736388,116.40662795721522,221845900
2024-10-03,122.81478118896484,124.3243504544059,120.30549859251518,120.88533415502995,277118000
2024-10-04,124.88418579101562,125.00415413490973,121.79507530101387,124.90418432860164,243678100
2024-10-07,127.68338775634766,130.60254885006705,124.91417756039569,124.95416700886946,346250200
2024-10-08,132.85189819335938,133.44172537204778,129.38289186465897,130.2226473652744,285722500
2024-10-09,132.61195373535156,134.48142784672734,131.34232891760084,134.0715417617464,246191600
2024-10-10,134.77134704589844,134.9612950129192,130.96244182735123,131.87218458812737,242311300
2024-10-11,134.76136779785156,135.74108264717918,133.62169514533127,133.97158567859756,170209500
2024-10-14,138.0304412841797,139.56000161928338,136.26094423310064,136.43089368651033,232347700
2024-10-15,131.56228637695312,138.53028982768672,128.70310551155586,137.8304782609884,377831000
2024-10-16,135.6811065673828,136.5808425435144,131.54229361922833,133.94159972519003,264879700
2024-10-17,136.8907470703125,140.84961880375567,136.83076670766295,139.30005999950754,306435900
2024-10-18,137.96043395996094,138.86016981880368,137.24063917112105,138.63024003343975,176090200
2024-10-21,143.66880798339844,143.66880798339844,137.96043821210023,138.090405825162,264554500
2024-10-22,143.54884338378906,144.37860733596548,141.73936457126644,142.86904559419827,226311600
2024-10-23,139.51998901367188,142.3891613712536,137.42060018656866,141.9892821435429,285930000
2024-10-24,140.3697509765625,141.30948393843238,138.42031305269128,140.77963709898057,172354900
2024-10-25,141.49942016601562,144.0886893234089,140.7596420534019,140.88959441527413,205122100
2024-10-28,140.479736328125,143.09898064959424,140.00986979275078,142.95902137870084,173586700
2024-10-29,141.20950317382812,142.2192081120129,138.86017082456863,140.2497716969522,157593600
2024-10-30,139.300048828125,140.28977049571748,136.77077537646986,139.49998843906093,179418100
2024-10-31,132.72193908691406,137.57055494467397,132.07213151004177,137.56056330274592,270039600
2024-11-01,135.36119079589844,137.2706470867555,134.53144208222884,134.6613944536623,207127800
2024-11-04,136.01100158691406,138.9201710380497,135.53114345978716,137.17067271068436,187528200
2024-11-05,139.86988830566406,140.32974787080795,137.29062621937655,137.41058693125512,160537400
2024-11-06,145.56826782226562,146.44802048986534,141.91932003814412,142.91903343153805,242043900
2024-11-07,148.83734130859375,148.88731477688594,146.12811118371621,146.3480493601011,207323300
2024-11-08,147.58767700195312,149.72706281958904,146.21805942983792,148.7273495355645,175665800
2024-11-11,145.2183380126953,148.80732009469307,143.52883547102425,148.63735542204353,182325600
2024-11-12,148.24746704101562,149.60707763368606,145.96812211424654,146.73790556674717,198634700
2024-11-13,146.22808837890625,149.2872090486766,145.85818403502842,149.02728904721945,191903300
2024-11-14,146.71791076660156,148.9572739334313,145.50826627914395,147.59766330614426,194463300
2024-11-15,141.9392852783203,145.19836028928967,140.03983617411208,144.8284560077565,250132900
2024-11-18,140.10980224609375,141.50940991238423,137.1106625740026,139.45999475223928,221205300
2024-11-19,146.9678497314453,147.08782570288798,140.94958652618317,141.2794937524248,227834900
2024-11-20,145.84817504882812,147.5176944558783,142.68907730947365,147.36774356025674,309871700
2024-11-21,146.62796020507812,152.84617867409492,140.65967008206871,149.30720000657334,400946600
2024-11-22,141.90928649902344,147.11779901269117,141.05953942682146,145.888140786496,236406200
2024-11-25,135.9810028076172,142.0092725854583,135.78106320516017,141.9492922301626,344941900
2024-11-26,136.88075256347656,139.26007526155422,135.63111085304342,137.66052777043362,190287700
2024-11-27,135.3011932373047,137.18065910710888,131.76221489663718,134.97128602051475,226370900
2024-11-29,138.2103729248047,139.31006372977,136.0110065692894,136.74079305563075,141863200
2024-12-02,138.5902557373047,140.40972595950504,137.78049042793322,138.79019534076207,171682800
2024-12-03,140.2198028564453,140.4997214017946,137.91046723010535,138.22037595856943,164414000
2024-12-04,145.09840393066406,145.74821154635353,140.2497877832653,141.95930442882306,231224300
2024-12-05,145.02841186523438,146.50808533514203,143.91865294893697,145.0784040292141,172621200
2024-12-06,142.4089813232422,145.66826585624298,141.27922253713282,144.56851457164973,188505600
2024-12-09,138.77975463867188,139.91950565348523,137.1001279875636,138.93972344033872,189308600
2024-12-10,135.04058837890625,141.78911819403848,133.76085313448985,138.97971741196267,210020900
2024-12-11,139.27964782714844,140.1394610798945,135.18055019628483,137.33007570041752,184905200
2024-12-12,137.31008911132812,138.4098556769623,135.77043117490655,137.05015122102654,159211400
2024-12-13,134.22076416015625,139.56960518418134,132.51112983721956,138.90974525213795,231514900
2024-12-16,131.9712371826172,134.37070812011547,130.39157963416955,134.1507548377073,237951100
2024-12-17,130.36160278320312,131.5613383936032,126.8323727744144,129.06188284882555,259410300
2024-12-18,128.88192749023438,136.67022414162827,128.2520598203989,133.83084634553458,277444500
2024-12-19,130.65151977539062,134.0007959707685,129.52177635647746,131.7312862928068,209719200
2024-12-20,134.670654296875,135.25052978203578,128.19207015255643,129.7817201303188,306528600
2024-12-23,139.6395721435547,139.75954112073697,135.09056027465786,136.25031123897003,176053500
2024-12-24,140.18946838378906,141.8690952419841,138.61980292789985,139.9695150682445,105157000
2024-12-26,139.89952087402344,140.81933395538283,137.70000300728188,139.6695752314167,116205600
2024-12-27,136.98016357421875,138.98973570413628,134.6806765533369,138.51983681592935,170582600
2024-12-30,137.46005249023438,140.23944563051566,133.99080722961983,134.80062832550155,167734700
2024-12-31,134.26075744628906,138.0399485497518,133.80086613446198,137.99994871496077,155659200
